year,snapshot,brand,name,price
2019,20190416125810,Audi,A3 Sportback 1.2 TFSI M/T Attraction,39900.0
2019,20190416125810,Audi,A3 Sportback 1.2 TFSI S tronic Attraction,42900.0
2019,20190416125810,Audi,A3 Sportback 2.0 TFSI S tronic Sport,58400.0
2019,20190416125810,Audi,A3 Sportback 2.0 TFSI S tronic S line,65400.0
2019,20190416125810,Audi,S3 Sportback 2.0 TFSI quattro S tronic,90900.0
2019,20190416125810,Audi,RS 3 Sportback 2.5 TFSI S tronic quattro,149000.0
2019,20190416125810,Audi,A3 Sedán 1.2 TFSI S tronic Attraction,45900.0
2019,20190416125810,Audi,A3 Sedán 2.0 TFSI S tronic Sport,61400.0
2019,20190416125810,Audi,A3 Sedán 2.0 TFSI S tronic S line,68400.0
2019,20190416125810,Audi,S3 Sedán 2.0 TFSI quattro S tronic,92900.0
2019,20190416125810,Audi,RS 3 Sedán 2.5 TFSI S tronic quattro,152000.0
2019,20190416125810,Audi,A4 Sedán 1.4 TFSI S tronic,58900.0
2019,20190416125810,Audi,A4 Sedán 2.0 TFSI (190 cv) S tronic,68900.0
2019,20190416125810,Audi,A4 Sedán 2.0 TFSI (252 cv) quattro S tronic,77000.0
2019,20190416125810,Audi,A4 Sedán 2.0 TFSI (252 cv) quattro S tronic Technology Package,84000.0
2019,20190416125810,Audi,S4 Sedán 3.0 V6 TFSI quattro tiptronic,132000.0
2019,20190416125810,Audi,A4 Avant 2.0 TFSI ultra (190 cv) S tronic,78000.0
2019,20190416125810,Audi,A5 Coupé Sport 2.0 TFSI quattro S tronic,104900.0
2019,20190416125810,Audi,A5 Sportback Design 2.0 TFSI quattro S tronic,106000.0
2019,20190416125810,Audi,A5 Sportback Sport S line 2.0 TFSI quattro S tronic,111000.0
2019,20190416125810,Audi,A6 Design 55 TFSI 3.0 MHEV S tronic quattro,142000.0
2019,20190416125810,Audi,TT Roadster 2.0 TFSI S tronic,105500.0
2019,20190416125810,Audi,TT RS Coupé 2.5 TFSI quattro S tronic,199000.0
2019,20190416125810,Audi,R8 Coupé V10 5.2 FSI quattro S tronic,390000.0
2019,20190416125810,Audi,R8 Coupé V10 plus 5.2 FSI quattro S tronic,444000.0
2019,20190416125810,Audi,Q2 Basic 1.0 TFSI S tronic,45900.0
2019,20190416125810,Audi,Q2 Design 1.0 TFSI S tronic,53900.0
2019,20190416125810,Audi,Q3 1.4 TFSI S tronic,57900.0
2019,20190416125810,Audi,Q3 1.4 TFSI S tronic Design,61900.0
2019,20190416125810,Audi,Q3 2.0 TFSI quattro S tronic Design,71900.0
2019,20190416125810,Audi,Q5 2.0 TFSI S tronic quattro,79900.0
2019,20190416125810,Audi,Q5 2.0 TFSI Design S tronic quattro,93400.0
2019,20190416125810,Audi,SQ5 3.0 TFSI quattro tiptronic,136000.0
2019,20190416125810,Audi,Q7 2.0 TFSI quattro tiptronic,120900.0
2019,20190416125810,Audi,Q7 3.0 FSI V6 quattro tiptronic,144900.0
2019,20190416125810,Audi,Q8 55 TFSI 3.0 MHEV tiptronic quattro,178000.0
2019,20190416125810,Audi,H2S Cargo Van 2.0,21390.0
2019,20190416125810,Bmw,118i City 1.5 T M/T,36900.0
2019,20190416125810,Bmw,118i Urban 1.5 T M/T,40900.0
2019,20190416125810,Bmw,118i Urban 1.5 T Steptronic,44900.0
2019,20190416125810,Bmw,120i M Sport 2.0 T Steptronic,57900.0
2019,20190416125810,Bmw,M140i (3 Puertas) 3.0 T Steptronic Shadow Line,99900.0
2019,20190416125810,Bmw,M Sport 2.0 T Steptronic,67900.0
2019,20190416125810,Bmw,M240i Coupé 3.0 T Steptronic Shadow Line,109900.0
2019,20190416125810,Bmw,M240i Cabrio 3.0 T Steptronic Shadow Line,129900.0
2019,20190416125810,Bmw,M2 Competition 3.0 T M-DCT Drivelogic,159900.0
2019,20190416125810,Bmw,218i Active Tourer 1.5 T DKG Steptronic,52900.0
2019,20190416125810,Bmw,225xe iPerformance Active Tourer 1.5 T Steptronic,66900.0
2019,20190416125810,Bmw,318i Sport Line 1.5 T Steptronic,58900.0
2019,20190416125810,Bmw,330e iPerformance 2.0 T Steptronic,66900.0
2019,20190416125810,Bmw,330e iPerformance Plus 2.0 T Steptronic,77900.0
2019,20190416125810,Bmw,320i Luxury Line 2.0 T Steptronic,71900.0
2019,20190416125810,Bmw,M3 3.0 T M-DKG Drivelogic,199900.0
2019,20190416125810,Bmw,3.0 T M-DKG Drivelogic,214900.0
2019,20190416125810,Bmw,420i Coupé 2.0 T Steptronic Sport Line,85900.0
2019,20190416125810,Bmw,430i Coupé 2.0 T Steptronic Sport M Sport,102900.0
2019,20190416125810,Bmw,440i Coupé 2.0 T Steptronic Sport M Sport,135900.0
2019,20190416125810,Bmw,M4 Coupé 3.0 T M-DKG Drivelogic,209900.0
2019,20190416125810,Bmw,430i Cabrio 2.0 T Steptronic Sport M Sport,122900.0
2019,20190416125810,Bmw,440i Cabrio 2.0 T Steptronic Sport M Sport,155900.0
2019,20190416125810,Bmw,M4 Cabrio 3.0 T M-DKG Drivelogic,229900.0
2019,20190416125810,Bmw,420i Gran Coupé 2.0 T Steptronic Sport Line,90900.0
2019,20190416125810,Bmw,430i Gran Coupé 2.0 T Steptronic Sport M Sport,106900.0
2019,20190416125810,Bmw,440i Gran Coupé 2.0 T Steptronic Sport M Sport,140900.0
2019,20190416125810,Bmw,520i Executive 2.0 T Steptronic,89900.0
2019,20190416125810,Bmw,530e iPerformance 2.0 T Steptronic,105900.0
2019,20190416125810,Bmw,530i Luxury Line 2.0 T Steptronic,115900.0
2019,20190416125810,Bmw,540i Sport Line 3.0 T Steptronic,139900.0
2019,20190416125810,Bmw,540i Sport 3.0 T Steptronic,149900.0
2019,20190416125810,Bmw,540i M Sport 3.0 T Steptronic,155900.0
2019,20190416125810,Bmw,M5 Competition 4.4 T M xDrive M Steptronic Drivelogic,299900.0
2019,20190416125810,Bmw,740i Pure Excellence 3.0 Steptronic,199900.0
2019,20190416125810,Bmw,M850i xDrive Coupé 4.4 Steptronic,249900.0
2019,20190416125810,Bmw,M850i xDrive Cabrio 4.4 Steptronic,269900.0
2019,20190416125810,Bmw,X1 sDrive 18i City 1.5 T M/T,41900.0
2019,20190416125810,Bmw,X1 sDrive 18i City 1.5 T DKG Steptronic,51900.0
2019,20190416125810,Bmw,X1 sDrive 20i Comfort 2.0 T DKG Steptronic,65900.0
2019,20190416125810,Bmw,X1 sDrive 20i M Sport 2.0 T DKG Steptronic,73900.0
2019,20190416125810,Bmw,X1 xDrive 25i xLine 2.0 T Steptronic,82900.0
2019,20190416125810,Bmw,X2 sDrive 18i City 1.5 T DKG Steptronic,58900.0
2019,20190416125810,Bmw,X2 sDrive 20i Urban 2.0 T DKG Steptronic,69900.0
2019,20190416125810,Bmw,X2 sDrive 20i M Sport X 2.0 T DKG Steptronic,82900.0
2019,20190416125810,Bmw,X2 M35i xDrive 2.0 T Steptronic Sport,102900.0
2019,20190416125810,Bmw,X3 sDrive 20i Business 2.0 T Steptronic,77900.0
2019,20190416125810,Bmw,X3 sDrive 20i Comfort Plus 2.0 T Steptronic,85900.0
2019,20190416125810,Bmw,X3 xDrive 30i xLine 2.0 T Steptronic,102900.0
2019,20190416125810,Bmw,X3 M40i xDrive 3.0 T Steptronic,139900.0
2019,20190416125810,Bmw,X4 xDrive 20i M Sport X 2.0 T Steptronic,99900.0
2019,20190416125810,Bmw,X4 xDrive 30i M Sport X 2.0 T Steptronic,115900.0
2019,20190416125810,Bmw,X4 M40i xDrive 3.0 T Steptronic,155900.0
2019,20190416125810,Bmw,X5 xDrive 40e iPerformance Pure Excelence 2.0 T Steptronic,129900.0
2019,20190416125810,Bmw,X5 xDrive 35i Pure Excellence 3.0 T Steptronic,147900.0
2019,20190416125810,Bmw,X5 M 4.4 T Steptronic,289900.0
2019,20190416125810,Bmw,X6 xDrive 35i M Sport 3.0 T Steptronic,159900.0
2019,20190416125810,Bmw,X6 xDrive 50i M Sport 4.4 T Steptronic,215900.0
2019,20190416125810,Bmw,X6 M 4.4 T Steptronic,299900.0
2019,20190416125810,Bmw,X7 xDrive 40i 3.0 Steptronic,199900.0
2019,20190416125810,Byd,F3 G-i 1.5,13990.0
2019,20190416125810,Byd,New F3 GLX-i 1.5 M/T,14990.0
2019,20190416125810,Byd,New F3 GS-i 1.5 M/T,15990.0
2019,20190416125810,Byd,New F3 GS-i 1.5 DCT,18990.0
2019,20190416125810,Byd,Qin 1.5 TI PHEV DCT GS-I,58000.0
2019,20190416125810,Byd,S1 1.5 G-i M/T,19990.0
2019,20190416125810,Byd,S1 1.5 GS-i M/T,23490.0
2019,20190416125810,Byd,S5 1.5TI GS-i M/T,28990.0
2019,20190416125810,Byd,S5 1.5TI GLX-i DCT,30990.0
2019,20190416125810,Changan,CS15 1.5 M/T Comfort Extra Full M/T,18990.0
2019,20190416125810,Changan,CS15 1.5 M/T Luxury Full M/T,20990.0
2019,20190416125810,Changan,CS15 1.5 M/T Luxury Extra Full DCT,22990.0
2019,20190416125810,Changan,Star MD201 1.2 Pick-Up Cabina Simple (sin a/a),10490.0
2019,20190416125810,Changan,Star MD201 1.2 Pick-Up Cabina Simple (con a/a),11490.0
2019,20190416125810,Changan,1.2 Pick-Up Cabina Doble (sin a/a),12490.0
2019,20190416125810,Changan,1.2 Pick-Up Cabina Doble (con a/a),13490.0
2019,20190416125810,Changan,Star M201 1.2 Cargo (sin a/a),12490.0
2019,20190416125810,Changan,Star M201 1.2 Cargo (con a/a),13490.0
2019,20190416125810,Changan,Star MD201 1.2 Box (sin a/a),14990.0
2019,20190416125810,Changan,Star MD201 1.2 Box (con a/a),15990.0
2019,20190416125810,Chery,Fulwin Hatch 1.5,14490.0
2019,20190416125810,Chery,Tiggo 2 1.5 M/T Comfort,18490.0
2019,20190416125810,Chery,Tiggo 2 1.5 M/T Luxury,19490.0
2019,20190416125810,Chery,Tiggo 3 1.6 2WD M/T,20490.0
2019,20190416125810,Chery,Tiggo 3 1.6 2WD CVT,21490.0
2019,20190416125810,Chery,Tiggo 5 2.0 2WD CVT Luxury,28990.0
2019,20190416125810,Chevrolet,Onix Joy 1.0,14490.0
2019,20190416125810,Chevrolet,Onix LT 1.0,15990.0
2019,20190416125810,Chevrolet,Onix LT 1.4,17290.0
2019,20190416125810,Chevrolet,Onix LTZ 1.4 M/T,19290.0
2019,20190416125810,Chevrolet,Onix LTZ 1.4 A/T,21990.0
2019,20190416125810,Chevrolet,Activ 1.4,20990.0
2019,20190416125810,Chevrolet,Prisma Joy 1.0,15890.0
2019,20190416125810,Chevrolet,Prisma LT 1.0,17490.0
2019,20190416125810,Chevrolet,Prisma LT 1.4,18990.0
2019,20190416125810,Chevrolet,Prisma LTZ 1.4 M/T,20490.0
2019,20190416125810,Chevrolet,Prisma LTZ 1.4 A/T,22490.0
2019,20190416125810,Chevrolet,Spin 1.8 LTZ M/T,26690.0
2019,20190416125810,Chevrolet,Spin 1.8 LTZ A/T,27690.0
2019,20190416125810,Chevrolet,LTZ+ 1.4 T A/T,33990.0
2019,20190416125810,Chevrolet,Cruze Sedán LTZ+ 1.4 T A/T,34990.0
2019,20190416125810,Chevrolet,Camaro Six Coupé SS 6.2 V8 A/T,96990.0
2019,20190416125810,Chevrolet,Tracker 1.8 LTZ FWD M/T,26990.0
2019,20190416125810,Chevrolet,Tracker 1.8 LTZ FWD A/T,28990.0
2019,20190416125810,Chevrolet,Equinox 1.5 T LS FWD A/T,36990.0
2019,20190416125810,Chevrolet,Equinox 1.5 T Premier AWD A/T,46990.0
2019,20190416125810,Chevrolet,S10 2.5 Ecotec SIDI Flex LT 4x2,34730.0
2019,20190416125810,Chevrolet,S10 2.5 Ecotec SIDI Flex LTZ 4x2,38730.0
2019,20190416125810,Chevrolet,S10 2.5 Ecotec SIDI Flex LT 4x4,37390.0
2019,20190416125810,Chevrolet,S10 2.5 Ecotec SIDI Flex LTZ 4x4,40890.0
2019,20190416125810,Chevrolet,S10 LT 2.8 CTDI 4x4 M/T,51190.0
2019,20190416125810,Chevrolet,S10 LTZ 2.8 CTDI 4x4 M/T,57930.0
2019,20190416125810,Chevrolet,S10 LTZ 2.8 CTDI 4x4 A/T,61090.0
2019,20190416125810,Chevrolet,S10 High Country 2.8 CTDI 4x4 A/T,64890.0
2019,20190416125810,Citroën,C1 1.0 VTi 68 Shine,20990.0
2019,20190416125810,Citroën,C1 1.0 VTi 68 Shine Airscape,22490.0
2019,20190416125810,Citroën,C3 1.2 PureTech 82 BVM5 Feel,21990.0
2019,20190416125810,Citroën,C3 1.2 PureTech 82 BVM5 Shine,23490.0
2019,20190416125810,Citroën,C3 1.2 PureTech 82 BVM5 Shine (c/ConnectedCAM),23790.0
2019,20190416125810,Citroën,C3 1.2 PureTech 110 S&S BVM5 Feel,26690.0
2019,20190416125810,Citroën,C3 1.2 PureTech 110 S&S BVM5 Shine,26990.0
2019,20190416125810,Citroën,C3 1.2 PureTech 110 S&S EAT6 Feel,26990.0
2019,20190416125810,Citroën,C3 1.2 PureTech 110 S&S EAT6 Shine,28990.0
2019,20190416125810,Citroën,C3 1.2 PureTech 110 S&S EAT6 Shine (c/ConnectedCAM),29290.0
2019,20190416125810,Citroën,C-Elysée 1.2 PureTech Feel,21490.0
2019,20190416125810,Citroën,C-Elysée 1.2 PureTech Feel Pack,22490.0
2019,20190416125810,Citroën,C-Elysée 1.6 VTi 115 Feel BVM5,22490.0
2019,20190416125810,Citroën,C-Elysée 1.6 VTi 115 Feel Pack BVM5,24690.0
2019,20190416125810,Citroën,C-Elysée 1.6 VTi 115 Feel Pack EAT6,27990.0
2019,20190416125810,Citroën,C4 Lounge Tendance 2.0 BVM5,29900.0
2019,20190416125810,Citroën,C4 Lounge Tendance 1.6 THP BVA6,34900.0
2019,20190416125810,Citroën,C4 Lounge Exclusive Pack Select 1.6 THP BVA6,39900.0
2019,20190416125810,Citroën,C4 Cactus 1.6 VTi 115 Feel Pack BVM5,23990.0
2019,20190416125810,Citroën,C4 Cactus 1.6 VTi 115 Feel Pack EAT6,25990.0
2019,20190416125810,Citroën,C4 Cactus 1.6 THP 165 Shine EAT6,29990.0
2019,20190416125810,Citroën,C3 Aircross 1.2 PureTech 82 BVM5 Feel,29990.0
2019,20190416125810,Citroën,C3 Aircross 1.2 PureTech 110 S&S BVM5 Feel,33990.0
2019,20190416125810,Citroën,C3 Aircross 1.2 PureTech 110 S&S EAT6 Feel,35990.0
2019,20190416125810,Citroën,C3 Aircross 1.2 PureTech 110 S&S EAT6 Shine,39990.0
2019,20190416125810,Citroën,C5 Aircross Shine 1.6 THP 163 EAT6,52900.0
2019,20190416125810,Citroën,Berlingo M69 Business 1.6,15490.0
2019,20190416125810,Citroën,Berlingo M69 Business 1.6 HDi,20990.0
2019,20190416125810,Citroën,K9 1.6 115 L2,22990.0
2019,20190416125810,Citroën,Berlingo Van K9 1.6 HDI 90 L2,27990.0
2019,20190416125810,Dfsk,Glory 580 1.5 T Luxury M/T,29950.0
2019,20190416125810,Dfsk,Glory 580 1.5 T Luxury CVT,32950.0
2019,20190416125810,Dfsk,Journey SE Blacktop (5 plazas) 2.4 FWD A/T,46990.0
2019,20190416125810,Dfsk,Journey SE (7 plazas) 2.4 FWD A/T,51900.0
2019,20190416125810,Dfsk,Journey SXT (7 plazas) 3.6 V6 AWD A/T,72900.0
2019,20190416125810,Dfsk,Durango Citadel 3.6 V6 AWD A/T,129000.0
2019,20190416125810,Dfsk,K01S 1.0 Pick-Up Cabina Simple,9940.0
2019,20190416125810,Dfsk,Pick-Up Cabina Simple (sin a/a),10740.0
2019,20190416125810,Dfsk,K01S 1.2 Pick-Up Cabina Simple (con a/a),11240.0
2019,20190416125810,Dfsk,K02S 1.0 Pick-Up Cabina Doble,11640.0
2019,20190416125810,Dfsk,Furgón,11640.0
2019,20190416125810,Dfsk,K02S 1.2 Pick-Up Cabina Doble (sin a/a),12240.0
2019,20190416125810,Dfsk,Furgón (sin a/a),12240.0
2019,20190416125810,Dfsk,Furgón (con a/a),13040.0
2019,20190416125810,Dfsk,Pick-Up Cabina Doble (con a/a),13140.0
2019,20190416125810,Dfsk,K01S 1.2 Box,13240.0
2019,20190416125810,Dfsk,A50 Sedán 1.5 Comfort,16990.0
2019,20190416125810,Dfsk,A50 Sedán 1.5 Luxury,18990.0
2019,20190416125810,Dfsk,A50 Wagon 1.5,20990.0
2019,20190416125810,Dfsk,D60 1.5 Comfort,17990.0
2019,20190416125810,Dfsk,D60 1.5 Luxury,19490.0
2019,20190416125810,Dfsk,R7 1.6 Basic,19990.0
2019,20190416125810,Dfsk,R7 1.6 Luxury,22490.0
2019,20190416125810,Dfsk,R7 1.6 Luxury Hi Tech,23990.0
2019,20190416125810,Dfsk,R7 1.6 Luxury Hi Tech A/T,27990.0
2019,20190416125810,Dfsk,T80 Pick-Up 1.5 Comfort,12390.0
2019,20190416125810,Dfsk,T80 Doble Cabina 1.5 STD,12490.0
2019,20190416125810,Dfsk,T80 Doble Cabina 1.5 Comfort,13890.0
2019,20190416125810,Dfsk,T80 Box 1.5 STD,15290.0
2019,20190416125810,Dfsk,T80 Box 1.5 Comfort,15890.0
2019,20190416125810,Dfsk,V80 Actis 1.5 Furgón Luxury,13390.0
2019,20190416125810,Dfsk,V80 Actis 1.5 Van Comfort,14390.0
2019,20190416125810,Dfsk,V80 Actis 1.5 Van Panorámica,17990.0
2019,20190416125810,Fiat,Mobi Easy 1.0,11990.0
2019,20190416125810,Fiat,Mobi Easy On 1.0,12990.0
2019,20190416125810,Fiat,Uno Way 1.4 L,13990.0
2019,20190416125810,Fiat,Uno Way 1.4 LX,15250.0
2019,20190416125810,Fiat,Argo Drive 1.3 M/T,19490.0
2019,20190416125810,Fiat,Argo HGT 1.8 M/T,24490.0
2019,20190416125810,Fiat,Argo HGT 1.8 AT6,26990.0
2019,20190416125810,Fiat,Cronos Drive 1.3 M/T,21390.0
2019,20190416125810,Fiat,Cronos 1.8 Precision M/T,24590.0
2019,20190416125810,Fiat,Cronos 1.8 Precision AT6,27390.0
2019,20190416125810,Fiat,Strada Working Cabina Simple 1.4,13990.0
2019,20190416125810,Fiat,Strada Working Cabina Extendida 1.4,14290.0
2019,20190416125810,Fiat,Strada Trekking Cabina Doble 1.4,14790.0
2019,20190416125810,Fiat,Strada Adventure Cabina Doble 1.6,16990.0
2019,20190416125810,Fiat,Strada Adventure Locker Cabina Doble 1.6,17590.0
2019,20190416125810,Fiat,Fiorino Forte 1.4,13290.0
2019,20190416125810,Fiat,Fiorino Comfort 1.4,15290.0
2019,20190416125810,Fiat,Toro Freedom 1.8 AT6 FWD,25990.0
2019,20190416125810,Ford,Fiesta Hatch 1.6 S Plus M/T,19490.0
2019,20190416125810,Ford,Fiesta Hatch 1.6 SE M/T,20990.0
2019,20190416125810,Ford,Fiesta Hatch 1.6 SE PowerShift,22990.0
2019,20190416125810,Ford,Focus Hatch 1.6 S M/T,26590.0
2019,20190416125810,Ford,Focus Hatch 2.0 SE Plus M/T,31990.0
2019,20190416125810,Ford,Focus Sedán 2.0 SE Plus M/T,31990.0
2019,20190416125810,Ford,Focus Hatch 2.0 SE Plus PowerShift,33490.0
2019,20190416125810,Ford,Focus Sedán 2.0 SE Plus PowerShift,33490.0
2019,20190416125810,Ford,Focus Hatch 2.0 Titanium PowerShift,35990.0
2019,20190416125810,Ford,Focus Sedán 2.0 Titanium PowerShift,35990.0
2019,20190416125810,Ford,Fusion 2.0 EcoBoost SE Luxury SelectShift,42990.0
2019,20190416125810,Ford,Mustang GT Premium Coupé 5.0 V8 A/T,99900.0
2019,20190416125810,Ford,Escape SE Plus 2.0 EcoBoost FWD SelectShift,48990.0
2019,20190416125810,Ford,EcoSport 1.5 SE M/T,23990.0
2019,20190416125810,Ford,EcoSport 1.5 SE A/T,27990.0
2019,20190416125810,Ford,EcoSport 1.5 Freestyle M/T,27990.0
2019,20190416125810,Ford,EcoSport 1.5 Titanium A/T,31990.0
2019,20190416125810,Ford,Explorer 3.5 V6 XLT AWD SelectShift,81990.0
2019,20190416125810,Ford,Ranger XL 2.5 4x2 Cabina Doble,27990.0
2019,20190416125810,Ford,Ranger XL 2.5 4x2 Cabina Simple,28990.0
2019,20190416125810,Ford,Ranger XLT 2.5 4x2 Cabina Doble,33990.0
2019,20190416125810,Ford,Ranger XL 2.2 TDCi 4x2 Cabina Doble,39990.0
2019,20190416125810,Ford,Ranger XL 2.2 TDCi 4x4 Cabina Simple,44990.0
2019,20190416125810,Ford,Ranger XL 2.2 TDCi 4x4 Cabina Doble,46990.0
2019,20190416125810,Ford,Ranger XLS 3.2 TDCi 4x2 Cabina Doble M/T,46990.0
2019,20190416125810,Ford,Ranger XLS 3.2 TDCi 4x4 Cabina Doble M/T,51490.0
2019,20190416125810,Ford,Ranger XLT 3.2 TDCi 4x4 Cabina Doble M/T,57490.0
2019,20190416125810,Ford,Ranger XLT 3.2 TDCi 4x4 Cabina Doble A/T,59490.0
2019,20190416125810,Ford,Ranger Limited 3.2 TDCi 4x4 Cabina Doble A/T,65990.0
2019,20190416125810,Geely,515 Hatchback GC 1.5,12990.0
2019,20190416125810,Geely,515 Sedán GC 1.5,14690.0
2019,20190416125810,Geely,Emgrand GS GS 1.8 M/T,22990.0
2019,20190416125810,Geely,Emgrand GS GC 1.8 M/T,25990.0
2019,20190416125810,Geely,Emgrand GS GT 1.8 A/T,31990.0
2019,20190416125810,Geely,Emgrand X7 Sport Active 2.4 A/T 2WD,34990.0
2019,20190416125810,Gwm,C30 Fashionable M/T,14950.0
2019,20190416125810,Gwm,C30 Intelligent M/T,17990.0
2019,20190416125810,Gwm,M4 Luxury 1.5 VVT,17990.0
2019,20190416125810,Gwm,Wingle5E Luxury 2.2 4x2,17250.0
2019,20190416125810,Gwm,Wingle5E Luxury 2.4 4x2,20950.0
2019,20190416125810,Gwm,Wingle5E Luxury 2.4 4x4,22950.0
2019,20190416125810,Gwm,Wingle5E Super Luxury 2.0 TDI 4x2,30500.0
2019,20190416125810,Gwm,Wingle5E Super Luxury 2.0 TDI 4x4,34500.0
2019,20190416125810,Gwm,Wingle 6 2.4 Dignity 4x2,23990.0
2019,20190416125810,Gwm,Wingle 6 2.4 Dignity 4x4,25990.0
2019,20190416125810,Gwm,S5 1.6 Elite M/T,25990.0
2019,20190416125810,Gwm,S5 1.5 T Elite CVT,29500.0
2019,20190416125810,Gwm,S5 1.5 T Noble CVT,32450.0
2019,20190416125810,Gwm,H2 City 1.5 T M/T,24990.0
2019,20190416125810,Gwm,H2 Elite 1.5 T M/T,26490.0
2019,20190416125810,Gwm,H2 Elite 1.5 T A/T,27990.0
2019,20190416125810,Gwm,H2 Dignity 1.5 T A/T,32990.0
2019,20190416125810,Honda,Fit 1.5 EX CVT,28800.0
2019,20190416125810,Honda,WR-V 1.5 LX M/T,24900.0
2019,20190416125810,Honda,WR-V 1.5 EXC CVT,28900.0
2019,20190416125810,Honda,HR-V 1.8 EX-L CVT 2WD,41600.0
2019,20190416125810,Honda,HR-V 1.8 EX-L CVT AWD,43600.0
2019,20190416125810,Honda,Civic 2.0 LXS CVT,35900.0
2019,20190416125810,Honda,Civic 2.0 EXS CVT,39900.0
2019,20190416125810,Honda,Civic 1.5 T EXT CVT,44900.0
2019,20190416125810,Honda,Civic Coupé 1.5 T EX A/T,54900.0
2019,20190416125810,Honda,Accord 2.0 T Premium A/T,74900.0
2019,20190416125810,Honda,CR-V 1.5 T EX 2WD CVT,51900.0
2019,20190416125810,Honda,CR-V 1.5 T EX-L AWD CVT,57500.0
2019,20190416125810,Honda,Pilot EX-L 3.5 V6 4WD A/T,96800.0
2019,20190416125810,Honda,Odyssey EX-LRES 3.5 V6 A/T,98500.0
2019,20190416125810,Honda,Ridgeline RTL-T 3.5 V6 AWD A/T,92900.0
2019,20190416125810,Hyundai,Grand i10 Hatch 1.0 GL Full,16990.0
2019,20190416125810,Hyundai,Grand i10 Hatch 1.25 GL Super Full M/T,17990.0
2019,20190416125810,Hyundai,Grand i10 Sedán 1.25 GL Super Full M/T,18990.0
2019,20190416125810,Hyundai,Grand i10 Hatch 1.25 GL Full A/T,20990.0
2019,20190416125810,Hyundai,Grand i10 Sedán 1.25 GL Full A/T,21990.0
2019,20190416125810,Hyundai,HB20 1.6 Comfort Plus,18490.0
2019,20190416125810,Hyundai,HB20S 1.6 Comfort Plus,19490.0
2019,20190416125810,Hyundai,HB20 1.6 Sport,20490.0
2019,20190416125810,Hyundai,HB20S 1.6 Sport,21490.0
2019,20190416125810,Hyundai,i20 1.4 GL Super Full M/T,24990.0
2019,20190416125810,Hyundai,i20 1.4 GL Super Full A/T,26990.0
2019,20190416125810,Hyundai,i20 Active 1.4 GL Super Full M/T,26990.0
2019,20190416125810,Hyundai,i20 Active 1.4 GL Super Full A/T,27990.0
2019,20190416125810,Hyundai,Accent 1.4 GL Full Sedán,23990.0
2019,20190416125810,Hyundai,Accent 1.4 GL Super Full Sedán,25990.0
2019,20190416125810,Hyundai,Ioniq Hybrid 1.6 GDi GLS DCT,34990.0
2019,20190416125810,Hyundai,Ioniq Hybrid 1.6 GDi GLS DCT Extra Full,39990.0
2019,20190416125810,Hyundai,Sonata Hybrid GLS 2.0 GDi A/T,51900.0
2019,20190416125810,Hyundai,Creta 1.6 Premium M/T,32990.0
2019,20190416125810,Hyundai,Creta 1.6 Premium A/T,34990.0
2019,20190416125810,Hyundai,Tucson 2.0 2WD GLValue A/T,39990.0
2019,20190416125810,Hyundai,Tucson 1.6 T-GDi 2WD GL Sport DCT,45990.0
2019,20190416125810,Hyundai,Tucson 1.6 T-GDi 2WD GLS Safe DCT,50990.0
2019,20190416125810,Hyundai,Tucson 1.6 T-GDi 2WD GLS Safe + Techo DCT,52990.0
2019,20190416125810,Hyundai,Tucson 1.6 T-GDi 2WD GLS Limited DCT,57990.0
2019,20190416125810,Hyundai,Santa Fe 2.4 2WD Premium A/T,59990.0
2019,20190416125810,Hyundai,Santa Fe 2.4 AWD Limited A/T,69990.0
2019,20190416125810,Hyundai,Santa Fe 3.5 V6 AWD Limited A/T,79990.0
2019,20190416125810,Hyundai,H-1 G-Starex Furgón 2.4 MPI,33900.0
2019,20190416125810,Hyundai,H-1 G-Starex Furgón 2.4 MPI (+ a/a),35900.0
2019,20190416125810,Hyundai,H-1 G-Starex Furgón 2.4 MPI (c/portón trasero doble),36900.0
2019,20190416125810,Hyundai,H-1 G-Starex Furgón 2.5 TCi,37900.0
2019,20190416125810,Hyundai,H-1 G-Starex Minibus 9 pasajeros 2.5 TCi,38950.0
2019,20190416125810,Hyundai,H-1 G-Starex Minibus 9 pasajeros 2.4 MPI,41950.0
2019,20190416125810,Hyundai,H-1 G-Starex Minibus 12 pasajeros 2.5 VGTi GLS A/T,49900.0
2019,20190416125810,Jac,S1 Luxury 1.3,15490.0
2019,20190416125810,Jac,S2 Luxury 1.5 M/T,19990.0
2019,20190416125810,Jac,S2 Intelligent 1.5 M/T,20990.0
2019,20190416125810,Jac,S2 Eléctrico A/T,37990.0
2019,20190416125810,Jac,S3 Luxury 1.5 M/T,21990.0
2019,20190416125810,Jac,T6 2.0 Comfort,20990.0
2019,20190416125810,Jac,T6 2.0 Luxury,21990.0
2019,20190416125810,Jac,Sunray Furgón 2.8,33990.0
2019,20190416125810,Jac,Sunray Minibus 2.8,38990.0
2019,20190416125810,Jac,E-Pace Pure SE P250 AWD 2.0 A/T,105900.0
2019,20190416125810,Jac,E-Pace R-Dynamic HSE P250 AWD 2.0 A/T,125900.0
2019,20190416125810,Jac,F-Pace Prestige P250 25t AWD 2.0 A/T,129900.0
2019,20190416125810,Jeep,Renegade Sport 1.8 MT6 FWD,30990.0
2019,20190416125810,Jeep,Renegade Sport 1.8 AT6 FWD,34500.0
2019,20190416125810,Jeep,Renegade Sport Plus 1.8 MT6 FWD,34900.0
2019,20190416125810,Jeep,Renegade Longitude 1.8 AT6 FWD,36990.0
2019,20190416125810,Jeep,Compass Sport 2.4 MT6 FWD,41990.0
2019,20190416125810,Jeep,Compass Longitude 2.4 AT6 FWD,46990.0
2019,20190416125810,Jeep,Compass Limited 2.4 AT9 AWD,58990.0
2019,20190416125810,Jeep,Grand Cherokee Laredo 3.6 V6 AT8 4WD,99000.0
2019,20190416125810,Jeep,Grand Cherokee Limited 3.6 V6 AT8 4WD,125000.0
2019,20190416125810,Jeep,Grand Cherokee SRT8 6.4 V8 HEMI AT8 4WD,175000.0
2019,20190416125810,Jeep,Grand Cherokee Trackhawk 6.2 Supercharged V8 HEMI AT8 4WD,295000.0
2019,20190416125810,Jeep,Wrangler Sport 3.6 V6 AT8 4WD,108900.0
2019,20190416125810,Jeep,Wrangler Unlimited Rubicon 3.6 V6 AT8 4WD,129000.0
2019,20190416125810,Jmc,Vigus 2.4 TDCi SLX Doble Cabina 4x4,41468.0
2019,20190416125810,Kia,Picanto EX Plus 1.0 M/T,14990.0
2019,20190416125810,Kia,Picanto EX Plus 1.0 A/T,16990.0
2019,20190416125810,Kia,Rio Hatch LX Plus 1.4,22990.0
2019,20190416125810,Kia,Rio Sedán LX Plus 1.4,23490.0
2019,20190416125810,Kia,Rio Hatch EX Plus M/T 1.4,25990.0
2019,20190416125810,Kia,Rio Sedán EX Plus M/T 1.4,26490.0
2019,20190416125810,Kia,Rio Hatch EX Plus A/T 1.4,27490.0
2019,20190416125810,Kia,Rio Sedán EX Plus A/T 1.4,27990.0
2019,20190416125810,Kia,Soul 1.6 EX A/T,23990.0
2019,20190416125810,Kia,Carens EX 2.0 A/T,34990.0
2019,20190416125810,Kia,Sportage 2.0 2WD EX Plus A/T,38990.0
2019,20190416125810,Kia,Sportage 2.0 2WD EX Plus Techo A/T,41990.0
2019,20190416125810,Kia,Sorento 3.3 V6 SX A/T AWD,69990.0
2019,20190416125810,Kia,Grand Carnival EX 3.3 V6 A/T,79990.0
2019,20190416125810,Land Rover,Discovery Sport Pure S AWD 2.0 Si4 A/T,74900.0
2019,20190416125810,Land Rover,Discovery Sport HSE AWD 2.0 Si4 A/T,102900.0
2019,20190416125810,Land Rover,Range Rover Evoque SE Plus AWD 2.0 Si4 A/T,99900.0
2019,20190416125810,Land Rover,Range Rover Evoque HSE Dynamic AWD 2.0 Si4 A/T,119900.0
2019,20190416125810,Land Rover,Range Rover Velar S P250 AWD 2.0 Si4 A/T,135900.0
2019,20190416125810,Land Rover,650 VIP 1.5,16990.0
2019,20190416125810,Land Rover,X50 TX 1.5 M/T,14990.0
2019,20190416125810,Land Rover,X50 EX 1.5 M/T,16790.0
2019,20190416125810,Land Rover,X50 VIP 1.5 M/T,17790.0
2019,20190416125810,Land Rover,X70 EX 2.0 M/T,25490.0
2019,20190416125810,Land Rover,820 VIP 1.8 M/T,25990.0
2019,20190416125810,Land Rover,X7 VIP 1.8 M/T,21990.0
2019,20190416125810,Land Rover,Foison Mini Truck 1.3,9990.0
2019,20190416125810,Land Rover,Foison Mini Truck Full 1.3,10990.0
2019,20190416125810,Land Rover,Foison Minibus Full 1.3,11990.0
2019,20190416125810,Maserati,Ghibli 350 3.0 V6 A/T,154990.0
2019,20190416125810,Maserati,Ghibli 350 Ermenegildo Zegna Edition 3.0 V6 A/T,184990.0
2019,20190416125810,Maserati,Ghibli S Q4 3.0 V6 A/T,197490.0
2019,20190416125810,Maserati,Levante 350 Q4 Essence 3.0 V6 A/T,159500.0
2019,20190416125810,Maserati,Levante 350 Q4 Luxury 3.0 V6 A/T,179500.0
2019,20190416125810,Maserati,Levante S Q4 3.0 V6 A/T,215000.0
2019,20190416125810,Maserati,Levante GTS Q4 3.8 V8 A/T,359990.0
2019,20190416125810,Maserati,Levante Trofeo Q4 3.8 V8 A/T,399990.0
2019,20190416125810,Mercedes-Benz,Mazda2 1.5 SKYACTIV-G M/T,24990.0
2019,20190416125810,Mercedes-Benz,Mazda2 1.5 SKYACTIV-G A/T,26990.0
2019,20190416125810,Mercedes-Benz,Mazda3 Sedán 2.0 SKYACTIV-G A/T Full,37990.0
2019,20190416125810,Mercedes-Benz,Mazda3 Hatchback 2.0 SKYACTIV-G A/T Full,37990.0
2019,20190416125810,Mercedes-Benz,Mazda3 Sedán 2.0 SKYACTIV-G A/T Extra Full,40990.0
2019,20190416125810,Mercedes-Benz,Mazda3 Hatchback 2.0 SKYACTIV-G A/T Extra Full,40990.0
2019,20190416125810,Mercedes-Benz,MX-5 2.0 SKYACTIV-G M/T,64990.0
2019,20190416125810,Mercedes-Benz,MX-5 RF 2.0 SKYACTIV-G M/T,72990.0
2019,20190416125810,Mercedes-Benz,CX-3 2.0 SKYACTIV-G 2WD EX A/T,35500.0
2019,20190416125810,Mercedes-Benz,CX-3 2.0 SKYACTIV-G 2WD Full A/T,37990.0
2019,20190416125810,Mercedes-Benz,CX-3 2.0 SKYACTIV-G 2WD Extra Full A/T,40990.0
2019,20190416125810,Mercedes-Benz,CX-5 2.0 SKYACTIV-G AWD Full A/T,49900.0
2019,20190416125810,Mercedes-Benz,CX-5 2.0 SKYACTIV-G 2WD Extra Full A/T,51900.0
2019,20190416125810,Mercedes-Benz,CX-5 2.0 SKYACTIV-G AWD Extra Full A/T,56990.0
2019,20190416125810,Mercedes-Benz,CX-5 2.5 SKYACTIV-G AWD Extra Full A/T,61990.0
2019,20190416125810,Mercedes-Benz,CX-9 2.5 Turbo SKYACTIV-G AWD Full A/T,74900.0
2019,20190416125810,Mercedes-Benz,CX-9 2.5 Turbo SKYACTIV-G AWD Extra Full A/T,84990.0
2019,20190416125810,Mercedes-Benz,BT-50 2.5 MZ-CD 4x2 M/T,36990.0
2019,20190416125810,Mercedes-Benz,BT-50 2.2 MZ-CD eTGV 4x4 M/T,49990.0
2019,20190416125810,Mercedes-Benz,BT-50 2.2 MZ-CD Freestyle Cab 4x4 M/T,53290.0
2019,20190416125810,Mercedes-Benz,BT-50 3.2 MZ-CD eTGV 4x4 A/T,59990.0
2019,20190416125810,Mercedes-Benz,A 200 Style 7G-DCT,51990.0
2019,20190416125810,Mercedes-Benz,A 200 Progressive 7G-DCT,56990.0
2019,20190416125810,Mercedes-Benz,A 250 AMG Line 7G-DCT,76990.0
2019,20190416125810,Mercedes-Benz,C 200 Avantgarde 9G-TRONIC PLUS,57990.0
2019,20190416125810,Mercedes-Benz,C 300 Avantgarde 9G-TRONIC PLUS,70990.0
2019,20190416125810,Mercedes-Benz,C 43 4MATIC 9G-TRONIC PLUS,149990.0
2019,20190416125810,Mercedes-Benz,C 63 4MATIC 9G-TRONIC PLUS,202990.0
2019,20190416125810,Mercedes-Benz,C 63 S 4MATIC 9G-TRONIC PLUS,219990.0
2019,20190416125810,Mercedes-Benz,C 200 Coupé 9G-TRONIC PLUS,80990.0
2019,20190416125810,Mercedes-Benz,C 300 Coupé AMG Line 9G-TRONIC PLUS,99990.0
2019,20190416125810,Mercedes-Benz,C 200 Cabrio 9G-TRONIC PLUS,86990.0
2019,20190416125810,Mercedes-Benz,C 300 Cabrio AMG Line 9G-TRONIC PLUS,119990.0
2019,20190416125810,Mercedes-Benz,SLC 180 9G-TRONIC PLUS,69490.0
2019,20190416125810,Mercedes-Benz,SLC 200 9G-TRONIC PLUS,84990.0
2019,20190416125810,Mercedes-Benz,E 250 Avantgarde 9G-TRONIC,91990.0
2019,20190416125810,Mercedes-Benz,E 300 Avantgarde 9G-TRONIC,112990.0
2019,20190416125810,Mercedes-Benz,E 350 e Avantgarde 9G-TRONIC,95990.0
2019,20190416125810,Mercedes-Benz,E 450 Avantgarde 4MATIC 9G-TRONIC,140990.0
2019,20190416125810,Mercedes-Benz,GT S AMG SPEEDSHIFT DCT 7,384990.0
2019,20190416125810,Mercedes-Benz,180 Style M/T,39990.0
2019,20190416125810,Mercedes-Benz,GLA 180 Style 7G-DCT,45990.0
2019,20190416125810,Mercedes-Benz,GLA 200 Urban Plus 7G-DCT,57990.0
2019,20190416125810,Mercedes-Benz,GLC 350 e Exclusive 4MATIC 7G-TRONIC PLUS,79990.0
2019,20190416125810,Mercedes-Benz,GLC 350 e Exclusive Plus 4MATIC 7G-TRONIC PLUS,92990.0
2019,20190416125810,Mercedes-Benz,GLC Coupé 350 e AMG Line 4MATIC 7G-TRONIC PLUS,102990.0
2019,20190416125810,Mercedes-Benz,43 4MATIC 9G-TRONIC,166990.0
2019,20190416125810,Mercedes-Benz,Vito 111 CDI Furgón Largo,44700.0
2019,20190416125810,Mercedes-Benz,Vito 111 CDI Tourer Largo (9+1 pasajeros),49900.0
2019,20190416125810,Mini,Cooper Hatch 3 Door Blackstreet 1.5 T M/T,36900.0
2019,20190416125810,Mini,Cooper Hatch 3 Door Blackstreet 1.5 T Steptronic,40900.0
2019,20190416125810,Mini,Door JCW Sport 1.5 T Steptronic,46900.0
2019,20190416125810,Mini,Cooper S Hatch 3 Door JCW Sport 2.0 T DKG Steptronic,56900.0
2019,20190416125810,Mini,John Cooper Works Hatch Chili 2.0 T Steptronic,75900.0
2019,20190416125810,Mini,5 Door Pepper Plus 1.5 T M/T,42900.0
2019,20190416125810,Mini,Cooper Hatch 5 Door Pepper Plus 1.5 T Steptronic,46900.0
2019,20190416125810,Mini,Cooper S Hatch 5 Door Pepper Plus 2.0 T Steptronic,57900.0
2019,20190416125810,Mini,Cooper S Cabrio Chili 2.0 T DKG Steptronic,65900.0
2019,20190416125810,Mini,Cooper Countryman Pepper Plus 1.5 T Steptronic,49900.0
2019,20190416125810,Mini,Cooper S Countryman Chili 2.0 T Steptronic,61900.0
2019,20190416125810,Mini,Cooper S E Countryman Chili 1.5 T Steptronic ALL4,66900.0
2019,20190416125810,Mini,Cooper S Countryman Chili Plus ALL4 2.0 T Steptronic,69900.0
2019,20190416125810,Mitsubishi,Mirage G4 1.2 GLS M/T,19490.0
2019,20190416125810,Mitsubishi,Mirage G4 1.2 GLS CVT,20690.0
2019,20190416125810,Mitsubishi,Eclipse Cross 2.0 2WD GLS CVT,47990.0
2019,20190416125810,Mitsubishi,Eclipse Cross 2.0 4WD GLS CVT,50990.0
2019,20190416125810,Mitsubishi,Outlander 2.0 2WD GLS CVT,49990.0
2019,20190416125810,Mitsubishi,Outlander 3.0 V6 4WD GLS A/T,59990.0
2019,20190416125810,Mitsubishi,L200 2.4 GL 4x4 M/T,32990.0
2019,20190416125810,Mitsubishi,L200 2.4 GL 4x4 M/T (c/llantas de aleación),33990.0
2019,20190416125810,Mitsubishi,L200 2.5 Di-D GLS Sportero 4x4 M/T,51490.0
2019,20190416125810,Mitsubishi,L200 2.5 High Power Di-D GLS Sportero 4x4 A/T,56990.0
2019,20190416125810,Nissan,March Active 1.6 M/T,15990.0
2019,20190416125810,Nissan,March Advance 1.6 M/T,17690.0
2019,20190416125810,Nissan,March Advance 1.6 A/T,18990.0
2019,20190416125810,Nissan,Versa Drive 1.6 M/T,17990.0
2019,20190416125810,Nissan,Versa Drive 1.6 A/T,18990.0
2019,20190416125810,Nissan,Versa Sense 1.6 M/T,19490.0
2019,20190416125810,Nissan,Versa Sense 1.6 A/T,22990.0
2019,20190416125810,Nissan,Versa Advance 1.6 M/T,22490.0
2019,20190416125810,Nissan,Versa Advance 1.6 A/T,23990.0
2019,20190416125810,Nissan,Versa Exclusive 1.6 A/T,24490.0
2019,20190416125810,Nissan,Note Sense 1.6 M/T,19990.0
2019,20190416125810,Nissan,Note Advance 1.6 M/T,21990.0
2019,20190416125810,Nissan,Note Advance 1.6 CVT,24590.0
2019,20190416125810,Nissan,Sentra Sense 1.8 M/T,26990.0
2019,20190416125810,Nissan,Sentra Advance 1.8 M/T,28690.0
2019,20190416125810,Nissan,Sentra Advance 1.8 CVT,29990.0
2019,20190416125810,Nissan,Sentra SR 1.8 CVT,32290.0
2019,20190416125810,Nissan,Sentra Exclusive 1.8 CVT,33790.0
2019,20190416125810,Nissan,370Z Coupé 3.7 V6 A/T,98990.0
2019,20190416125810,Nissan,Kicks Sense 1.6 M/T,26690.0
2019,20190416125810,Nissan,Kicks Advance 1.6 M/T,28690.0
2019,20190416125810,Nissan,Kicks Advance 1.6 CVT,29990.0
2019,20190416125810,Nissan,Kicks Exclusive 1.6 CVT,32990.0
2019,20190416125810,Nissan,Qashqai Advance 2.0 M/T,39990.0
2019,20190416125810,Nissan,Qashqai Advance 2.0 CVT FWD,42990.0
2019,20190416125810,Nissan,Qashqai Exclusive 2.0 CVT AWD,49990.0
2019,20190416125810,Nissan,X-Trail Exclusive 2.0 CVT AWD,62990.0
2019,20190416125810,Nissan,Murano 3.5 V6 Exclusive A/T AWD,94990.0
2019,20190416125810,Nissan,NP300 Frontier C/D S 4x2 2.5 M/T,25974.0
2019,20190416125810,Nissan,NP300 Frontier C/D SE 4x2 2.5 M/T,28975.0
2019,20190416125810,Nissan,NP300 Frontier C/S S 4x2 2.5 DDTTi M/T,34953.0
2019,20190416125810,Nissan,NP300 Frontier C/D S 4x2 2.5 DDTTi M/T,39992.0
2019,20190416125810,Nissan,NP300 Frontier C/D XE 4x2 2.5 DDTTi High Power M/T,43664.0
2019,20190416125810,Nissan,NP300 Frontier C/D S 4x4 2.5 DDTTi High Power M/T,44884.0
2019,20190416125810,Nissan,NP300 Frontier C/D LE 4x2 2.5 DDTTi High Power M/T,49886.0
2019,20190416125810,Nissan,NP300 Frontier C/D SE 4x4 2.5 DDTTi High Power M/T,49959.0
2019,20190416125810,Nissan,NP300 Frontier C/D XE 4x4 2.5 DDTTi High Power M/T,54644.0
2019,20190416125810,Nissan,NP300 Frontier C/D LE 4x4 2.5 DDTTi High Power M/T,59254.0
2019,20190416125810,Nissan,NP300 Frontier C/D LE 4x4 2.5 DDTTi High Power A/T,63428.0
2019,20190416125810,Nissan,NP300 Frontier C/D 4x4 2.5 DDTTi High Power LE X-Gear A/T,63990.0
2019,20190416125810,Peugeot,108 1.0 VTi 68 Active,17490.0
2019,20190416125810,Peugeot,108 1.0 VTi 68 Allure TOP!,20990.0
2019,20190416125810,Peugeot,208 1.2 PureTech 82 Allure BVM5,19490.0
2019,20190416125810,Peugeot,208 1.6 VTi 115 Allure BVA6,22490.0
2019,20190416125810,Peugeot,208 1.6 VTi 115 Féline BVM5,21990.0
2019,20190416125810,Peugeot,208 1.2 PureTech 82 Active,23490.0
2019,20190416125810,Peugeot,208 1.2 PureTech 82 Active (c/ESP),23990.0
2019,20190416125810,Peugeot,208 GT 1.6 THP 165 BVM6,24990.0
2019,20190416125810,Peugeot,208 1.2 PureTech 110 Allure BVM5,29490.0
2019,20190416125810,Peugeot,208 1.2 PureTech 110 Allure BVM5 (c/Active City Brake),29990.0
2019,20190416125810,Peugeot,208 1.2 PureTech 110 Allure EAT6,31490.0
2019,20190416125810,Peugeot,208 1.2 PureTech 110 Allure EAT6 (c/Active City Brake),31990.0
2019,20190416125810,Peugeot,301 1.2 PureTech Active,19990.0
2019,20190416125810,Peugeot,301 1.2 PureTech Active Pack,21490.0
2019,20190416125810,Peugeot,308 1.2 PureTech 130 S&S Allure BVM6,33490.0
2019,20190416125810,Peugeot,308 1.2 PureTech 130 S&S Allure EAT6,35490.0
2019,20190416125810,Peugeot,308 1.6 THP 165 Allure EAT6,38490.0
2019,20190416125810,Peugeot,308 GT PureTech 225 S&S EAT8,49990.0
2019,20190416125810,Peugeot,GTi by Peugeot Sport 1.6 THP 270,59900.0
2019,20190416125810,Peugeot,2008 1.6 VTi Féline BVM5,23990.0
2019,20190416125810,Peugeot,2008 1.6 VTi Féline EAT6,25990.0
2019,20190416125810,Peugeot,2008 1.6 THP Griffe BVM6,28990.0
2019,20190416125810,Peugeot,2008 1.2 PureTech 110 S&S Active Pack BVM5,31990.0
2019,20190416125810,Peugeot,2008 1.2 PureTech 110 S&S Active Pack EAT6,33990.0
2019,20190416125810,Peugeot,3008 Allure 1.2 PureTech 130 S&S EAT6,47990.0
2019,20190416125810,Peugeot,3008 Allure 1.6 THP 165 EAT6,52000.0
2019,20190416125810,Peugeot,3008 GT Line 1.6 THP 165 EAT6,54000.0
2019,20190416125810,Peugeot,5008 GT Line 1.6 THP 165 EAT6,59500.0
2019,20190416125810,Peugeot,Partner M69 Confort 1.6,15490.0
2019,20190416125810,Peugeot,Partner M59 Confort 1.6 HDi,20990.0
2019,20190416125810,Peugeot,Partner K9 1.6 115 L2,22990.0
2019,20190416125810,Peugeot,Partner K9 1.6 HDI 92 L2,27990.0
2019,20190416125810,Peugeot,Partner B9 Electric Furgón L2 (chasis largo),43000.0
2019,20190416125810,Peugeot,Partner B9 Electric Teepe L1 (chasis corto),45000.0
2019,20190416125810,Peugeot,Boxer L1H1 2.2 HDi,35490.0
2019,20190416125810,Peugeot,Boxer L1H1 2.2 HDi (c/reg.-lim. de velocidad+radio+Bluetooth+sensores est.),35890.0
2019,20190416125810,Peugeot,Boxer L2H2 2.2 HDi,37590.0
2019,20190416125810,Peugeot,Boxer L2H2 2.2 HDi (c/reg.-lim. de velocidad+radio+Bluetooth+sensores est.),37990.0
2019,20190416125810,Peugeot,Boxer L4H2 2.2 HDi,42590.0
2019,20190416125810,Peugeot,Boxer L4H2 2.2 HDi (c/reg.-lim. de velocidad+radio+Bluetooth+sensores est.),42990.0
2019,20190416125810,Porsche,718 Boxster 2.0 T PDK,155000.0
2019,20190416125810,Porsche,718 Cayman S 2.5 T PDK,167500.0
2019,20190416125810,Porsche,718 Boxster S 2.5 T PDK,178500.0
2019,20190416125810,Porsche,911 Carrera S Coupé 3.0 T PDK,265000.0
2019,20190416125810,Porsche,911 Carrera S Cabriolet 3.0 T PDK,285000.0
2019,20190416125810,Porsche,Macan 2.0 T PDK,135000.0
2019,20190416125810,Porsche,Macan S 3.0 T V6 PDK,168000.0
2019,20190416125810,Porsche,Macan Turbo 3.6 T V6 PDK,198000.0
2019,20190416125810,Porsche,Cayenne 3.0 V6 Tiptronic S,175000.0
2019,20190416125810,Porsche,Cayenne S 2.9 V6 Tiptronic S,225000.0
2019,20190416125810,Ram,1500 Laramie 5.7 V8 Crew Cab A/T 4x4,74000.0
2019,20190416125810,Ram,2500 Laramie 5.7 V8 Crew Cab A/T 4x4,74000.0
2019,20190416125810,Ram,2500 Laramie Air 5.7 V8 Crew Cab A/T 4x4,76000.0
2019,20190416125810,Ram,2500 Laramie Air RamBox 5.7 V8 Crew Cab A/T 4x4,78000.0
2019,20190416125810,Renault,Kwid Life 1.0,11990.0
2019,20190416125810,Renault,Kwid Zen 1.0,12990.0
2019,20190416125810,Renault,Kwid Intense 1.0,13990.0
2019,20190416125810,Renault,Sandero Authentique 1.6,15390.0
2019,20190416125810,Renault,Sandero Expression 1.6,16390.0
2019,20190416125810,Renault,Sandero Privilège 1.6,18390.0
2019,20190416125810,Renault,Sandero Stepway Privilège 1.6,20990.0
2019,20190416125810,Renault,Logan Authentique 1.6,15990.0
2019,20190416125810,Renault,Logan Expression 1.6,16990.0
2019,20190416125810,Renault,Logan Privilège 1.6,18990.0
2019,20190416125810,Renault,Clio Authentique 1.2,21590.0
2019,20190416125810,Renault,Clio Expression 1.2,23990.0
2019,20190416125810,Renault,Clio Dynamique 0.9 TCe,26490.0
2019,20190416125810,Renault,Fluence Expression 1.6 M/T,25990.0
2019,20190416125810,Renault,Fluence Dynamique 2.0 M/T,28990.0
2019,20190416125810,Renault,Fluence Privilège 2.0 CVT,31990.0
2019,20190416125810,Renault,Duster Dynamique 1.6 2WD,21990.0
2019,20190416125810,Renault,Duster Privilège 2.0 2WD,24990.0
2019,20190416125810,Renault,Duster Privilège 2.0 4WD,27990.0
2019,20190416125810,Renault,Oroch Dynamique 1.6 2WD,19996.0
2019,20190416125810,Renault,Oroch Outsider 1.6 2WD,21460.0
2019,20190416125810,Renault,Oroch Privilège 2.0 2WD,22924.0
2019,20190416125810,Renault,Oroch Privilège 2.0 4WD,24388.0
2019,20190416125810,Renault,Grand Captur Zen 2.0 M/T,26990.0
2019,20190416125810,Renault,Grand Captur Zen 2.0 A/T,28990.0
2019,20190416125810,Renault,Grand Captur Intense 2.0 A/T,30990.0
2019,20190416125810,Renault,Koleos Zen 2.5 2WD CVT,44000.0
2019,20190416125810,Renault,Koleos Intense 2.5 2WD CVT,46050.0
2019,20190416125810,Renault,Koleos Intense 2.5 4WD CVT,51400.0
2019,20190416125810,Renault,Kangoo Express 1.6 Profesional,15490.0
2019,20190416125810,Renault,Kangoo Express 1.6 Confort,15990.0
2019,20190416125810,Renault,Kangoo Maxi Z.E. 44,56990.0
2019,20190416125810,Renault,Master L1H1 2.3 dCi,30488.0
2019,20190416125810,Renault,Master L3H2 Minibus 2.3 dCi,43664.0
2019,20190416125810,Seat,Ibiza 1.6 Reference M/T,21990.0
2019,20190416125810,Seat,Ibiza 1.6 Style M/T,22990.0
2019,20190416125810,Seat,Ibiza 1.6 Style Tiptronic,28950.0
2019,20190416125810,Seat,New Ibiza 1.0 Reference M/T,23450.0
2019,20190416125810,Seat,New Ibiza 1.0 Style M/T,25450.0
2019,20190416125810,Seat,New Ibiza 1.0 Style Plus M/T,28450.0
2019,20190416125810,Seat,Toledo 1.6 Reference M/T,26450.0
2019,20190416125810,Seat,León 1.6 Reference M/T,26950.0
2019,20190416125810,Seat,León 1.6 Style M/T,28950.0
2019,20190416125810,Seat,León 1.2 TSI Style M/T,31950.0
2019,20190416125810,Seat,León 1.6 Style Tiptronic,37950.0
2019,20190416125810,Seat,Arona 1.6 Style Tiptronic,31950.0
2019,20190416125810,Seat,Arona 1.6 FR M/T,34950.0
2019,20190416125810,Seat,Arona 1.6 FR Tiptronic,38950.0
2019,20190416125810,Subaru,XV 2.0-S CVT (JI),46800.0
2019,20190416125810,Subaru,XV 2.0-ES CVT EyeSight (JI),50800.0
2019,20190416125810,Subaru,2.0 M/T (OH),69800.0
2019,20190416125810,Subaru,WRX High +L 2.0 CVT (OH),73800.0
2019,20190416125810,Subaru,WRX High +L-ES 2.0 CVT EyeSight (OH),78800.0
2019,20190416125810,Subaru,WRX Premium-ES 2.0 CVT EyeSight (OH),81800.0
2019,20190416125810,Subaru,Outback 2.5i-S CVT AWD (ZU),68800.0
2019,20190416125810,Subaru,Outback 3.6R-S CVT AWD (ZU),78800.0
2019,20190416125810,Subaru,Outback 2.5i-ES CVT AWD EyeSight (ZU),72800.0
2019,20190416125810,Subaru,Outback 3.6R-S CVT AWD EyeSight (ZU),83800.0
2019,20190416125810,Subaru,Forester 2.0i-S CVT (WW),59800.0
2019,20190416125810,Subaru,Forester 2.0i-ES CVT EyeSight (WW),63800.0
2019,20190416125810,Subaru,Forester 2.5i-S CVT EyeSight (WW),66800.0
2019,20190416125810,Suzuki,Alto 800 0.8 STD,7990.0
2019,20190416125810,Suzuki,Alto 800 0.8 GA,9590.0
2019,20190416125810,Suzuki,Alto 800 0.8 GL,10390.0
2019,20190416125810,Suzuki,Alto K10 1.0,10990.0
2019,20190416125810,Suzuki,Celerio 1.0 GA M/T,11990.0
2019,20190416125810,Suzuki,Celerio 1.0 GL M/T,12990.0
2019,20190416125810,Suzuki,Celerio 1.0 GL AMT,14490.0
2019,20190416125810,Suzuki,Dzire 1.2 GO M/T,14990.0
2019,20190416125810,Suzuki,Dzire 1.2 GL M/T,16990.0
2019,20190416125810,Suzuki,Dzire 1.2 GL A/T,18990.0
2019,20190416125810,Suzuki,Baleno 1.4 GO M/T,16990.0
2019,20190416125810,Suzuki,Baleno 1.4 GL M/T,18990.0
2019,20190416125810,Suzuki,Baleno 1.4 GL A/T,20990.0
2019,20190416125810,Suzuki,Baleno 1.4 GLX M/T,22990.0
2019,20190416125810,Suzuki,Baleno 1.4 GLX A/T,24990.0
2019,20190416125810,Suzuki,Ertiga 1.5 GL M/T,26990.0
2019,20190416125810,Suzuki,Ertiga 1.5 GL A/T,28990.0
2019,20190416125810,Suzuki,Ertiga 1.5 GLX A/T,30990.0
2019,20190416125810,Suzuki,Jimny 1.5 GL M/T,26990.0
2019,20190416125810,Suzuki,Jimny 1.5 GLX A/T,31990.0
2019,20190416125810,Suzuki,Vitara 1.6 GL M/T,27990.0
2019,20190416125810,Suzuki,Vitara 1.4 Boosterjet Turbo GLX M/T,33990.0
2019,20190416125810,Suzuki,Vitara 1.4 Boosterjet Turbo GLX A/T,35990.0
2019,20190416125810,Toyota,Etios Sedán 1.5 X M/T,17990.0
2019,20190416125810,Toyota,Etios Sedán 1.5 XLS M/T,19990.0
2019,20190416125810,Toyota,Etios Sedán 1.5 XLS A/T,20990.0
2019,20190416125810,Toyota,Prius c 1.5 E-CVT,25990.0
2019,20190416125810,Toyota,Corolla 1.8 XLi M/T,25990.0
2019,20190416125810,Toyota,Corolla 1.8 XLi CVT-S,27990.0
2019,20190416125810,Toyota,Corolla 1.8 XEi M/T,31990.0
2019,20190416125810,Toyota,Corolla 1.8 XEi Plus CVT-S,34990.0
2019,20190416125810,Toyota,Corolla 1.8 SE-G CVT-S,37990.0
2019,20190416125810,Toyota,Prius 1.8 E-CVT,35990.0
2019,20190416125810,Toyota,Prius Plus 1.8 E-CVT,39990.0
2019,20190416125810,Toyota,Rush 1.5 S M/T,33990.0
2019,20190416125810,Toyota,Rush 1.5 S A/T,35990.0
2019,20190416125810,Toyota,Rush 1.5 S Plus A/T,37990.0
2019,20190416125810,Toyota,RAV4 Hybrid S 2.5 220H e-CVT 2WD,49990.0
2019,20190416125810,Toyota,RAV4 Hybrid S Plus 2.5 220H e-CVT 2WD,53990.0
2019,20190416125810,Toyota,RAV4 Hybrid Limited 2.5 220H e-CVT 2WD,59990.0
2019,20190416125810,Toyota,RAV4 Hybrid Limited 2.5 220H e-CVT AWD,63990.0
2019,20190416125810,Toyota,Fortuner 4.0 V6 SRX 4WD A/T,79990.0
2019,20190416125810,Toyota,4Runner 4.0 V6 Limited 4WD A/T,98900.0
2019,20190416125810,Toyota,4Runner 4.0 V6 Limited 4WD A/T (c/3 filas de asientos),101900.0
2019,20190416125810,Toyota,Land Cruiser Prado 4.0 V6 VX 4WD A/T,132990.0
2019,20190416125810,Toyota,Hilux Cabina Doble 2.7 VVT-i DX 4x2,29990.0
2019,20190416125810,Toyota,Hilux Cabina Doble 2.7 VVT-i DX 4x4,35990.0
2019,20190416125810,Toyota,Hilux Cabina Doble 2.7 VVT-i SR 4x4,38990.0
2019,20190416125810,Toyota,Hilux Cabina Doble 2.7 VVT-i SRV 4x4,40990.0
2019,20190416125810,Toyota,Hilux Cabina Simple 2.4 D-4D 4x2,42990.0
2019,20190416125810,Toyota,Hilux Cabina Doble 2.4 D-4D DX 4x2,45990.0
2019,20190416125810,Toyota,Hilux Cabina Doble 2.4 D-4D SR 4x2,47990.0
2019,20190416125810,Toyota,Hilux Cabina Simple 2.4 D-4D DX 4x4,49990.0
2019,20190416125810,Toyota,Hilux Cabina Doble 2.4 D-4D DX 4x4,53990.0
2019,20190416125810,Toyota,Hilux Cabina Doble 2.8 D-4D SRV 4x2,52990.0
2019,20190416125810,Toyota,Hilux Cabina Doble 2.4 D-4D SR 4x4,56990.0
2019,20190416125810,Toyota,Hilux Cabina Doble 2.8 D-4D SRV 4x4 M/T,62990.0
2019,20190416125810,Toyota,Hilux Cabina Doble 2.8 D-4D SRV 4x4 A/T,64990.0
2019,20190416125810,Toyota,Hilux Cabina Doble 2.8 D-4D SRV Plus 4x4 A/T,72990.0
2019,20190416125810,Toyota,Hilux Cabina Doble 2.8 D-4D GR-Sport 4x4 A/T,75990.0
2019,20190416125810,Victory,GHT1025D 1.2 Pick-Up Cabina Simple (sin a/a),10450.0
2019,20190416125810,Victory,GHT1025D 1.2 Pick-Up Cabina Simple (con a/a),11450.0
2019,20190416125810,Victory,GHT1025D 1.2 Pick-Up Cabina Simple (Box sin refrigeración),12890.0
2019,20190416125810,Victory,GHT1025D 1.2 Pick-Up Cabina Simple (Box alto sin refrigeración),13990.0
2019,20190416125810,Victory,GHT1025D 1.2 Pick-Up Cabina Simple (Box refrigerado),16990.0
2019,20190416125810,Victory,GHT1025S 1.2 Pick-Up Cabina Doble (sin a/a),12290.0
2019,20190416125810,Victory,GHT1025S 1.2 Pick-Up Cabina Doble (con a/a),12990.0
2019,20190416125810,Victory,GHT1025S 1.2 Pick-Up Cabina Doble (Box sin refrigeración),13990.0
2019,20190416125810,Victory,SCH5020XXYD 1.0 Furgón (sin a/a),10990.0
2019,20190416125810,Victory,SCH5020XXYD 1.0 Furgón (con a/a),11990.0
2019,20190416125810,Victory,SCH5020XXYD 1.2 Furgón (sin a/a),11990.0
2019,20190416125810,Victory,SCH5020XXYD 1.2 Furgón (con a/a),12990.0
2019,20190416125810,Victory,SCH6430 1.2 Mini Bus (11 pasajeros),16990.0
2019,20190416125810,Volkswagen,move up! 1.0,14890.0
2019,20190416125810,Volkswagen,high up! 1.0,16990.0
2019,20190416125810,Volkswagen,high up! 1.0 170 TSI,18990.0
2019,20190416125810,Volkswagen,Gol Hatch 1.6 Trendline,15490.0
2019,20190416125810,Volkswagen,Gol Hatch 1.6 Highline,17890.0
2019,20190416125810,Volkswagen,Gol Sedán 1.6 Trendline,17990.0
2019,20190416125810,Volkswagen,Gol Sedán 1.6 Comfortline,19690.0
2019,20190416125810,Volkswagen,Polo 1.6 Trendline M/T,19990.0
2019,20190416125810,Volkswagen,Polo 1.6 Comfortline M/T,23590.0
2019,20190416125810,Volkswagen,Polo 1.6 Highline M/T,24990.0
2019,20190416125810,Volkswagen,Polo 1.6 Highline Tiptronic,27690.0
2019,20190416125810,Volkswagen,Virtus 1.6 Trendline M/T,21990.0
2019,20190416125810,Volkswagen,Virtus 1.6 Comfortline M/T,24990.0
2019,20190416125810,Volkswagen,Virtus 1.6 Highline M/T,26590.0
2019,20190416125810,Volkswagen,Virtus 1.6 Highline Tiptronic,29290.0
2019,20190416125810,Volkswagen,Golf 1.4 TSI Highline M/T,33300.0
2019,20190416125810,Volkswagen,Golf 1.4 TSI Highline DSG,35800.0
2019,20190416125810,Volkswagen,GTI 2.0 TSI DSG,49300.0
2019,20190416125810,Volkswagen,The Beetle Design 1.4 TSI Comfortline DSG,34900.0
2019,20190416125810,Volkswagen,Vento 1.4 TSI Comfortline M/T,32900.0
2019,20190416125810,Volkswagen,Vento 1.4 TSI Comfortline Tiptronic,34900.0
2019,20190416125810,Volkswagen,Vento 1.4 TSI Highline Tiptronic,37900.0
2019,20190416125810,Volkswagen,Vento GLI 2.0 TSI DSG,44990.0
2019,20190416125810,Volkswagen,Tiguan Allspace 1.4 TSI Comfortline DSG,39990.0
2019,20190416125810,Volkswagen,Tiguan Allspace 1.4 TSI Highline DSG,46190.0
2019,20190416125810,Volkswagen,Tiguan Allspace 2.0 TSI Highline DSG 4MOTION,52290.0
2019,20190416125810,Volkswagen,Saveiro 1.6 Cabina Simple,14390.0
2019,20190416125810,Volkswagen,Saveiro 1.6 Cabina Extendida,16390.0
2019,20190416125810,Volkswagen,Saveiro 1.6 Cabina Doble,17490.0
2019,20190416125810,Volkswagen,Saveiro 1.6 16v Cabina Doble Cross,20990.0
2019,20190416125810,Volkswagen,Amarok 2.0 TSI Highline 4x2 M/T,35990.0
2019,20190416125810,Volkswagen,Amarok 2.0 TDI Highline 4x2 M/T,45690.0
2019,20190416125810,Volkswagen,Amarok 2.0 TDI Highline 4x2 A/T,50490.0
2019,20190416125810,Volkswagen,Amarok 2.0 TDI Highline 4x4 M/T,53190.0
2019,20190416125810,Volkswagen,Amarok 2.0 TDI Highline 4x4 A/T,57990.0
2019,20190416125810,Volkswagen,Amarok 3.0 V6 TDI Highline 4x4 A/T,72390.0
2019,20190416125810,Nissan,Rich 2.4 4x2,20490.0
2019,20190416125810,Nissan,Rich 2.4 4x4,25490.0
2019,20190416125810,Nissan,Urban Ark 1.5 Luxury,18990.0
2019,20190416125810,Nissan,Grand Tiger TUV 2.4 4x2 Luxury,19990.0
2019,20190416125810,Nissan,Terralord 2.4 4x2 Luxury,25608.0
2020,20200225135208,Audi,A3 Sportback 1.0 TFSI S tronic Attraction,39900.0
2020,20200225135208,Audi,A3 Sportback 1.0 TFSI S tronic Attraction Plus,43900.0
2020,20200225135208,Audi,A3 Sportback 1.2 TFSI S tronic Attraction,42900.0
2020,20200225135208,Audi,A3 Sportback 2.0 TFSI S tronic Sport,58400.0
2020,20200225135208,Audi,A3 Sportback 2.0 TFSI S tronic S line,65400.0
2020,20200225135208,Audi,S3 Sportback 2.0 TFSI quattro S tronic,90900.0
2020,20200225135208,Audi,RS 3 Sportback 2.5 TFSI S tronic quattro,149000.0
2020,20200225135208,Audi,A3 Sedán 1.2 TFSI S tronic Attraction,45900.0
2020,20200225135208,Audi,A3 Sedán 2.0 TFSI S tronic Sport,61400.0
2020,20200225135208,Audi,A3 Sedán 2.0 TFSI S tronic S line,68400.0
2020,20200225135208,Audi,S3 Sedán 2.0 TFSI quattro S tronic,92900.0
2020,20200225135208,Audi,RS 3 Sedán 2.5 TFSI S tronic quattro,152000.0
2020,20200225135208,Audi,A4 Sedán 1.4 TFSI S tronic,58900.0
2020,20200225135208,Audi,A4 Sedán 2.0 TFSI (190 cv) S tronic,68900.0
2020,20200225135208,Audi,A4 Sedán 2.0 TFSI (252 cv) quattro S tronic,77000.0
2020,20200225135208,Audi,A4 Sedán 2.0 TFSI (252 cv) quattro S tronic Technology Package,84000.0
2020,20200225135208,Audi,S4 Sedán 3.0 V6 TFSI quattro tiptronic,132000.0
2020,20200225135208,Audi,A4 Avant 2.0 TFSI ultra (190 cv) S tronic,78000.0
2020,20200225135208,Audi,A5 Coupé Sport 2.0 TFSI quattro S tronic,104900.0
2020,20200225135208,Audi,A5 Sportback Design 2.0 TFSI quattro S tronic,106000.0
2020,20200225135208,Audi,A5 Sportback Sport S line 2.0 TFSI quattro S tronic,111000.0
2020,20200225135208,Audi,A6 Design 55 TFSI 3.0 MHEV S tronic quattro,142000.0
2020,20200225135208,Audi,TT RS Coupé 2.5 TFSI quattro S tronic,199000.0
2020,20200225135208,Audi,R8 Coupé V10 5.2 FSI quattro S tronic,390000.0
2020,20200225135208,Audi,R8 Coupé V10 plus 5.2 FSI quattro S tronic,444000.0
2020,20200225135208,Audi,Q2 Basic 1.0 TFSI S tronic,45900.0
2020,20200225135208,Audi,Q2 Design 1.0 TFSI S tronic,53900.0
2020,20200225135208,Audi,Q3 Advanced 1.4 TFSI S tronic,59900.0
2020,20200225135208,Audi,Q3 Advanced Plus 1.4 TFSI S tronic,63900.0
2020,20200225135208,Audi,Q3 S line 1.4 TFSI S tronic,70900.0
2020,20200225135208,Audi,Q3 Sportback S line 1.4 TFSI S tronic,73900.0
2020,20200225135208,Audi,Q3 Sportback S line 2.0 TFSI S tronic quattro,89990.0
2020,20200225135208,Audi,Q5 2.0 TFSI S tronic quattro,79900.0
2020,20200225135208,Audi,Q5 2.0 TFSI Design S tronic quattro,93400.0
2020,20200225135208,Audi,Q5 2.0 TFSI Sport off road package S tronic quattro,99900.0
2020,20200225135208,Audi,SQ5 3.0 TFSI quattro tiptronic,136000.0
2020,20200225135208,Audi,Q7 2.0 TFSI quattro tiptronic,120900.0
2020,20200225135208,Audi,Q7 3.0 FSI V6 quattro tiptronic,144900.0
2020,20200225135208,Audi,Q8 55 TFSI 3.0 MHEV tiptronic quattro,178000.0
2020,20200225135208,Audi,H2S Cargo Van 2.0,21390.0
2020,20200225135208,Bmw,118i Active 1.5 T M/T,33900.0
2020,20200225135208,Bmw,118i Active Plus 1.5 T M/T,35900.0
2020,20200225135208,Bmw,118i City 1.5 T M/T,40900.0
2020,20200225135208,Bmw,118i Urban 1.5 T Steptronic DKG,47900.0
2020,20200225135208,Bmw,M135i xDrive 2.0 T Steptronic DKG,105900.0
2020,20200225135208,Bmw,218i Gran Coupé Sport Line 1.5 T Steptronic DKG,58900.0
2020,20200225135208,Bmw,218i Gran Coupé M Sport 1.5 T Steptronic DKG,62900.0
2020,20200225135208,Bmw,220i Coupé M Sport 2.0 T Steptronic,68900.0
2020,20200225135208,Bmw,M240i Coupé 3.0 T Steptronic Shadow Line,109900.0
2020,20200225135208,Bmw,Cabrio 3.0 T Steptronic Shadow Line,129900.0
2020,20200225135208,Bmw,M2 Competition 3.0 T M-DCT Drivelogic,155900.0
2020,20200225135208,Bmw,218i Active Tourer 1.5 T DKG Steptronic,52900.0
2020,20200225135208,Bmw,225xe iPerformance Active Tourer 1.5 T Steptronic,66900.0
2020,20200225135208,Bmw,320i 2.0 T Sport Line Steptronic Sport,67900.0
2020,20200225135208,Bmw,330e iPerformance 2.0 T Sport Line Steptronic Sport,69900.0
2020,20200225135208,Bmw,330e iPerformance 2.0 T M Sport Steptronic Sport,79900.0
2020,20200225135208,Bmw,330i 2.0 T M Sport Steptronic Sport,89900.0
2020,20200225135208,Bmw,420i Coupé Sport Line 2.0 T Steptronic,85900.0
2020,20200225135208,Bmw,430i Coupé 2.0 T M Sport Steptronic Sport,102900.0
2020,20200225135208,Bmw,440i Coupé 2.0 T M Sport Steptronic Sport,135900.0
2020,20200225135208,Bmw,M4 Coupé 3.0 T M-DKG Drivelogic,229900.0
2020,20200225135208,Bmw,430i Cabrio 2.0 T M Sport Steptronic Sport,122900.0
2020,20200225135208,Bmw,440i Cabrio 2.0 T M Sport Steptronic Sport,155900.0
2020,20200225135208,Bmw,M4 Cabrio 3.0 T M-DKG Drivelogic,229900.0
2020,20200225135208,Bmw,430i Gran Coupé 2.0 T M Sport Steptronic Sport,107900.0
2020,20200225135208,Bmw,440i Gran Coupé 2.0 T M Sport Steptronic Sport,140900.0
2020,20200225135208,Bmw,520i Executive 2.0 T Steptronic,89900.0
2020,20200225135208,Bmw,530e iPerformance 2.0 T Steptronic,105900.0
2020,20200225135208,Bmw,530i Luxury Line 2.0 T Steptronic,115900.0
2020,20200225135208,Bmw,540i Sport Line 3.0 T Steptronic,139900.0
2020,20200225135208,Bmw,540i M Sport 3.0 T Steptronic,155900.0
2020,20200225135208,Bmw,M5 Competition 4.4 T M xDrive M Steptronic Drivelogic,299900.0
2020,20200225135208,Bmw,Z4 M40i 3.0 Steptronic Sport,159900.0
2020,20200225135208,Bmw,M850i Coupé xDrive 4.4 Steptronic,249900.0
2020,20200225135208,Bmw,M850i Gran Coupé xDrive 4.4 Steptronic,259900.0
2020,20200225135208,Bmw,M850i Cabrio xDrive 4.4 Steptronic,269900.0
2020,20200225135208,Bmw,X1 sDrive 18i City 1.5 T M/T,43900.0
2020,20200225135208,Bmw,X1 sDrive 18i City 1.5 T DKG Steptronic,51900.0
2020,20200225135208,Bmw,X1 sDrive 20i Comfort 2.0 T DKG Steptronic,65900.0
2020,20200225135208,Bmw,X1 sDrive 20i M Sport 2.0 T DKG Steptronic,73900.0
2020,20200225135208,Bmw,X1 xDrive 25i xLine 2.0 T Steptronic,82900.0
2020,20200225135208,Bmw,X2 sDrive 18i City 1.5 T DKG Steptronic,58900.0
2020,20200225135208,Bmw,X2 sDrive 20i Urban 2.0 T DKG Steptronic,69900.0
2020,20200225135208,Bmw,X2 sDrive 20i M Sport X 2.0 T DKG Steptronic,82900.0
2020,20200225135208,Bmw,X2 M35i xDrive 2.0 T Steptronic Sport,102900.0
2020,20200225135208,Bmw,X3 sDrive 20i Business 2.0 T Steptronic,77900.0
2020,20200225135208,Bmw,X3 sDrive 20i Comfort Plus 2.0 T Steptronic,85900.0
2020,20200225135208,Bmw,X3 xDrive 30i xLine 2.0 T Steptronic,102900.0
2020,20200225135208,Bmw,X3 M40i xDrive 3.0 T Steptronic,139900.0
2020,20200225135208,Bmw,X3 M 3.0 T M xDrive M Steptronic Drivelogic,179900.0
2020,20200225135208,Bmw,X3 M Competition 3.0 T M xDrive M Steptronic Drivelogic,199900.0
2020,20200225135208,Bmw,X4 xDrive 20i M Sport X 2.0 T Steptronic,99900.0
2020,20200225135208,Bmw,X4 xDrive 30i M Sport X 2.0 T Steptronic,115900.0
2020,20200225135208,Bmw,X4 M40i xDrive 3.0 T Steptronic,155900.0
2020,20200225135208,Bmw,X4 M 3.0 T M xDrive M Steptronic Drivelogic,189900.0
2020,20200225135208,Bmw,X4 M Competition 3.0 T M xDrive M Steptronic Drivelogic,209900.0
2020,20200225135208,Bmw,X5 xDrive 40e iPerformance Pure Excelence 2.0 T Steptronic,129900.0
2020,20200225135208,Bmw,X5 xDrive 40i 3.0 T Steptronic,152900.0
2020,20200225135208,Bmw,X6 xDrive 40i M Sport 3.0 T Steptronic Sport,169900.0
2020,20200225135208,Bmw,X7 xDrive 40i 3.0 Steptronic,199900.0
2020,20200225135208,Byd,F3 G-i 1.5,13990.0
2020,20200225135208,Byd,New F3 GLX-i 1.5 M/T,15990.0
2020,20200225135208,Byd,New F3 GS-i 1.5 M/T,16990.0
2020,20200225135208,Byd,New F3 GS-i 1.5 DCT,18990.0
2020,20200225135208,Byd,e1 GS (32 kWh),27990.0
2020,20200225135208,Byd,Qin 1.5TI PHEV DCT GS-i,58000.0
2020,20200225135208,Byd,S1 1.5 G-i M/T,18490.0
2020,20200225135208,Byd,S1 1.5 GS-i M/T,21490.0
2020,20200225135208,Byd,"Yuan EV300 GL A/T (40,62 kWh)",32990.0
2020,20200225135208,Byd,"Yuan EV400 GS A/T (53,22 kWh)",39990.0
2020,20200225135208,Byd,S5 1.5TI G M/T,33990.0
2020,20200225135208,Byd,S5 1.5TI GL M/T,35990.0
2020,20200225135208,Byd,S5 1.5TI GL DCT,37990.0
2020,20200225135208,Byd,Tang DM GS DCT AWD PHEV,83990.0
2020,20200225135208,Byd,"Tang EV500 GS A/T AWD (80,2 kWh)",84000.0
2020,20200225135208,Byd,T3 GL (50 kWh),46490.0
2020,20200225135208,Byd,M3 GS (50 kWh),50990.0
2020,20200225135208,Changan,CS15 1.5 Comfort Extra Full M/T,18990.0
2020,20200225135208,Changan,CS15 1.5 Luxury Full M/T,20990.0
2020,20200225135208,Changan,CS15 1.5 Luxury Extra Full DCT,22990.0
2020,20200225135208,Changan,CS35 Plus 1.6 Luxury M/T,23490.0
2020,20200225135208,Changan,CS35 Plus 1.6 Super Luxury A/T,25990.0
2020,20200225135208,Changan,CX70 1.6 Comfort M/T,21990.0
2020,20200225135208,Changan,CX70 1.6 Luxury M/T,23990.0
2020,20200225135208,Changan,CS55 1.5 T Luxury A/T,29990.0
2020,20200225135208,Changan,CS75 1.8 T Luxury A/T 4WD,29990.0
2020,20200225135208,Changan,Star MD201 1.2 Pick-Up Cabina Simple (sin a/a),10490.0
2020,20200225135208,Changan,Star MD201 1.2 Pick-Up Cabina Simple (con a/a),11490.0
2020,20200225135208,Changan,1.2 Pick-Up Cabina Doble (sin a/a),12490.0
2020,20200225135208,Changan,1.2 Pick-Up Cabina Doble (con a/a),13490.0
2020,20200225135208,Changan,Star M201 1.2 Cargo (sin a/a),12490.0
2020,20200225135208,Changan,Star M201 1.2 Cargo (con a/a),13490.0
2020,20200225135208,Changan,Star MD201 1.2 Box (sin a/a),14990.0
2020,20200225135208,Changan,Star MD201 1.2 Box (con a/a),15990.0
2020,20200225135208,Chery,QQ Comfort 1.0 M/T,10990.0
2020,20200225135208,Chery,Arrizo 5 1.5 M/T,17990.0
2020,20200225135208,Chery,Arrizo 5 1.5 Comfort M/T,19990.0
2020,20200225135208,Chery,Arrizo 5 1.5 Comfort CVT,22990.0
2020,20200225135208,Chery,Tiggo 2 1.5 Comfort M/T,17990.0
2020,20200225135208,Chery,Tiggo 2 1.5 Comfort A/T,19990.0
2020,20200225135208,Chery,Tiggo 4 2.0 Comfort M/T,23990.0
2020,20200225135208,Chery,Tiggo 4 2.0 Luxury CVT,26990.0
2020,20200225135208,Chery,Tiggo 4 1.5 T Luxury M/T,26990.0
2020,20200225135208,Chery,Tiggo 4 1.5 T Premium DCT,29990.0
2020,20200225135208,Chery,Tiggo 7 Luxury 1.5T DCT,31990.0
2020,20200225135208,Chery,Tiggo 8 Premium 2.0T CVT,38990.0
2020,20200225135208,Chevrolet,Joy Hatch 1.0,14490.0
2020,20200225135208,Chevrolet,Joy Plus 1.0,15490.0
2020,20200225135208,Chevrolet,Onix LT 1.0,16290.0
2020,20200225135208,Chevrolet,Onix LT 1.4,17590.0
2020,20200225135208,Chevrolet,Onix LTZ 1.4 M/T,19290.0
2020,20200225135208,Chevrolet,Onix LTZ 1.4 A/T,21990.0
2020,20200225135208,Chevrolet,Activ 1.4,21990.0
2020,20200225135208,Chevrolet,Prisma LT 1.0,17690.0
2020,20200225135208,Chevrolet,Prisma LT 1.4,19290.0
2020,20200225135208,Chevrolet,Prisma LTZ 1.4 M/T,20790.0
2020,20200225135208,Chevrolet,Prisma LTZ 1.4 A/T,22690.0
2020,20200225135208,Chevrolet,Spin 1.8 Premier M/T,26990.0
2020,20200225135208,Chevrolet,Spin 1.8 Premier A/T,27990.0
2020,20200225135208,Chevrolet,Cruze 5 Premier 1.4 Turbo A/T,29990.0
2020,20200225135208,Chevrolet,Cruze Sedán Premier 1.4 Turbo A/T,29990.0
2020,20200225135208,Chevrolet,Camaro Six II Coupé SS 6.2 V8 A/T,99990.0
2020,20200225135208,Chevrolet,Tracker 1.8 LTZ FWD M/T,26990.0
2020,20200225135208,Chevrolet,Tracker 1.8 LTZ FWD A/T,28990.0
2020,20200225135208,Chevrolet,Tracker 1.8 LTZ+ AWD A/T,34690.0
2020,20200225135208,Chevrolet,Captiva LT 1.5 T FWD M/T,29990.0
2020,20200225135208,Chevrolet,Captiva Premier 1.5 T FWD M/T,31990.0
2020,20200225135208,Chevrolet,Captiva LT 1.5 T FWD CVT,33990.0
2020,20200225135208,Chevrolet,Equinox 1.5 T LS FWD A/T,36990.0
2020,20200225135208,Chevrolet,Equinox 1.5 T Premier AWD A/T,47490.0
2020,20200225135208,Chevrolet,S10 2.5 Ecotec SIDI Flex LT 4x2,30990.0
2020,20200225135208,Chevrolet,S10 2.5 Ecotec SIDI Flex LTZ 4x2,34490.0
2020,20200225135208,Chevrolet,S10 2.5 Ecotec SIDI Flex LT 4x4,33490.0
2020,20200225135208,Chevrolet,S10 2.5 Ecotec SIDI Flex LTZ 4x4,36490.0
2020,20200225135208,Chevrolet,S10 LT 2.8 CTDI 4x4 M/T,42990.0
2020,20200225135208,Chevrolet,S10 LTZ 2.8 CTDI 4x4 M/T,47490.0
2020,20200225135208,Chevrolet,S10 LTZ 2.8 CTDI 4x4 A/T,56990.0
2020,20200225135208,Chevrolet,S10 High Country 2.8 CTDI 4x4 A/T,63390.0
2020,20200225135208,Citroën,C1 1.0 VTi 68 Shine,19990.0
2020,20200225135208,Citroën,C1 1.0 VTi 68 Shine Airscape,22490.0
2020,20200225135208,Citroën,C3 1.6 VTi 115 Live,16990.0
2020,20200225135208,Citroën,C3 1.6 VTi 115 Feel,17990.0
2020,20200225135208,Citroën,C3 1.2 PureTech 82 BVM5 Feel,21990.0
2020,20200225135208,Citroën,C3 1.2 PureTech 82 BVM5 Shine,23490.0
2020,20200225135208,Citroën,C3 1.2 PureTech 82 BVM5 Shine (c/ConnectedCAM),23790.0
2020,20200225135208,Citroën,C3 1.2 PureTech 110 S&S BVM5 Feel,26690.0
2020,20200225135208,Citroën,C3 1.2 PureTech 110 S&S BVM5 Shine,26990.0
2020,20200225135208,Citroën,C3 1.2 PureTech 110 S&S EAT6 Feel,26990.0
2020,20200225135208,Citroën,C3 1.2 PureTech 110 S&S EAT6 Shine,28990.0
2020,20200225135208,Citroën,C3 1.2 PureTech 110 S&S EAT6 Shine (c/ConnectedCAM),29290.0
2020,20200225135208,Citroën,C-Elysée 1.2 PureTech Feel,21490.0
2020,20200225135208,Citroën,C-Elysée 1.2 PureTech Feel Pack,22490.0
2020,20200225135208,Citroën,C-Elysée 1.6 VTi 115 Feel BVM5,23490.0
2020,20200225135208,Citroën,C-Elysée 1.6 VTi 115 Feel Pack BVM5,24690.0
2020,20200225135208,Citroën,C-Elysée 1.6 VTi 115 Feel Pack EAT6,27990.0
2020,20200225135208,Citroën,C4 Cactus 1.6 VTi 115 Feel Pack BVM5,24490.0
2020,20200225135208,Citroën,C4 Cactus 1.6 VTi 115 Feel Pack EAT6,26490.0
2020,20200225135208,Citroën,C4 Cactus 1.6 THP 165 Shine EAT6,29990.0
2020,20200225135208,Citroën,C3 Aircross 1.2 PureTech 82 BVM5 Feel,25490.0
2020,20200225135208,Citroën,C3 Aircross 1.2 PureTech 110 S&S BVM5 Feel,27490.0
2020,20200225135208,Citroën,C3 Aircross 1.2 PureTech 110 S&S EAT6 Feel,29490.0
2020,20200225135208,Citroën,C3 Aircross 1.2 PureTech 110 S&S EAT6 Shine,39990.0
2020,20200225135208,Citroën,C5 Aircross Feel 1.6 THP 163 EAT6,49990.0
2020,20200225135208,Citroën,C5 Aircross Shine 1.6 THP 163 EAT6,52900.0
2020,20200225135208,Citroën,Berlingo M69 Business 1.6,14990.0
2020,20200225135208,Citroën,Berlingo M69 Business 1.6 HDi,20990.0
2020,20200225135208,Citroën,K9 1.6 115 L2,22990.0
2020,20200225135208,Citroën,Berlingo Van K9 1.6 HDI 90 L2,27990.0
2020,20200225135208,Dfsk,Glory 580 1.5 T Luxury M/T,26990.0
2020,20200225135208,Dfsk,Glory 580 1.5 T Luxury CVT,29990.0
2020,20200225135208,Dfsk,Glory 560 1.8 Luxury CVT,31990.0
2020,20200225135208,Dfsk,Journey SE Blacktop (5 plazas) 2.4 FWD A/T,46990.0
2020,20200225135208,Dfsk,Journey SE (7 plazas) 2.4 FWD A/T,51900.0
2020,20200225135208,Dfsk,Journey SXT (7 plazas) 3.6 V6 AWD A/T,72900.0
2020,20200225135208,Dfsk,Durango Citadel 3.6 V6 AWD A/T,129000.0
2020,20200225135208,Dfsk,K01 1.0 Pick-Up Cabina Simple,8890.0
2020,20200225135208,Dfsk,K01S 1.0 Pick-Up Cabina Simple (sin a/a),9690.0
2020,20200225135208,Dfsk,K01S 1.0 Pick-Up Cabina Simple (con a/a),10190.0
2020,20200225135208,Dfsk,K01S 1.2 Pick-Up Cabina Simple (sin a/a),10490.0
2020,20200225135208,Dfsk,K01S 1.2 Pick-Up Cabina Simple (con a/a),10990.0
2020,20200225135208,Dfsk,K01 1.0 Box,10990.0
2020,20200225135208,Dfsk,K01 1.0 Box Corto,10990.0
2020,20200225135208,Dfsk,K01S 1.0 Box,11990.0
2020,20200225135208,Dfsk,K01S 1.2 Box,12990.0
2020,20200225135208,Dfsk,K02 1.0 Pick-Up Cabina Doble,8490.0
2020,20200225135208,Dfsk,K02S 1.0 Pick-Up Cabina Doble,11390.0
2020,20200225135208,Dfsk,K02S 1.2 Pick-Up Cabina Doble (sin a/a),11990.0
2020,20200225135208,Dfsk,K02S 1.2 Pick-Up Cabina Doble (con a/a),12890.0
2020,20200225135208,Dfsk,Furgón (sin a/a),11390.0
2020,20200225135208,Dfsk,Furgón (sin a/a),12190.0
2020,20200225135208,Dfsk,Furgón (sin a/a),11990.0
2020,20200225135208,Dfsk,Furgón (con a/a),12790.0
2020,20200225135208,Dfsk,A50 Sedán 1.5 Comfort,16990.0
2020,20200225135208,Dfsk,A50 Sedán 1.5 Luxury,18990.0
2020,20200225135208,Dfsk,A50 Wagon 1.5,20990.0
2020,20200225135208,Dfsk,D60 1.5 Comfort,17990.0
2020,20200225135208,Dfsk,D60 1.5 Luxury,19490.0
2020,20200225135208,Dfsk,R7 1.6 Basic,18990.0
2020,20200225135208,Dfsk,R7 1.6 Luxury,20990.0
2020,20200225135208,Dfsk,R7 1.6 Luxury Hi Tech,22490.0
2020,20200225135208,Dfsk,R7 1.6 Luxury Hi Tech A/T,25490.0
2020,20200225135208,Dfsk,X40 EV 400 (52 kWh),38900.0
2020,20200225135208,Dfsk,T80 Pick-Up 1.5 Comfort,12390.0
2020,20200225135208,Dfsk,T80 Doble Cabina 1.5 STD,12490.0
2020,20200225135208,Dfsk,T80 Doble Cabina 1.5 Comfort,13890.0
2020,20200225135208,Dfsk,T80 Box 1.5 STD,15290.0
2020,20200225135208,Dfsk,T80 Box 1.5 Comfort,15890.0
2020,20200225135208,Dfsk,V80 Actis 1.5 Furgón Luxury,13390.0
2020,20200225135208,Dfsk,V80 Actis 1.5 Van Comfort,14390.0
2020,20200225135208,Dfsk,V80 Actis 1.5 Van Panorámica,17990.0
2020,20200225135208,Fiat,Mobi Easy On 1.0,12990.0
2020,20200225135208,Fiat,Uno Attractive 1.4,13390.0
2020,20200225135208,Fiat,Argo Drive 1.3 M/T,17990.0
2020,20200225135208,Fiat,Argo Trekking 1.3 M/T,18990.0
2020,20200225135208,Fiat,Grand Siena Attractive 1.4,16290.0
2020,20200225135208,Fiat,Cronos Drive 1.3 M/T,19790.0
2020,20200225135208,Fiat,Strada Working Cabina Simple 1.4,13990.0
2020,20200225135208,Fiat,Strada Working Cabina Extendida 1.4,14690.0
2020,20200225135208,Fiat,Strada Trekking Cabina Doble 1.4,15290.0
2020,20200225135208,Fiat,Strada Adventure Cabina Doble 1.6,17490.0
2020,20200225135208,Fiat,Strada Adventure Locker Cabina Doble 1.6,18290.0
2020,20200225135208,Fiat,Fiorino Forte 1.4,13290.0
2020,20200225135208,Fiat,Fiorino Comfort 1.4,15290.0
2020,20200225135208,Fiat,Toro Freedom 1.8 AT6 FWD,25990.0
2020,20200225135208,Ford,Fiesta Hatch 1.6 S Plus M/T,18990.0
2020,20200225135208,Ford,Fiesta Hatch 1.6 SE M/T,20490.0
2020,20200225135208,Ford,Fiesta Hatch 1.6 SE PowerShift,22990.0
2020,20200225135208,Ford,Focus Hatch 1.6 S M/T,25590.0
2020,20200225135208,Ford,Focus Hatch 2.0 SE Plus M/T,31990.0
2020,20200225135208,Ford,Focus Sedán 2.0 SE Plus M/T,31990.0
2020,20200225135208,Ford,Focus Hatch 2.0 SE Plus PowerShift,33490.0
2020,20200225135208,Ford,Focus Sedán 2.0 SE Plus PowerShift,33490.0
2020,20200225135208,Ford,Focus Hatch 2.0 Titanium PowerShift,35990.0
2020,20200225135208,Ford,Focus Sedán 2.0 Titanium PowerShift,35990.0
2020,20200225135208,Ford,Fusion 2.0 EcoBoost SE Luxury SelectShift,42990.0
2020,20200225135208,Ford,Mustang GT Premium Coupé 5.0 V8 A/T,99900.0
2020,20200225135208,Ford,Escape SE Plus 2.0 EcoBoost FWD SelectShift,48990.0
2020,20200225135208,Ford,EcoSport 1.5 SE M/T,23990.0
2020,20200225135208,Ford,EcoSport 1.5 SE A/T,27990.0
2020,20200225135208,Ford,EcoSport 1.5 Freestyle M/T,25990.0
2020,20200225135208,Ford,EcoSport 1.5 Titanium A/T,29990.0
2020,20200225135208,Ford,Explorer 3.5 V6 XLT AWD SelectShift,81990.0
2020,20200225135208,Ford,Ranger XL Plus 2.5 4x2 Cabina Simple,27990.0
2020,20200225135208,Ford,Ranger XLT 2.5 4x2 Cabina Doble,33990.0
2020,20200225135208,Ford,Ranger XL Plus 2.2 TDCi 4x2 Cabina Simple,42990.0
2020,20200225135208,Ford,Ranger XL Plus 2.2 TDCi 4x4 Cabina Doble,42990.0
2020,20200225135208,Ford,Ranger XL Plus 2.2 TDCi 4x4 Cabina Doble,44990.0
2020,20200225135208,Ford,Ranger XLS 3.2 TDCi 4x2 Cabina Doble A/T,47990.0
2020,20200225135208,Ford,Ranger XLS 3.2 TDCi 4x4 Cabina Doble M/T,49990.0
2020,20200225135208,Ford,Ranger XLT 3.2 TDCi 4x4 Cabina Doble M/T,55990.0
2020,20200225135208,Ford,Ranger XLT 3.2 TDCi 4x4 Cabina Doble A/T,57990.0
2020,20200225135208,Ford,Ranger Limited 3.2 TDCi 4x4 Cabina Doble A/T,69990.0
2020,20200225135208,Ford,F-150 5.0 V8 XLT 4x4 SelectShift,69900.0
2020,20200225135208,Ford,F-150 5.0 V8 Lariat Sport 4x4 SelectShift,79900.0
2020,20200225135208,Ford,F-150 Raptor 3.5 V6 EcoBoost 4x4 SelectShift,119900.0
2020,20200225135208,Geely,GX3 1.5 GC,17990.0
2020,20200225135208,Geely,GX3 1.5 GF,18990.0
2020,20200225135208,Geely,Emgrand GS GS 1.8 M/T,22990.0
2020,20200225135208,Geely,Emgrand GS GC 1.8 M/T,25990.0
2020,20200225135208,Geely,Emgrand GS GT 1.8 A/T,31990.0
2020,20200225135208,Geely,Emgrand X7 Sport Drive 2.0 M/T 2WD,24990.0
2020,20200225135208,Geely,Emgrand X7 Sport Active 2.4 A/T 2WD,29990.0
2020,20200225135208,Geely,Emgrand X7 Sport Executive 2.4 A/T 4WD,31990.0
2020,20200225135208,Gwm,C30 Fashionable M/T,14950.0
2020,20200225135208,Gwm,C30 Intelligent M/T,17990.0
2020,20200225135208,Gwm,Wingle5E Luxury 2.2 4x2,17250.0
2020,20200225135208,Gwm,Wingle5E Luxury 2.4 4x2,20950.0
2020,20200225135208,Gwm,Wingle5E Luxury 2.4 4x4,22950.0
2020,20200225135208,Gwm,Wingle5E Super Luxury 2.0 TDI 4x2,30500.0
2020,20200225135208,Gwm,Wingle5E Super Luxury 2.0 TDI 4x4,34500.0
2020,20200225135208,Gwm,Wingle 6 2.4 Dignity 4x2,23990.0
2020,20200225135208,Gwm,Wingle 6 2.4 Dignity 4x4,25990.0
2020,20200225135208,Gwm,Family F7 1.5 T Elite M/T,23990.0
2020,20200225135208,Gwm,S5 1.6 Elite M/T,22450.0
2020,20200225135208,Gwm,S5 1.5 T Elite CVT,27450.0
2020,20200225135208,Gwm,H1 Comfort 1.5 M/T,15990.0
2020,20200225135208,Gwm,H1 Luxury 1.5 M/T,16990.0
2020,20200225135208,Gwm,H1 Elite 1.5 M/T,17990.0
2020,20200225135208,Gwm,H2 City 1.5 T M/T,24990.0
2020,20200225135208,Gwm,H2 Elite 1.5 T M/T,26490.0
2020,20200225135208,Gwm,H2 Elite 1.5 T A/T,27990.0
2020,20200225135208,Gwm,H2 Dignity 1.5 T A/T,32990.0
2020,20200225135208,Honda,Fit 1.5 EX CVT,28800.0
2020,20200225135208,Honda,WR-V 1.5 LX M/T,23900.0
2020,20200225135208,Honda,WR-V 1.5 EX CVT,26900.0
2020,20200225135208,Honda,WR-V 1.5 EXL CVT,29900.0
2020,20200225135208,Honda,HR-V 1.8 EX-L CVT 2WD,41600.0
2020,20200225135208,Honda,HR-V 1.8 EX-L CVT AWD,43600.0
2020,20200225135208,Honda,Civic 2.0 LXS CVT,35900.0
2020,20200225135208,Honda,Civic 2.0 EXS CVT,39900.0
2020,20200225135208,Honda,Civic 1.5 T EXT CVT,44900.0
2020,20200225135208,Honda,Civic Coupé 1.5 T EX A/T,54900.0
2020,20200225135208,Honda,Accord 2.0 T Premium A/T,74900.0
2020,20200225135208,Honda,CR-V 1.5 Turbo i-VTEC EX-L AWD CVT,59900.0
2020,20200225135208,Honda,Pilot EX-L 3.5 V6 4WD A/T,96800.0
2020,20200225135208,Honda,Odyssey EX-LRES 3.5 V6 A/T,98500.0
2020,20200225135208,Honda,Ridgeline RTL-T 3.5 V6 AWD A/T,92900.0
2020,20200225135208,Hyundai,Atos 1.0 Comofrt,14590.0
2020,20200225135208,Hyundai,Atos 1.0 Premium,15590.0
2020,20200225135208,Hyundai,Atos 1.1 Unique,15990.0
2020,20200225135208,Hyundai,Atos 1.1 Sky,17990.0
2020,20200225135208,Hyundai,Grand i10 Hatch 1.0 GL Full,16990.0
2020,20200225135208,Hyundai,Grand i10 Hatch 1.25 GL Super Full M/T,17990.0
2020,20200225135208,Hyundai,Grand i10 Sedán 1.25 GL Super Full M/T,18990.0
2020,20200225135208,Hyundai,Grand i10 Hatch 1.25 GL Full A/T,20990.0
2020,20200225135208,Hyundai,Grand i10 Sedán 1.25 GL Full A/T,21990.0
2020,20200225135208,Hyundai,HB20 1.6 Comfort M/T,17990.0
2020,20200225135208,Hyundai,HB20 1.6 Comfort A/T,19990.0
2020,20200225135208,Hyundai,HB20 1.6 Premium M/T,20990.0
2020,20200225135208,Hyundai,HB20 1.6 Premium A/T,22490.0
2020,20200225135208,Hyundai,HB20 1.6 Unique M/T,23990.0
2020,20200225135208,Hyundai,HB20 1.6 Unique A/T,25490.0
2020,20200225135208,Hyundai,HB20S 1.6 Comfort M/T,18990.0
2020,20200225135208,Hyundai,HB20S 1.6 Comfort A/T,20490.0
2020,20200225135208,Hyundai,HB20S 1.6 Premium M/T,21490.0
2020,20200225135208,Hyundai,HB20S 1.6 Unique M/T,23990.0
2020,20200225135208,Hyundai,HB20S 1.6 Unique A/T,25490.0
2020,20200225135208,Hyundai,Ioniq Hybrid 1.6 GDi GLS DCT,35990.0
2020,20200225135208,Hyundai,Ioniq Hybrid 1.6 GDi GLS DCT Extra Full,40990.0
2020,20200225135208,Hyundai,Veloster 1.6 T-GDi M/T,51990.0
2020,20200225135208,Hyundai,Veloster 1.6 T-GDi DCT,55990.0
2020,20200225135208,Hyundai,Sonata Hybrid GLS 2.0 GDi A/T,51900.0
2020,20200225135208,Hyundai,Creta 1.6 Sport M/T,26990.0
2020,20200225135208,Hyundai,Creta 1.6 Sport A/T,28490.0
2020,20200225135208,Hyundai,Creta 1.6 Premium M/T,28990.0
2020,20200225135208,Hyundai,Creta 1.6 Premium A/T,30990.0
2020,20200225135208,Hyundai,Tucson 2.0 2WD GL Value A/T,39990.0
2020,20200225135208,Hyundai,Tucson 1.6 T-GDi 2WD GL Sport DCT,45990.0
2020,20200225135208,Hyundai,Tucson 1.6 T-GDi 2WD GLS Safe DCT,50990.0
2020,20200225135208,Hyundai,Tucson 1.6 T-GDi 2WD GLS Safe + Techo DCT,52990.0
2020,20200225135208,Hyundai,Tucson 1.6 T-GDi 2WD GLS Limited DCT,57990.0
2020,20200225135208,Hyundai,Santa Fe 2.4 2WD Premium A/T,59990.0
2020,20200225135208,Hyundai,Santa Fe 2.4 AWD Limited A/T,69990.0
2020,20200225135208,Hyundai,Santa Fe 3.5 V6 AWD Limited A/T,79990.0
2020,20200225135208,Hyundai,H-1 G-Starex Furgón 2.4 MPI,33900.0
2020,20200225135208,Hyundai,H-1 G-Starex Furgón 2.4 MPI (+ a/a),35900.0
2020,20200225135208,Hyundai,H-1 G-Starex Furgón 2.4 MPI (c/portón trasero doble),36900.0
2020,20200225135208,Hyundai,H-1 G-Starex Furgón 2.5 TCi,37900.0
2020,20200225135208,Hyundai,H-1 G-Starex Minibus 9 pasajeros 2.5 TCi,38950.0
2020,20200225135208,Hyundai,H-1 G-Starex Minibus 9 pasajeros 2.4 MPI,41950.0
2020,20200225135208,Hyundai,H-1 G-Starex Minibus 12 pasajeros 2.5 VGTi GLS A/T,49900.0
2020,20200225135208,Jac,S1 Luxury 1.3,14490.0
2020,20200225135208,Jac,S2 Luxury 1.5 M/T,18990.0
2020,20200225135208,Jac,S2 Intelligent 1.5 M/T,19990.0
2020,20200225135208,Jac,S2 Eléctrico (33 kWh),37990.0
2020,20200225135208,Jac,S3 Luxury 1.5 M/T,21990.0
2020,20200225135208,Jac,T6 2.0 Comfort,20990.0
2020,20200225135208,Jac,T6 2.0 Luxury,21990.0
2020,20200225135208,Jac,Sunray Furgón 2.8,33990.0
2020,20200225135208,Jac,Sunray Minibus 2.8,38990.0
2020,20200225135208,Jac,E-Pace R-Dynamic S P200 AWD 2.0 A/T,97900.0
2020,20200225135208,Jac,F-Pace Prestige P250 25t AWD 2.0 A/T,129900.0
2020,20200225135208,Jeep,Renegade Sport 1.8 MT6 FWD,30990.0
2020,20200225135208,Jeep,Renegade Sport 1.8 AT6 FWD,34500.0
2020,20200225135208,Jeep,Renegade Sport Plus 1.8 MT6 FWD,34900.0
2020,20200225135208,Jeep,Renegade Longitude 1.8 AT6 FWD,36990.0
2020,20200225135208,Jeep,Compass Sport 2.4 MT6 FWD,41990.0
2020,20200225135208,Jeep,Compass Longitude 2.4 AT6 FWD,46990.0
2020,20200225135208,Jeep,Compass Limited 2.4 AT9 AWD,52990.0
2020,20200225135208,Jeep,Grand Cherokee Laredo 3.6 V6 AT8 4WD,99000.0
2020,20200225135208,Jeep,Grand Cherokee Limited 3.6 V6 AT8 4WD,125000.0
2020,20200225135208,Jeep,Grand Cherokee SRT8 6.4 V8 HEMI AT8 4WD,175000.0
2020,20200225135208,Jeep,Grand Cherokee Trackhawk 6.2 Supercharged V8 HEMI AT8 4WD,295000.0
2020,20200225135208,Jeep,Wrangler Sport 3.6 V6 AT8 4WD,108900.0
2020,20200225135208,Jeep,Wrangler Unlimited Rubicon 3.6 V6 AT8 4WD,129000.0
2020,20200225135208,Jeep,Gladiator Rubicon 3.6 V6 AT8 4WD,132000.0
2020,20200225135208,Jmc,Vigus 2.4 TDCi SLX Doble Cabina 4x4,41468.0
2020,20200225135208,Kia,Picanto EX Plus 1.0 M/T,16490.0
2020,20200225135208,Kia,Picanto EX Plus 1.0 A/T,18490.0
2020,20200225135208,Kia,Soluto EX Plus 1.4 M/T,18490.0
2020,20200225135208,Kia,Rio Hatch LX Plus 1.4,21990.0
2020,20200225135208,Kia,Rio Hatch EX Plus M/T 1.4,25990.0
2020,20200225135208,Kia,Rio Hatch EX Plus A/T 1.4,27490.0
2020,20200225135208,Kia,Rio Sedán LX Plus 1.4,22490.0
2020,20200225135208,Kia,Rio Sedán EX Plus M/T 1.4,26990.0
2020,20200225135208,Kia,Rio Sedán EX Plus A/T 1.4,28490.0
2020,20200225135208,Kia,Niro Hybrid Plus 1.6 GDi GLS DCT,43990.0
2020,20200225135208,Kia,Grand Carnival EX 3.3 V6 A/T,79990.0
2020,20200225135208,Land Rover,Discovery Sport Pure S AWD 2.0 Si4 A/T,75900.0
2020,20200225135208,Land Rover,Discovery Sport HSE AWD 2.0 Si4 A/T,102900.0
2020,20200225135208,Land Rover,Range Rover Evoque S AWD 2.0 Si4 P200 A/T,99900.0
2020,20200225135208,Land Rover,Range Rover Evoque SE R-Dynamic AWD 2.0 Si4 P300 A/T,136900.0
2020,20200225135208,Land Rover,Range Rover Velar S P250 AWD 2.0 Si4 A/T,135900.0
2020,20200225135208,Land Rover,X70 EX 2.0 M/T,25490.0
2020,20200225135208,Land Rover,X7 VIP 1.8 M/T,21990.0
2020,20200225135208,Maserati,Ghibli 350 3.0 V6 A/T,154990.0
2020,20200225135208,Maserati,Ghibli 350 Ermenegildo Zegna Edition 3.0 V6 A/T,184990.0
2020,20200225135208,Maserati,Ghibli S Q4 3.0 V6 A/T,197490.0
2020,20200225135208,Maserati,Levante 350 Q4 Essence 3.0 V6 A/T,159500.0
2020,20200225135208,Maserati,Levante 350 Q4 Luxury 3.0 V6 A/T,179500.0
2020,20200225135208,Maserati,Levante S Q4 3.0 V6 A/T,215000.0
2020,20200225135208,Maserati,Levante GTS Q4 3.8 V8 A/T,359990.0
2020,20200225135208,Maserati,Levante Trofeo Q4 3.8 V8 A/T,399990.0
2020,20200225135208,Mercedes-Benz,Mazda2 1.5 SKYACTIV-G M/T,24990.0
2020,20200225135208,Mercedes-Benz,Mazda2 1.5 SKYACTIV-G A/T,26990.0
2020,20200225135208,Mercedes-Benz,Mazda3 Sedán 2.0 SKYACTIV-G A/T Full,37990.0
2020,20200225135208,Mercedes-Benz,Mazda3 Hatchback 2.0 SKYACTIV-G A/T Full,37990.0
2020,20200225135208,Mercedes-Benz,Mazda3 Sedán 2.0 SKYACTIV-G A/T Extra Full,40990.0
2020,20200225135208,Mercedes-Benz,Mazda3 Hatchback 2.0 SKYACTIV-G A/T Extra Full,40990.0
2020,20200225135208,Mercedes-Benz,MX-5 2.0 SKYACTIV-G M/T,64990.0
2020,20200225135208,Mercedes-Benz,MX-5 RF 2.0 SKYACTIV-G M/T,72990.0
2020,20200225135208,Mercedes-Benz,CX-3 2.0 SKYACTIV-G 2WD EX A/T,35500.0
2020,20200225135208,Mercedes-Benz,CX-3 2.0 SKYACTIV-G 2WD Full A/T,37990.0
2020,20200225135208,Mercedes-Benz,CX-3 2.0 SKYACTIV-G 2WD Extra Full A/T,40990.0
2020,20200225135208,Mercedes-Benz,CX-5 2.0 SKYACTIV-G AWD Full A/T,49900.0
2020,20200225135208,Mercedes-Benz,CX-5 2.0 SKYACTIV-G 2WD Extra Full A/T,51900.0
2020,20200225135208,Mercedes-Benz,CX-5 2.0 SKYACTIV-G AWD Extra Full A/T,56990.0
2020,20200225135208,Mercedes-Benz,CX-5 2.5 SKYACTIV-G AWD Extra Full A/T,61990.0
2020,20200225135208,Mercedes-Benz,CX-9 2.5 Turbo SKYACTIV-G AWD Full A/T,74900.0
2020,20200225135208,Mercedes-Benz,CX-9 2.5 Turbo SKYACTIV-G AWD Extra Full A/T,84990.0
2020,20200225135208,Mercedes-Benz,BT-50 2.5 MZ-CD 4x2 M/T,36990.0
2020,20200225135208,Mercedes-Benz,BT-50 2.2 MZ-CD eTGV 4x4 M/T,49990.0
2020,20200225135208,Mercedes-Benz,BT-50 2.2 MZ-CD Freestyle Cab 4x4 M/T,53290.0
2020,20200225135208,Mercedes-Benz,BT-50 3.2 MZ-CD eTGV 4x4 A/T,59990.0
2020,20200225135208,Mercedes-Benz,A 200 7G-DCT,39990.0
2020,20200225135208,Mercedes-Benz,A 200 Style 7G-DCT,51990.0
2020,20200225135208,Mercedes-Benz,A 200 Progressive 7G-DCT,56990.0
2020,20200225135208,Mercedes-Benz,A 250 AMG Line 7G-DCT,76990.0
2020,20200225135208,Mercedes-Benz,A 35 4MATIC AMG SPEEDSHIFT DCT 7G,87990.0
2020,20200225135208,Mercedes-Benz,A 200 Sedán Style 7G-DCT,49990.0
2020,20200225135208,Mercedes-Benz,C 200 Avantgarde 9G-TRONIC PLUS,57990.0
2020,20200225135208,Mercedes-Benz,C 300 Avantgarde 9G-TRONIC PLUS,70990.0
2020,20200225135208,Mercedes-Benz,C 300 e Avantgarde 9G-TRONIC PLUS,62990.0
2020,20200225135208,Mercedes-Benz,C 300 e AMG Line 9G-TRONIC PLUS,79990.0
2020,20200225135208,Mercedes-Benz,C 43 4MATIC 9G-TRONIC PLUS,149990.0
2020,20200225135208,Mercedes-Benz,C 63 4MATIC 9G-TRONIC PLUS,202990.0
2020,20200225135208,Mercedes-Benz,C 63 S 4MATIC 9G-TRONIC PLUS,219990.0
2020,20200225135208,Mercedes-Benz,C 200 Coupé 9G-TRONIC PLUS,80990.0
2020,20200225135208,Mercedes-Benz,C 300 Coupé AMG Line 9G-TRONIC PLUS,99990.0
2020,20200225135208,Mercedes-Benz,C 200 Cabrio 9G-TRONIC PLUS,86990.0
2020,20200225135208,Mercedes-Benz,C 300 Cabrio AMG Line 9G-TRONIC PLUS,119990.0
2020,20200225135208,Mercedes-Benz,SLC 180 9G-TRONIC PLUS,69490.0
2020,20200225135208,Mercedes-Benz,SLC 200 9G-TRONIC PLUS,84990.0
2020,20200225135208,Mercedes-Benz,E 250 Avantgarde 9G-TRONIC,91990.0
2020,20200225135208,Mercedes-Benz,E 300 Avantgarde 9G-TRONIC,112990.0
2020,20200225135208,Mercedes-Benz,E 350 e Avantgarde 9G-TRONIC,95990.0
2020,20200225135208,Mercedes-Benz,E 450 Avantgarde 4MATIC 9G-TRONIC,140990.0
2020,20200225135208,Mercedes-Benz,GT S AMG SPEEDSHIFT DCT 7,384990.0
2020,20200225135208,Mercedes-Benz,GLA 180 Style 7G-DCT,46990.0
2020,20200225135208,Mercedes-Benz,GLA 200 Urban Plus 7G-DCT,53990.0
2020,20200225135208,Mercedes-Benz,GLA 250 Urban Plus 4MATIC 7G-DCT,63490.0
2020,20200225135208,Mercedes-Benz,GLE 450 4MATIC 9G-TRONIC,179990.0
2020,20200225135208,Mercedes-Benz,Vito 111 CDI Furgón Largo,44700.0
2020,20200225135208,Mercedes-Benz,Vito 111 CDI Tourer Largo (9+1 pasajeros),49900.0
2020,20200225135208,Mini,Cooper Hatch 3 Door Salt 1.5 T M/T,36900.0
2020,20200225135208,Mini,Cooper Hatch 3 Door Pepper Plus 1.5 T M/T,40900.0
2020,20200225135208,Mini,Cooper Hatch 3 Door Pepper Plus 1.5 T Steptronic,43900.0
2020,20200225135208,Mini,Door JCW Sport 1.5 T Steptronic,48900.0
2020,20200225135208,Mini,Cooper S Hatch 3 Door JCW Sport 2.0 T DKG Steptronic,58900.0
2020,20200225135208,Mini,John Cooper Works Hatch Chili 2.0 T Steptronic,75900.0
2020,20200225135208,Mini,Cooper S Cabrio Chili 2.0 T DKG Steptronic,65900.0
2020,20200225135208,Mini,Cooper Countryman Classic 1.5 T M/T,39900.0
2020,20200225135208,Mini,Cooper Countryman Pepper Plus 1.5 T Steptronic,51900.0
2020,20200225135208,Mini,Cooper S Countryman Chili 2.0 T Steptronic,62900.0
2020,20200225135208,Mini,Cooper S E Countryman Chili 1.5 T Steptronic ALL4,66900.0
2020,20200225135208,Mini,Cooper S Countryman Chili Plus 2.0 T Steptronic ALL4,69900.0
2020,20200225135208,Mitsubishi,Eclipse Cross 2.0 2WD GLS CVT,39990.0
2020,20200225135208,Mitsubishi,Eclipse Cross 2.0 4WD GLS CVT,42990.0
2020,20200225135208,Mitsubishi,Eclipse Cross 1.5 DIT 2WD GLS CVT,47990.0
2020,20200225135208,Mitsubishi,Eclipse Cross 1.5 DIT 4WD GLS CVT,50990.0
2020,20200225135208,Mitsubishi,Outlander 2.0 2WD GLS CVT,42990.0
2020,20200225135208,Mitsubishi,Outlander 3.0 V6 4WD GLS A/T,52990.0
2020,20200225135208,Mitsubishi,L200 2.4 MPI GL 4x4 M/T,34990.0
2020,20200225135208,Mitsubishi,L200 2.4 Di-D GLX Hi-Rider 4x2 M/T,49990.0
2020,20200225135208,Mitsubishi,L200 2.4 Di-D GLS 4x4 M/T,59990.0
2020,20200225135208,Mitsubishi,L200 2.4 High Power Di-D GLS 4x4 A/T,66990.0
2020,20200225135208,Nissan,March Active 1.6 M/T,15990.0
2020,20200225135208,Nissan,March Advance 1.6 M/T,17690.0
2020,20200225135208,Nissan,March Advance 1.6 A/T,18990.0
2020,20200225135208,Nissan,Versa Drive 1.6 M/T,17990.0
2020,20200225135208,Nissan,Versa Drive 1.6 A/T,18990.0
2020,20200225135208,Nissan,Versa Sense 1.6 M/T,20990.0
2020,20200225135208,Nissan,Versa Advance 1.6 M/T,22990.0
2020,20200225135208,Nissan,Versa Exclusive 1.6 CVT,25490.0
2020,20200225135208,Nissan,Note Sense 1.6 M/T,19990.0
2020,20200225135208,Nissan,Note Advance 1.6 M/T,21990.0
2020,20200225135208,Nissan,Note Advance 1.6 CVT,24590.0
2020,20200225135208,Nissan,Sentra Sense 1.8 M/T,26990.0
2020,20200225135208,Nissan,Sentra Advance 1.8 M/T,28690.0
2020,20200225135208,Nissan,Sentra Advance 1.8 CVT,29990.0
2020,20200225135208,Nissan,Sentra SR 1.8 CVT,32290.0
2020,20200225135208,Nissan,Sentra Exclusive 1.8 CVT,33790.0
2020,20200225135208,Nissan,Leaf Tekna (40 Kwh),52990.0
2020,20200225135208,Nissan,Kicks Sense 1.6 M/T,25490.0
2020,20200225135208,Nissan,Kicks Advance 1.6 M/T,26990.0
2020,20200225135208,Nissan,Kicks Advance 1.6 CVT,28490.0
2020,20200225135208,Nissan,Kicks Exclusive 1.6 CVT,30490.0
2020,20200225135208,Nissan,Qashqai Advance 2.0 M/T,37490.0
2020,20200225135208,Nissan,Qashqai Advance 2.0 CVT FWD,40990.0
2020,20200225135208,Nissan,Qashqai Exclusive 2.0 CVT AWD,46990.0
2020,20200225135208,Nissan,X-Trail Exclusive 2.0 CVT AWD,62990.0
2020,20200225135208,Nissan,Murano 3.5 V6 Exclusive A/T AWD,94990.0
2020,20200225135208,Nissan,Frontier C/S S 4x2 2.5 M/T,22990.0
2020,20200225135208,Nissan,Frontier C/D S 4x2 2.5 M/T,24388.0
2020,20200225135208,Nissan,Frontier C/D SE 4x2 2.5 M/T,26828.0
2020,20200225135208,Nissan,Frontier C/D SE Pack XE 4x2 2.5 M/T,29877.0
2020,20200225135208,Nissan,Frontier C/D SE Pack LE 4x2 2.5 M/T,31619.0
2020,20200225135208,Nissan,Frontier C/S S 4x2 2.5 DDTTi M/T,33205.0
2020,20200225135208,Nissan,Frontier C/D S 4x2 2.5 DDTTi M/T,36588.0
2020,20200225135208,Nissan,Frontier C/D SE 4x2 2.5 DDTTi M/T,39638.0
2020,20200225135208,Nissan,Frontier C/D XE 4x2 2.5 DDTTi High Power M/T,42688.0
2020,20200225135208,Nissan,Frontier C/S S 4x4 2.5 DDTTi High Power M/T,46348.0
2020,20200225135208,Nissan,Frontier C/D LE 4x2 2.5 DDTTi High Power M/T,46348.0
2020,20200225135208,Nissan,Frontier C/D SE 4x4 2.5 DDTTi High Power M/T,48788.0
2020,20200225135208,Nissan,Frontier C/D XE 4x4 2.5 DDTTi High Power M/T,52448.0
2020,20200225135208,Nissan,Frontier C/D LE 4x4 2.5 DDTTi High Power M/T,56108.0
2020,20200225135208,Nissan,Frontier C/D LE 4x4 2.5 DDTTi High Power A/T,59158.0
2020,20200225135208,Peugeot,108 1.0 VTi 68 Active,17490.0
2020,20200225135208,Peugeot,108 1.0 VTi 68 Allure TOP!,20990.0
2020,20200225135208,Peugeot,208 1.2 PureTech 82 Active BVM5,17990.0
2020,20200225135208,Peugeot,208 1.2 PureTech 82 Allure BVM5,19490.0
2020,20200225135208,Peugeot,208 1.6 VTi 115 Allure BVA6,21490.0
2020,20200225135208,Peugeot,208 1.6 VTi 115 Féline BVM5,21990.0
2020,20200225135208,Peugeot,208 1.2 PureTech 110 Allure BVM5,28990.0
2020,20200225135208,Peugeot,208 1.2 PureTech 110 Allure BVM5 (c/Active City Brake),29240.0
2020,20200225135208,Peugeot,208 1.2 PureTech 110 Allure EAT6,30990.0
2020,20200225135208,Peugeot,208 1.2 PureTech 110 Allure EAT6 (c/Active City Brake),31240.0
2020,20200225135208,Peugeot,301 1.2 PureTech Active,19990.0
2020,20200225135208,Peugeot,301 1.2 PureTech Active Pack,21490.0
2020,20200225135208,Peugeot,308 GT Line 1.2 PureTech 130 S&S BVM6,33990.0
2020,20200225135208,Peugeot,308 GT Line 1.2 PureTech 130 S&S EAT6,35990.0
2020,20200225135208,Peugeot,308 1.6 THP 165 Allure EAT6,38490.0
2020,20200225135208,Peugeot,308 GT PureTech 225 S&S EAT8,49990.0
2020,20200225135208,Peugeot,GTi by Peugeot Sport 1.6 THP 270,59900.0
2020,20200225135208,Peugeot,2008 1.6 VTi Féline BVM5,24990.0
2020,20200225135208,Peugeot,2008 1.6 VTi Féline EAT6,26990.0
2020,20200225135208,Peugeot,2008 1.6 THP Griffe BVM6,28990.0
2020,20200225135208,Peugeot,2008 1.6 THP Griffe EAT6,30490.0
2020,20200225135208,Peugeot,2008 1.2 PureTech 110 S&S Active Pack BVM5,31990.0
2020,20200225135208,Peugeot,2008 1.2 PureTech 110 S&S Active Pack EAT6,33990.0
2020,20200225135208,Peugeot,3008 Allure 1.6 THP 165 EAT6,52000.0
2020,20200225135208,Peugeot,3008 GT Line 1.6 THP 165 EAT6,54000.0
2020,20200225135208,Peugeot,5008 GT Line 1.6 THP 165 EAT6,59500.0
2020,20200225135208,Peugeot,1.2 PureTech 130 S&S EAT8,39490.0
2020,20200225135208,Peugeot,Partner M69 Confort 1.6,14990.0
2020,20200225135208,Peugeot,Partner M59 Confort 1.6 HDi,20990.0
2020,20200225135208,Peugeot,Partner K9 1.6 115 L2,22990.0
2020,20200225135208,Peugeot,Partner K9 1.6 HDI 92 L2,27990.0
2020,20200225135208,Peugeot,Boxer L1H1 2.2 HDi,34990.0
2020,20200225135208,Peugeot,Boxer L1H1 2.2 HDi (c/reg.-lim. de velocidad+radio+Bluetooth+sensores est.),35890.0
2020,20200225135208,Peugeot,Boxer L2H2 2.2 HDi,37990.0
2020,20200225135208,Peugeot,Boxer L2H2 2.2 HDi (c/reg.-lim. de velocidad+radio+Bluetooth+sensores est.),37990.0
2020,20200225135208,Peugeot,Boxer L4H2 2.2 HDi,42990.0
2020,20200225135208,Peugeot,Boxer L4H2 2.2 HDi (c/reg.-lim. de velocidad+radio+Bluetooth+sensores est.),42990.0
2020,20200225135208,Porsche,718 Boxster 2.0 T PDK,155000.0
2020,20200225135208,Porsche,718 Cayman S 2.5 T PDK,167500.0
2020,20200225135208,Porsche,718 Boxster S 2.5 T PDK,178500.0
2020,20200225135208,Porsche,Macan 2.0 turbo PDK,158000.0
2020,20200225135208,Porsche,Macan S 3.0 V6 bi-turbo PDK,198000.0
2020,20200225135208,Porsche,Cayenne 3.0 V6 Tiptronic S,175000.0
2020,20200225135208,Porsche,Cayenne S 2.9 V6 Tiptronic S,225000.0
2020,20200225135208,Porsche,Cayenne Coupé 3.0 V6 Tiptronic S,195000.0
2020,20200225135208,Ram,1500 Laramie 5.7 V8 Crew Cab A/T 4x4,74000.0
2020,20200225135208,Ram,2500 Laramie 6.4 V8 Crew Cab A/T 4x4,78500.0
2020,20200225135208,Renault,Kwid Life 1.0,11990.0
2020,20200225135208,Renault,Kwid Zen 1.0,12990.0
2020,20200225135208,Renault,Kwid Intense 1.0,13990.0
2020,20200225135208,Renault,Kwid Iconic 1.0,14490.0
2020,20200225135208,Renault,Kwid Outsider 1.0,14990.0
2020,20200225135208,Renault,Sandero Life 1.0,14990.0
2020,20200225135208,Renault,Sandero Zen 1.0,15990.0
2020,20200225135208,Renault,Logan Life 1.0,15490.0
2020,20200225135208,Renault,Logan Zen 1.0,16490.0
2020,20200225135208,Renault,Stepway Zen 1.6 M/T,19990.0
2020,20200225135208,Renault,Stepway Intens 1.6 CVT,22490.0
2020,20200225135208,Renault,Duster Dynamique 1.6 2WD,19990.0
2020,20200225135208,Renault,Duster Privilège 1.6 2WD,22990.0
2020,20200225135208,Renault,Duster Privilège 2.0 2WD,24490.0
2020,20200225135208,Renault,Oroch Dynamique 1.6 2WD,18890.0
2020,20200225135208,Renault,Oroch Outsider 1.6 2WD,19990.0
2020,20200225135208,Renault,Oroch Privilège 2.0 2WD,21947.0
2020,20200225135208,Renault,Oroch Privilège 2.0 4WD,23990.0
2020,20200225135208,Renault,Grand Captur Zen 2.0 M/T,26490.0
2020,20200225135208,Renault,Grand Captur Zen 2.0 A/T,28990.0
2020,20200225135208,Renault,Grand Captur Intens 2.0 A/T,30990.0
2020,20200225135208,Renault,Grand Captur Intens 1.6 CVT,30990.0
2020,20200225135208,Renault,Koleos Zen Limited 2.5 2WD CVT,38990.0
2020,20200225135208,Renault,Kangoo Express 1.6 Profesional,18898.0
2020,20200225135208,Renault,Kangoo Express 1.6 Confort,19508.0
2020,20200225135208,Renault,Kangoo Maxi Z.E. 44,56990.0
2020,20200225135208,Renault,Master L1H1 2.3 dCi,30488.0
2020,20200225135208,Renault,Master L3H2 Minibus 2.3 dCi,43664.0
2020,20200225135208,Seat,New Ibiza 1.0 Reference M/T,20950.0
2020,20200225135208,Seat,New Ibiza 1.6 Style A/T,25950.0
2020,20200225135208,Seat,Toledo 1.6 Reference Plus M/T,25950.0
2020,20200225135208,Seat,León 1.6 Reference M/T,22950.0
2020,20200225135208,Seat,León 1.6 Style M/T,24950.0
2020,20200225135208,Seat,León 1.2 TSI Style M/T,29950.0
2020,20200225135208,Seat,León 1.6 Style A/T,32950.0
2020,20200225135208,Seat,León Cupra 2.0 TSI DSG,59950.0
2020,20200225135208,Seat,Arona 1.6 Style A/T,31950.0
2020,20200225135208,Seat,Arona 1.6 FR A/T,34950.0
2020,20200225135208,Subaru,XV 2.0-S CVT (JI),46800.0
2020,20200225135208,Subaru,XV 2.0-ES CVT EyeSight (JI),50800.0
2020,20200225135208,Subaru,2.0 M/T (OH),69800.0
2020,20200225135208,Subaru,WRX High +L 2.0 CVT (OH),73800.0
2020,20200225135208,Subaru,WRX High +L-ES 2.0 CVT EyeSight (OH),78800.0
2020,20200225135208,Subaru,WRX Premium-ES 2.0 CVT EyeSight (OH),81800.0
2020,20200225135208,Subaru,Outback 2.5i-S CVT AWD (ZU),68800.0
2020,20200225135208,Subaru,Outback 3.6R-S CVT AWD (ZU),78800.0
2020,20200225135208,Subaru,Outback 2.5i-ES CVT AWD EyeSight (ZU),72800.0
2020,20200225135208,Subaru,Outback 3.6R-S CVT AWD EyeSight (ZU),83800.0
2020,20200225135208,Subaru,Forester 2.0i-S CVT (WW),59800.0
2020,20200225135208,Subaru,Forester 2.0i-ES CVT EyeSight (WW),63800.0
2020,20200225135208,Subaru,Forester 2.5i-S CVT EyeSight (WW),66800.0
2020,20200225135208,Suzuki,Alto 800 0.8 STD,8590.0
2020,20200225135208,Suzuki,Alto 800 0.8 GA,9690.0
2020,20200225135208,Suzuki,Alto 800 0.8 GL,10490.0
2020,20200225135208,Suzuki,Celerio 1.0 GA M/T,11690.0
2020,20200225135208,Suzuki,Celerio 1.0 GL M/T,12990.0
2020,20200225135208,Suzuki,Celerio 1.0 GL AMT,13990.0
2020,20200225135208,Suzuki,Dzire 1.2 GL M/T,15990.0
2020,20200225135208,Suzuki,Dzire 1.2 GL AMT,17490.0
2020,20200225135208,Suzuki,Dzire 1.2 GLX M/T,17490.0
2020,20200225135208,Suzuki,Dzire 1.2 GLX AMT,18990.0
2020,20200225135208,Suzuki,Swift 1.2 GL M/T,15990.0
2020,20200225135208,Suzuki,Swift 1.2 GL AMT,17490.0
2020,20200225135208,Suzuki,Swift Sport 1.4 Boosterjet M/T,29990.0
2020,20200225135208,Suzuki,Swift Sport 1.4 Boosterjet A/T,32490.0
2020,20200225135208,Suzuki,Baleno 1.4 GL M/T,18990.0
2020,20200225135208,Suzuki,Ertiga 1.5 GL M/T,24990.0
2020,20200225135208,Suzuki,Ertiga 1.5 GL A/T,26990.0
2020,20200225135208,Suzuki,Ertiga 1.5 GLX M/T,26990.0
2020,20200225135208,Suzuki,Ertiga 1.5 GLX A/T,28990.0
2020,20200225135208,Suzuki,Jimny 1.5 GL M/T,26990.0
2020,20200225135208,Suzuki,Jimny 1.5 GLX A/T,31990.0
2020,20200225135208,Suzuki,Vitara 1.6 GL M/T,27990.0
2020,20200225135208,Suzuki,Vitara 1.4 Boosterjet Turbo GLX M/T,33990.0
2020,20200225135208,Suzuki,Vitara 1.4 Boosterjet Turbo GLX A/T,35990.0
2020,20200225135208,Suzuki,Vitara 1.4 Boosterjet Turbo GLX M/T ALLGRIP,36990.0
2020,20200225135208,Suzuki,Vitara 1.4 Boosterjet Turbo GLX A/T ALLGRIP,38990.0
2020,20200225135208,Toyota,Etios Sedán 1.5 X M/T,17990.0
2020,20200225135208,Toyota,Etios Sedán 1.5 XLS M/T,19990.0
2020,20200225135208,Toyota,Etios Sedán 1.5 XLS A/T,20990.0
2020,20200225135208,Toyota,Prius c 1.5 E-CVT,25990.0
2020,20200225135208,Toyota,Corolla Hybrid XEi 1.8 e-CVT,33990.0
2020,20200225135208,Toyota,Corolla Hybrid SE-G 1.8 e-CVT,37990.0
2020,20200225135208,Toyota,RAV4 Hybrid S 2.5 220H e-CVT 2WD,49990.0
2020,20200225135208,Toyota,RAV4 Hybrid S Plus 2.5 220H e-CVT 2WD,53990.0
2020,20200225135208,Toyota,RAV4 Hybrid Limited 2.5 220H e-CVT 2WD,59990.0
2020,20200225135208,Toyota,RAV4 Hybrid Limited 2.5 220H e-CVT AWD,63990.0
2020,20200225135208,Toyota,Fortuner 4.0 V6 SRX 4WD A/T,79990.0
2020,20200225135208,Toyota,4Runner 4.0 V6 Limited 4WD A/T,98900.0
2020,20200225135208,Toyota,4Runner 4.0 V6 Limited 4WD A/T (c/3 filas de asientos),101900.0
2020,20200225135208,Toyota,Land Cruiser Prado 4.0 V6 VX 4WD A/T,132990.0
2020,20200225135208,Toyota,Hilux Cabina Doble 2.7 VVT-i DX 4x2,29990.0
2020,20200225135208,Toyota,Hilux Cabina Doble 2.7 VVT-i DX 4x4,35990.0
2020,20200225135208,Toyota,Hilux Cabina Doble 2.7 VVT-i SR 4x4,38990.0
2020,20200225135208,Toyota,Hilux Cabina Doble 2.7 VVT-i SRV 4x4,40990.0
2020,20200225135208,Toyota,Hilux Cabina Doble 4.0 V6 VVT-i GR-Sport II 4x4 A/T,59990.0
2020,20200225135208,Toyota,Hilux Cabina Simple 2.4 D-4D 4x2,42990.0
2020,20200225135208,Toyota,Hilux Cabina Doble 2.4 D-4D DX 4x2,45990.0
2020,20200225135208,Toyota,Hilux Cabina Doble 2.4 D-4D SR 4x2,47990.0
2020,20200225135208,Toyota,Hilux Cabina Simple 2.4 D-4D DX 4x4,49990.0
2020,20200225135208,Toyota,Hilux Cabina Doble 2.4 D-4D DX 4x4,53990.0
2020,20200225135208,Toyota,Hilux Cabina Doble 2.8 D-4D SRV 4x2,52990.0
2020,20200225135208,Toyota,Hilux Cabina Doble 2.4 D-4D SR 4x4,56990.0
2020,20200225135208,Toyota,Hilux Cabina Doble 2.8 D-4D SRV 4x4 M/T,62990.0
2020,20200225135208,Toyota,Hilux Cabina Doble 2.8 D-4D SRV 4x4 A/T,64990.0
2020,20200225135208,Toyota,Hilux Cabina Doble 2.8 D-4D SRV Plus 4x4 A/T,72990.0
2020,20200225135208,Toyota,Hilux Cabina Doble 2.8 D-4D GR-Sport 4x4 A/T,75990.0
2020,20200225135208,Victory,GHT1025D 1.2 Pick-Up Cabina Simple (sin a/a),10450.0
2020,20200225135208,Victory,GHT1025D 1.2 Pick-Up Cabina Simple (con a/a),11450.0
2020,20200225135208,Victory,GHT1025D 1.2 Pick-Up Cabina Simple (Box sin refrigeración),12890.0
2020,20200225135208,Victory,GHT1025D 1.2 Pick-Up Cabina Simple (Box alto sin refrigeración),13990.0
2020,20200225135208,Victory,GHT1025D 1.2 Pick-Up Cabina Simple (Box refrigerado),16990.0
2020,20200225135208,Victory,GHT1025S 1.2 Pick-Up Cabina Doble (sin a/a),12290.0
2020,20200225135208,Victory,GHT1025S 1.2 Pick-Up Cabina Doble (con a/a),12990.0
2020,20200225135208,Victory,GHT1025S 1.2 Pick-Up Cabina Doble (Box sin refrigeración),13990.0
2020,20200225135208,Victory,SCH5020XXYD 1.0 Furgón (sin a/a),10990.0
2020,20200225135208,Victory,SCH5020XXYD 1.0 Furgón (con a/a),11990.0
2020,20200225135208,Victory,SCH5020XXYD 1.2 Furgón (sin a/a),11990.0
2020,20200225135208,Victory,SCH5020XXYD 1.2 Furgón (con a/a),12990.0
2020,20200225135208,Victory,SCH6430 1.2 Mini Bus (11 pasajeros),16990.0
2020,20200225135208,Volkswagen,move up! 1.0 MPI,14890.0
2020,20200225135208,Volkswagen,high up! 1.0 MPI,16990.0
2020,20200225135208,Volkswagen,up! 1.0 TSI,18990.0
2020,20200225135208,Volkswagen,Gol Hatch 1.6 Trendline,15490.0
2020,20200225135208,Volkswagen,Gol Hatch 1.6 Highline,17890.0
2020,20200225135208,Volkswagen,Gol Hatch 1.6 Trendline Automatic,18490.0
2020,20200225135208,Volkswagen,Gol Hatch 1.6 Highline Automatic,20890.0
2020,20200225135208,Volkswagen,Gol Sedán 1.6 Trendline,17990.0
2020,20200225135208,Volkswagen,Gol Sedán 1.6 Comfortline,19690.0
2020,20200225135208,Volkswagen,Polo 1.6 Trendline M/T,19990.0
2020,20200225135208,Volkswagen,Polo 1.6 Comfortline M/T,23590.0
2020,20200225135208,Volkswagen,Polo 1.6 Highline M/T,24990.0
2020,20200225135208,Volkswagen,Polo 1.6 Highline Automatic,27690.0
2020,20200225135208,Volkswagen,Virtus 1.6 Trendline M/T,21990.0
2020,20200225135208,Volkswagen,Virtus 1.6 Comfortline M/T,24990.0
2020,20200225135208,Volkswagen,Virtus 1.6 Highline M/T,26590.0
2020,20200225135208,Volkswagen,Virtus 1.6 Highline Automatic,29290.0
2020,20200225135208,Volkswagen,Golf 1.4 TSI Highline M/T,33300.0
2020,20200225135208,Volkswagen,Golf 1.4 TSI Highline DSG,35800.0
2020,20200225135208,Volkswagen,GTI 2.0 TSI DSG,49300.0
2020,20200225135208,Volkswagen,Vento 1.4 TSI Comfortline M/T,32900.0
2020,20200225135208,Volkswagen,Vento 1.4 TSI Comfortline Automatic,34900.0
2020,20200225135208,Volkswagen,Vento 1.4 TSI Highline Automatic,37900.0
2020,20200225135208,Volkswagen,Vento GLI 2.0 TSI DSG,44990.0
2020,20200225135208,Volkswagen,T-Cross 1.6 Trendline M/T,26990.0
2020,20200225135208,Volkswagen,T-Cross 1.6 Trendline Automatic,28990.0
2020,20200225135208,Volkswagen,T-Cross 1.6 Comfortline Automatic,30990.0
2020,20200225135208,Volkswagen,T-Cross 1.6 Highline Automatic,34990.0
2020,20200225135208,Volkswagen,T-Cross 1.6 Trendline Automatic Panoramic,31190.0
2020,20200225135208,Volkswagen,T-Cross 1.6 Comfortline Automatic Panoramic,33490.0
2020,20200225135208,Volkswagen,T-Cross 1.6 Comfortline Automatic Premium,33790.0
2020,20200225135208,Volkswagen,T-Cross 1.6 Comfortline Automatic Premium Panoramic,36290.0
2020,20200225135208,Volkswagen,T-Cross 1.6 Highline Automatic + Innovation,37440.0
2020,20200225135208,Volkswagen,Tiguan Allspace 1.4 TSI Highline DSG,46190.0
2020,20200225135208,Volkswagen,Tiguan Allspace 2.0 TSI Highline DSG 4MOTION,52290.0
2020,20200225135208,Volkswagen,Saveiro 1.6 Cabina Simple,14390.0
2020,20200225135208,Volkswagen,Saveiro 1.6 Cabina Extendida,16390.0
2020,20200225135208,Volkswagen,Saveiro 1.6 Cabina Doble,17490.0
2020,20200225135208,Volkswagen,Saveiro 1.6 16v Cabina Doble Cross,20990.0
2020,20200225135208,Volkswagen,Amarok 2.0 TSI Highline 4x2 M/T,35990.0
2020,20200225135208,Volkswagen,Amarok 2.0 TDI Highline 4x2 M/T,45690.0
2020,20200225135208,Volkswagen,Amarok 2.0 TDI Highline 4x2 A/T,50490.0
2020,20200225135208,Volkswagen,Amarok 2.0 TDI Highline 4x4 M/T,53190.0
2020,20200225135208,Volkswagen,Amarok 2.0 TDI Highline 4x4 A/T,57990.0
2020,20200225135208,Volkswagen,Amarok 3.0 V6 TDI Highline 4x4 A/T,72390.0
2020,20200225135208,Volvo,XC40 T4 FWD Kinetic 2.0 T A/T,65900.0
2020,20200225135208,Volvo,XC40 T4 FWD R-Design 2.0 T A/T,73900.0
2020,20200225135208,Volvo,XC60 T5 AWD Momentum 2.0 T A/T,99900.0
2020,20200225135208,Volvo,XC60 T8 Twin Engine AWD R-Design 2.0 T A/T,119900.0
2020,20200225135208,Volvo,XC90 T8 Twin Engine AWD Inscription 2.0 T A/T,149900.0
2020,20200225135208,Nissan,Rich 2.4 4x2,20490.0
2020,20200225135208,Nissan,Rich 2.4 4x4,25490.0
2020,20200225135208,Nissan,Urban Ark 1.5 Luxury,18990.0
2020,20200225135208,Nissan,Grand Tiger TUV 2.4 4x2 Luxury,19990.0
2020,20200225135208,Nissan,Terralord 2.4 4x2 Luxury,25608.0
2021,20210128004218,Audi,A3 Sportback 1.0 TFSI S tronic Attraction,40900.0
2021,20210128004218,Audi,A3 Sportback 1.0 TFSI S tronic Attraction Plus,43900.0
2021,20210128004218,Audi,A3 Sportback 2.0 TFSI S tronic S line,63400.0
2021,20210128004218,Audi,A3 Sedán 2.0 TFSI S tronic Sport,61400.0
2021,20210128004218,Audi,A4 Sedán S line 45 TFSI 2 .0 MHEV S tronic quattro,79900.0
2021,20210128004218,Audi,A5 Coupé Sport 2.0 TFSI quattro S tronic,105000.0
2021,20210128004218,Audi,A5 Sportback Sport S line 2.0 TFSI quattro S tronic,109000.0
2021,20210128004218,Audi,A6 Design 55 TFSI 3.0 MHEV S tronic quattro,142000.0
2021,20210128004218,Audi,Q2 Basic 30 TFSI 1.0 S tronic,41900.0
2021,20210128004218,Audi,Q3 Advanced 35 TFSI 1.4 S tronic,52900.0
2021,20210128004218,Audi,Q3 Advanced Plus 35 TFSI 1.4 S tronic,59900.0
2021,20210128004218,Audi,Q3 Advanced Plus 40 TFSI 2.0 S tronic quattro,73900.0
2021,20210128004218,Audi,Q3 Sportback S line 1.4 TFSI S tronic,73900.0
2021,20210128004218,Audi,Q3 Sportback S line 2.0 TFSI S tronic quattro,84900.0
2021,20210128004218,Audi,RS Q3 Sportback 2.5 TFSI S tronic quattro,146000.0
2021,20210128004218,Audi,Q5 45 TFSI 2 .0 TFSI Sport S tronic quattro,83900.0
2021,20210128004218,Audi,Q5 45 TFSI 2 .0 TFSI Design Plus S tronic quattro,93900.0
2021,20210128004218,Audi,Q7 45 TFSI 2.0 S tronic quattro,122900.0
2021,20210128004218,Audi,Q7 55 TFSI 3.0 S tronic quattro,162000.0
2021,20210128004218,Audi,Q8 55 TFSI 3.0 MHEV tiptronic quattro,178000.0
2021,20210128004218,Bmw,118i Active 1.5 T M/T,34900.0
2021,20210128004218,Bmw,118i Active 1.5 T Steptronic,38990.0
2021,20210128004218,Bmw,118i Active Plus 1.5 T M/T,36900.0
2021,20210128004218,Bmw,118i Active Plus 1.5 T Steptronic,40990.0
2021,20210128004218,Bmw,118i City 1.5 T M/T,41900.0
2021,20210128004218,Bmw,118i City 1.5 T Steptronic,45990.0
2021,20210128004218,Bmw,118i Urban 1.5 T Steptronic DKG,47990.0
2021,20210128004218,Bmw,M135i xDrive 2.0 T Steptronic Sport,105990.0
2021,20210128004218,Bmw,218i Gran Coupé City 1.5 T M/T,44990.0
2021,20210128004218,Bmw,218i Gran Coupé Urban 1.5 T Steptronic DKG,49990.0
2021,20210128004218,Bmw,218i Gran Coupé Sport Line 1.5 T Steptronic DKG,58900.0
2021,20210128004218,Bmw,218i Gran Coupé M Sport 1.5 T Steptronic DKG,62900.0
2021,20210128004218,Bmw,M235i Gran Coupé xDrive 2.0 T Steptronic Sport,115990.0
2021,20210128004218,Bmw,220i Coupé M Sport 2.0 T Steptronic,69990.0
2021,20210128004218,Bmw,M240i Coupé 3.0 T Steptronic Shadow Line,112990.0
2021,20210128004218,Bmw,Cabrio 3.0 T Steptronic Shadow Line,132990.0
2021,20210128004218,Bmw,M2 CS 3.0 T M-DCT Drivelogic,249990.0
2021,20210128004218,Bmw,225xe iPerformance Active Tourer 1.5 T Steptronic,67990.0
2021,20210128004218,Bmw,320i 2.0 T Sport Line Steptronic Sport,67990.0
2021,20210128004218,Bmw,330e iPerformance 2.0 T Sport Line Steptronic Sport,69990.0
2021,20210128004218,Bmw,330e iPerformance 2.0 T M Sport Steptronic Sport,79990.0
2021,20210128004218,Bmw,330i 2.0 T M Sport Steptronic Sport,89990.0
2021,20210128004218,Bmw,430i 2.0 T M Sport Steptronic Sport,105900.0
2021,20210128004218,Bmw,M440i xDrive 3.0 T Steptronic Sport,139900.0
2021,20210128004218,Bmw,520i Executive 2.0 T Steptronic,89990.0
2021,20210128004218,Bmw,530e iPerformance 2.0 T Steptronic,109990.0
2021,20210128004218,Bmw,530i Luxury Line 2.0 T Steptronic,119990.0
2021,20210128004218,Bmw,540i M Sport 3.0 T Steptronic,155990.0
2021,20210128004218,Bmw,M5 Competition 4.4 T M xDrive M Steptronic Drivelogic,299990.0
2021,20210128004218,Bmw,Z4 M40i 3.0 Steptronic Sport,159990.0
2021,20210128004218,Bmw,M850i Coupé xDrive 4.4 Steptronic,249990.0
2021,20210128004218,Bmw,M850i Gran Coupé xDrive 4.4 Steptronic,259990.0
2021,20210128004218,Bmw,M850i Cabrio xDrive 4.4 Steptronic,269990.0
2021,20210128004218,Bmw,X1 sDrive 18i Active 1.5 T DKG Steptronic,42990.0
2021,20210128004218,Bmw,X1 sDrive 18i City 1.5 T M/T,44990.0
2021,20210128004218,Bmw,X1 sDrive 18i City 1.5 T DKG Steptronic,52990.0
2021,20210128004218,Bmw,X1 sDrive 20i Comfort 2.0 T DKG Steptronic,66990.0
2021,20210128004218,Bmw,X1 sDrive 20i M Sport 2.0 T DKG Steptronic,75990.0
2021,20210128004218,Bmw,X2 sDrive 18i City 1.5 T DKG Steptronic,56990.0
2021,20210128004218,Bmw,X2 sDrive 20i M Sport X 2.0 T DKG Steptronic,83990.0
2021,20210128004218,Bmw,X2 M35i xDrive 2.0 T Steptronic Sport,103990.0
2021,20210128004218,Bmw,X3 sDrive 20i Business 2.0 T Steptronic,77990.0
2021,20210128004218,Bmw,X3 sDrive 20i Comfort Plus 2.0 T Steptronic,86990.0
2021,20210128004218,Bmw,X3 xDrive30e xLine 2.0 T Steptronic,88990.0
2021,20210128004218,Bmw,X3 xDrive 30i xLine 2.0 T Steptronic,103990.0
2021,20210128004218,Bmw,X3 M40i xDrive 3.0 T Steptronic,141990.0
2021,20210128004218,Bmw,X3 M 3.0 T M xDrive M Steptronic Drivelogic,179990.0
2021,20210128004218,Bmw,X3 M Competition 3.0 T M xDrive M Steptronic Drivelogic,199990.0
2021,20210128004218,Bmw,X4 xDrive 20i M Sport X 2.0 T Steptronic,101990.0
2021,20210128004218,Bmw,X4 xDrive 30i M Sport X 2.0 T Steptronic,117990.0
2021,20210128004218,Bmw,X4 M40i xDrive 3.0 T Steptronic,157990.0
2021,20210128004218,Bmw,X4 M 3.0 T M xDrive M Steptronic Drivelogic,189990.0
2021,20210128004218,Bmw,X4 M Competition 3.0 T M xDrive M Steptronic Drivelogic,209990.0
2021,20210128004218,Bmw,X5 xDrive 40i 3.0 T Steptronic,154990.0
2021,20210128004218,Bmw,X5 xDrive 45e 2.0 T Steptronic,159990.0
2021,20210128004218,Bmw,X5 M Competition 4.4 T M xDrive M Steptronic Drivelogic,329990.0
2021,20210128004218,Bmw,X6 xDrive 40i M Sport 3.0 T Steptronic Sport,171990.0
2021,20210128004218,Bmw,X6 M Competition 4.4 T M xDrive M Steptronic Drivelogic,349990.0
2021,20210128004218,Bmw,X7 xDrive 40i 3.0 Steptronic,199990.0
2021,20210128004218,Byd,New F3 GLX-i 1.5 M/T,15990.0
2021,20210128004218,Byd,New F3 GS-i 1.5 M/T,16990.0
2021,20210128004218,Byd,New F3 GS-i 1.5 DCT,18990.0
2021,20210128004218,Byd,"e2 300 GL A/T (35,2 kWh)",29990.0
2021,20210128004218,Byd,"e2 400 GL A/T (47,3 kWh)",35990.0
2021,20210128004218,Byd,"e3 300 G A/T (35,2 kWh)",32990.0
2021,20210128004218,Byd,"e3 400 GL A/T (47,3 kWh)",37990.0
2021,20210128004218,Byd,"Yuan EV300 GL A/T (40,62 kWh)",32990.0
2021,20210128004218,Byd,"Yuan EV400 GS A/T (53,22 kWh)",39990.0
2021,20210128004218,Byd,Song 1.5TI GL M/T,26990.0
2021,20210128004218,Byd,Song 1.5TI GL DCT,29490.0
2021,20210128004218,Byd,Song Pro DM 1.5TI GLX DCT,55990.0
2021,20210128004218,Byd,Song Pro DM 1.5TI GS DCT,59990.0
2021,20210128004218,Byd,"Song Pro EV GLX A/T (59,1 kWh)",56990.0
2021,20210128004218,Byd,Song Pro EV GS A/T (71 kWh),60990.0
2021,20210128004218,Byd,Tang DM GS DCT AWD PHEV,83990.0
2021,20210128004218,Byd,"Tang EV500 GS A/T AWD (80,2 kWh)",84000.0
2021,20210128004218,Byd,T3 GL A/T (50 kWh),46490.0
2021,20210128004218,Byd,M3 GS A/T (50 kWh),50990.0
2021,20210128004218,Changan,CS15 1.5 Comfort Extra Full M/T,15990.0
2021,20210128004218,Changan,CS15 1.5 Luxury Full M/T,16990.0
2021,20210128004218,Changan,CS15 1.5 Luxury Full A/T,17990.0
2021,20210128004218,Changan,CS15 1.5 Luxury Extra Full DCT,20990.0
2021,20210128004218,Changan,CS35 Plus 1.6 Luxury M/T,22990.0
2021,20210128004218,Changan,CS35 Plus 1.6 Super Luxury A/T,24990.0
2021,20210128004218,Changan,CX70 1.6 Comfort M/T,19990.0
2021,20210128004218,Changan,CX70 1.6 Luxury M/T,20990.0
2021,20210128004218,Changan,CS55 1.5 T Luxury A/T,30990.0
2021,20210128004218,Changan,Star MD201 1.2 Pick-Up Cabina Simple (sin a/a),10490.0
2021,20210128004218,Changan,Star MD201 1.2 Pick-Up Cabina Simple (con a/a),11490.0
2021,20210128004218,Changan,Star MD201 1.2 Pick-Up Cabina Doble (sin a/a),11990.0
2021,20210128004218,Changan,1.2 Pick-Up Cabina Doble (con a/a),12990.0
2021,20210128004218,Changan,Star MD201 1.2 Box (sin a/a),12990.0
2021,20210128004218,Changan,Star MD201 1.2 Box (con a/a),13990.0
2021,20210128004218,Changan,Star MD201 1.2 Box Refrigerado (con a/a),17490.0
2021,20210128004218,Changan,Star M201 1.2 Cargo (sin a/a),11490.0
2021,20210128004218,Changan,Star M201 1.2 Cargo (con a/a),12490.0
2021,20210128004218,Chery,QQ Comfort 1.0 M/T,10990.0
2021,20210128004218,Chery,Arrizo 5 1.5 M/T,15990.0
2021,20210128004218,Chery,Arrizo 5 1.5 Comfort M/T,17990.0
2021,20210128004218,Chery,Arrizo 5 1.5 Comfort CVT,20990.0
2021,20210128004218,Chery,Tiggo 2 1.5 Comfort M/T,16990.0
2021,20210128004218,Chery,Tiggo 2 1.5 Comfort A/T,18990.0
2021,20210128004218,Chery,Tiggo 4 Comfort 1.5 M/T,21990.0
2021,20210128004218,Chery,Tiggo 4 Comfort 1.5 CVT,23990.0
2021,20210128004218,Chery,Tiggo 7 Luxury 1.5T DCT,31990.0
2021,20210128004218,Chery,Tiggo 8 Luxury 2.0T CVT,38990.0
2021,20210128004218,Chevrolet,Joy Hatch 1.0,13990.0
2021,20210128004218,Chevrolet,Joy Plus 1.0,14990.0
2021,20210128004218,Chevrolet,Onix LS 1.2,16490.0
2021,20210128004218,Chevrolet,Onix LT 1.2,17990.0
2021,20210128004218,Chevrolet,Onix LTZ 1.0 Turbo M/T,19990.0
2021,20210128004218,Chevrolet,Onix RS 1.0 Turbo M/T,20490.0
2021,20210128004218,Chevrolet,Onix Premier 1.0 Turbo A/T,22490.0
2021,20210128004218,Chevrolet,Onix Plus LS 1.2,17490.0
2021,20210128004218,Chevrolet,Onix Plus LT 1.2,19490.0
2021,20210128004218,Chevrolet,Onix Plus Premier 1.0 Turbo M/T,21990.0
2021,20210128004218,Chevrolet,Onix Plus Premier 1.0 Turbo A/T,23490.0
2021,20210128004218,Chevrolet,Spin 1.8 Premier M/T,26990.0
2021,20210128004218,Chevrolet,Spin 1.8 Premier A/T,27990.0
2021,20210128004218,Chevrolet,Cruze 5 Premier 1.4 Turbo A/T,29990.0
2021,20210128004218,Chevrolet,Cruze Sedán Premier 1.4 Turbo A/T,29990.0
2021,20210128004218,Chevrolet,Camaro Six II Coupé SS 6.2 V8 A/T,99990.0
2021,20210128004218,Chevrolet,Tracker LS 1.2 Turbo M/T,26490.0
2021,20210128004218,Chevrolet,Tracker LTZ 1.2 Turbo A/T,28990.0
2021,20210128004218,Chevrolet,Tracker Premier 1.2 Turbo A/T,32990.0
2021,20210128004218,Chevrolet,Captiva LT 1.5 T FWD CVT,33990.0
2021,20210128004218,Chevrolet,Captiva Premier 1.5 T FWD CVT,35990.0
2021,20210128004218,Chevrolet,Equinox 1.5 T Premier AWD A/T,47490.0
2021,20210128004218,Chevrolet,S10 2.5 Ecotec SIDI Flex LT 4x2,30990.0
2021,20210128004218,Chevrolet,S10 2.5 Ecotec SIDI Flex LTZ 4x2,34990.0
2021,20210128004218,Chevrolet,S10 LT 2.8 CTDI 4x4 M/T,47690.0
2021,20210128004218,Chevrolet,S10 LT 2.8 CTDI 4x4 A/T,49990.0
2021,20210128004218,Chevrolet,S10 LTZ 2.8 CTDI 4x4 A/T,57990.0
2021,20210128004218,Chevrolet,S10 High Country 2.8 CTDI 4x4 A/T,61990.0
2021,20210128004218,Chevrolet,Silverado 1500 Crew Cab LTZ 3.0TD L6 Duramax 4x4 A/T,84990.0
2021,20210128004218,Citroën,C1 1.0 VTi 68 Shine,19990.0
2021,20210128004218,Citroën,C1 1.0 VTi 68 Shine Airscape,22490.0
2021,20210128004218,Citroën,C3 1.2 PureTech 82 Urban Trail,17990.0
2021,20210128004218,Citroën,C3 1.2 PureTech 83 Shine,24990.0
2021,20210128004218,Citroën,C-Elysée 1.2 PureTech Feel,21490.0
2021,20210128004218,Citroën,C-Elysée 1.2 PureTech Feel Pack,22490.0
2021,20210128004218,Citroën,C4 Cactus 1.6 VTi 115 Feel Pack BVM5,23490.0
2021,20210128004218,Citroën,C4 Cactus 1.6 VTi 115 Feel Pack EAT6,25490.0
2021,20210128004218,Citroën,C4 Cactus 1.6 THP 165 Shine EAT6,28990.0
2021,20210128004218,Citroën,C3 Aircross 1.2 PureTech 82 BVM5 Feel,25490.0
2021,20210128004218,Citroën,C3 Aircross 1.2 PureTech 110 S&S BVM5 Feel,27490.0
2021,20210128004218,Citroën,C3 Aircross 1.2 PureTech 110 S&S EAT6 Feel,29490.0
2021,20210128004218,Citroën,C3 Aircross 1.2 PureTech 110 S&S EAT6 Shine,39990.0
2021,20210128004218,Citroën,C5 Aircross Feel 1.6 THP 163 EAT6,49990.0
2021,20210128004218,Citroën,C5 Aircross Shine 1.6 THP 163 EAT6,52900.0
2021,20210128004218,Citroën,Berlingo M69 Business 1.6,14990.0
2021,20210128004218,Citroën,Berlingo M69 Business 1.6 HDi,20990.0
2021,20210128004218,Citroën,K9 1.6 115 L2,22990.0
2021,20210128004218,Citroën,Berlingo Van K9 1.6 HDI 90 L2,27990.0
2021,20210128004218,Dfsk,Glory 580 1.5 T Luxury M/T,26990.0
2021,20210128004218,Dfsk,Glory 580 1.5 T Luxury CVT,29990.0
2021,20210128004218,Dfsk,Glory 560 1.8 Luxury CVT,31990.0
2021,20210128004218,Dfsk,Journey SE Blacktop (5 plazas) 2.4 FWD A/T,46990.0
2021,20210128004218,Dfsk,Journey SE (7 plazas) 2.4 FWD A/T,51900.0
2021,20210128004218,Dfsk,Journey SXT (7 plazas) 3.6 V6 AWD A/T,72900.0
2021,20210128004218,Dfsk,Durango Citadel 3.6 V6 AWD A/T,129000.0
2021,20210128004218,Dfsk,K01 1.0 Pick-Up Cabina Simple,8890.0
2021,20210128004218,Dfsk,K01S 1.0 Pick-Up Cabina Simple (sin a/a),9690.0
2021,20210128004218,Dfsk,K01S 1.0 Pick-Up Cabina Simple (con a/a),10190.0
2021,20210128004218,Dfsk,K01S 1.2 Pick-Up Cabina Simple (sin a/a),10490.0
2021,20210128004218,Dfsk,K01S 1.2 Pick-Up Cabina Simple (con a/a),10990.0
2021,20210128004218,Dfsk,K01 1.0 Box,10990.0
2021,20210128004218,Dfsk,K01 1.0 Box Corto,10990.0
2021,20210128004218,Dfsk,K01S 1.0 Box,11990.0
2021,20210128004218,Dfsk,K01S 1.2 Box,12990.0
2021,20210128004218,Dfsk,K02 1.0 Pick-Up Cabina Doble,8490.0
2021,20210128004218,Dfsk,K02S 1.0 Pick-Up Cabina Doble,11390.0
2021,20210128004218,Dfsk,K02S 1.2 Pick-Up Cabina Doble (sin a/a),11990.0
2021,20210128004218,Dfsk,K02S 1.2 Pick-Up Cabina Doble (con a/a),12890.0
2021,20210128004218,Dfsk,Furgón (sin a/a),11390.0
2021,20210128004218,Dfsk,Furgón (sin a/a),12190.0
2021,20210128004218,Dfsk,Furgón (sin a/a),11990.0
2021,20210128004218,Dfsk,Furgón (con a/a),12790.0
2021,20210128004218,Dfsk,A50 Sedán 1.5 Comfort,16990.0
2021,20210128004218,Dfsk,A50 Sedán 1.5 Luxury,18990.0
2021,20210128004218,Dfsk,A50 Wagon 1.5,20990.0
2021,20210128004218,Dfsk,D60 1.5 Comfort,17990.0
2021,20210128004218,Dfsk,D60 1.5 Luxury,19490.0
2021,20210128004218,Dfsk,X40 EV 400 (52 kWh),38900.0
2021,20210128004218,Dfsk,T80 Pick-Up 1.5 Comfort,12390.0
2021,20210128004218,Dfsk,T80 Doble Cabina 1.5 STD,12490.0
2021,20210128004218,Dfsk,T80 Doble Cabina 1.5 Comfort,13890.0
2021,20210128004218,Dfsk,T80 Box 1.5 STD,15290.0
2021,20210128004218,Dfsk,T80 Box 1.5 Comfort,15890.0
2021,20210128004218,Dfsk,V80 Actis 1.5 Furgón Luxury,13390.0
2021,20210128004218,Dfsk,V80 Actis 1.5 Van Comfort,14390.0
2021,20210128004218,Dfsk,V80 Actis 1.5 Van Panorámica,17990.0
2021,20210128004218,Fiat,Mobi Easy Pop 1.0,11990.0
2021,20210128004218,Fiat,Mobi Way 1.0,13290.0
2021,20210128004218,Fiat,Uno Attractive 1.4,13390.0
2021,20210128004218,Fiat,Argo Drive 1.3 M/T,17390.0
2021,20210128004218,Fiat,Argo Trekking 1.3 M/T,18390.0
2021,20210128004218,Fiat,Grand Siena Attractive 1.4,15790.0
2021,20210128004218,Fiat,Cronos Drive 1.3 M/T,19190.0
2021,20210128004218,Fiat,Strada Endurance Cabina Plus 1.4,13990.0
2021,20210128004218,Fiat,Strada Freedom Cabina Doble 1.4,15790.0
2021,20210128004218,Fiat,Strada Volcano Cabina Doble 1.3,18590.0
2021,20210128004218,Fiat,Fiorino Forte 1.4,13190.0
2021,20210128004218,Fiat,Fiorino Comfort 1.4,14690.0
2021,20210128004218,Fiat,Toro Freedom 1.8 AT6 FWD,25990.0
2021,20210128004218,Ford,Fiesta Hatch 1.6 S Plus M/T,17990.0
2021,20210128004218,Ford,Fiesta Hatch 1.6 SE M/T,19990.0
2021,20210128004218,Ford,Fiesta Hatch 1.6 SE PowerShift,21990.0
2021,20210128004218,Ford,Ka+ 1.5 SEL M/T,19790.0
2021,20210128004218,Ford,Ka Freestyle 1.5 SEL M/T,20590.0
2021,20210128004218,Ford,Focus Hatch 1.6 S M/T,23990.0
2021,20210128004218,Ford,Focus Hatch 2.0 SE Plus M/T,27990.0
2021,20210128004218,Ford,Focus Hatch 2.0 SE Plus PowerShift,28990.0
2021,20210128004218,Ford,Focus Hatch 2.0 Titanium PowerShift,32990.0
2021,20210128004218,Ford,Focus Sedán 1.6 S M/T,23990.0
2021,20210128004218,Ford,Focus Sedán 2.0 SE Plus M/T,27990.0
2021,20210128004218,Ford,Focus Sedán 2.0 SE Plus PowerShift,28990.0
2021,20210128004218,Ford,Focus Sedán 2.0 Titanium PowerShift,32990.0
2021,20210128004218,Ford,Mustang GT Premium Coupé 5.0 V8 A/T,99900.0
2021,20210128004218,Ford,EcoSport 1.5 SE M/T,23990.0
2021,20210128004218,Ford,EcoSport 1.5 SE A/T,25990.0
2021,20210128004218,Ford,EcoSport 1.5 Freestyle M/T,25990.0
2021,20210128004218,Ford,EcoSport 1.5 Titanium A/T,29990.0
2021,20210128004218,Ford,Explorer 3.5 V6 XLT AWD SelectShift,84900.0
2021,20210128004218,Ford,Ranger XL Plus 2.5 4x2 Cabina Simple,27990.0
2021,20210128004218,Ford,Ranger XLT 2.5 4x2 Cabina Doble,33990.0
2021,20210128004218,Ford,Ranger XL Plus 2.2 TDCi 4x2 Cabina Simple,42990.0
2021,20210128004218,Ford,Ranger XL Plus 2.2 TDCi 4x4 Cabina Doble,42990.0
2021,20210128004218,Ford,Ranger XL Plus 2.2 TDCi 4x4 Cabina Doble,44990.0
2021,20210128004218,Ford,Ranger XLS 3.2 TDCi 4x2 Cabina Doble A/T,47990.0
2021,20210128004218,Ford,Ranger XLS 3.2 TDCi 4x4 Cabina Doble M/T,49990.0
2021,20210128004218,Ford,Ranger XLT 3.2 TDCi 4x4 Cabina Doble M/T,53990.0
2021,20210128004218,Ford,Ranger XLT 3.2 TDCi 4x4 Cabina Doble A/T,57990.0
2021,20210128004218,Ford,Ranger Limited 3.2 TDCi 4x4 Cabina Doble A/T,69990.0
2021,20210128004218,Ford,F-150 3.5 V6 EcoBoost SuperCrew XLT FX4 SelectShift,69900.0
2021,20210128004218,Ford,F-150 5.0 V8 SuperCrew XLT FX4 SelectShift,72900.0
2021,20210128004218,Ford,F-150 5.0 V8 SuperCrew Lariat Sport FX4 SelectShift,79900.0
2021,20210128004218,Ford,F-150 Raptor SuperCrew 3.5 V6 EcoBoost 4x4 SelectShift,119900.0
2021,20210128004218,Geely,GX3 1.5 GC,17990.0
2021,20210128004218,Geely,GX3 1.5 GF,18990.0
2021,20210128004218,Geely,Emgrand GS GS 1.8 M/T,22990.0
2021,20210128004218,Geely,Emgrand GS GC 1.8 M/T,25990.0
2021,20210128004218,Geely,Emgrand GS GT 1.8 A/T,31990.0
2021,20210128004218,Geely,Emgrand X7 Sport Drive 2.0 M/T 2WD,24990.0
2021,20210128004218,Geely,Emgrand X7 Sport Active 2.4 A/T 2WD,29990.0
2021,20210128004218,Geely,Emgrand X7 Sport Executive 2.4 A/T 4WD,31990.0
2021,20210128004218,Gwm,C30 Fashionable M/T,14950.0
2021,20210128004218,Gwm,C30 Intelligent M/T,17990.0
2021,20210128004218,Gwm,Wingle5E Luxury 2.2 4x2,17250.0
2021,20210128004218,Gwm,Wingle5E Luxury 2.4 4x2,20950.0
2021,20210128004218,Gwm,Wingle5E Luxury 2.4 4x4,22950.0
2021,20210128004218,Gwm,Wingle5E Super Luxury 2.0 TDI 4x2,30500.0
2021,20210128004218,Gwm,Wingle5E Super Luxury 2.0 TDI 4x4,34500.0
2021,20210128004218,Gwm,Wingle 6 2.4 Dignity 4x2,23990.0
2021,20210128004218,Gwm,Wingle 6 2.4 Dignity 4x4,25990.0
2021,20210128004218,Gwm,Luxury 4x2,32450.0
2021,20210128004218,Gwm,Luxury 4x4,34950.0
2021,20210128004218,Gwm,S5 1.5 T Elite CVT,23950.0
2021,20210128004218,Gwm,H1 Comfort 1.5 M/T,15990.0
2021,20210128004218,Gwm,H1 Luxury 1.5 M/T,16990.0
2021,20210128004218,Gwm,H1 Elite 1.5 M/T,17990.0
2021,20210128004218,Gwm,H2 Comfort 1.5 T M/T,24990.0
2021,20210128004218,Gwm,H2 Dignity 1.5 T A/T,27990.0
2021,20210128004218,Gwm,H6 Supreme 2.0 GDIT 7DCT,37450.0
2021,20210128004218,Honda,Civic Type R 2.0 T M/T,77900.0
2021,20210128004218,Honda,WR-V 1.5 LX M/T,24300.0
2021,20210128004218,Honda,WR-V 1.5 EX CVT,26900.0
2021,20210128004218,Honda,HR-V 1.8 LX CVT 2WD,32600.0
2021,20210128004218,Honda,HR-V 1.8 EX-L CVT 2WD,36600.0
2021,20210128004218,Honda,CR-V 1.5 Turbo i-VTEC EX 2WD CVT,53900.0
2021,20210128004218,Honda,CR-V 1.5 Turbo i-VTEC EX-L AWD CVT,59900.0
2021,20210128004218,Honda,Pilot EX-L 3.5 V6 4WD A/T,97900.0
2021,20210128004218,Honda,Odyssey Elite 3.5 V6 A/T,98900.0
2021,20210128004218,Honda,Ridgeline RTL-T 3.5 V6 AWD A/T,94600.0
2021,20210128004218,Hyundai,Atos 1.0 Comfort,12990.0
2021,20210128004218,Hyundai,Atos 1.0 Premium,13990.0
2021,20210128004218,Hyundai,Atos 1.1 Unique,14890.0
2021,20210128004218,Hyundai,Atos 1.1 Sky,17990.0
2021,20210128004218,Hyundai,HB20 1.0 Comfort M/T,13990.0
2021,20210128004218,Hyundai,HB20 1.0 Premium M/T,15990.0
2021,20210128004218,Hyundai,HB20S 1.0 Premium M/T,16990.0
2021,20210128004218,Hyundai,HB20 1.6 Comfort M/T,18490.0
2021,20210128004218,Hyundai,HB20 1.6 Comfort A/T,20490.0
2021,20210128004218,Hyundai,HB20 1.6 Premium M/T,21490.0
2021,20210128004218,Hyundai,HB20 1.6 Premium A/T,22990.0
2021,20210128004218,Hyundai,HB20 1.6 Unique M/T,24490.0
2021,20210128004218,Hyundai,HB20 1.6 Unique A/T,25990.0
2021,20210128004218,Hyundai,HB20S 1.6 Comfort M/T,19490.0
2021,20210128004218,Hyundai,HB20S 1.6 Comfort A/T,21490.0
2021,20210128004218,Hyundai,HB20S 1.6 Premium M/T,21990.0
2021,20210128004218,Hyundai,HB20S 1.6 Premium A/T,23990.0
2021,20210128004218,Hyundai,HB20S 1.6 Unique M/T,24490.0
2021,20210128004218,Hyundai,HB20S 1.6 Unique A/T,25990.0
2021,20210128004218,Hyundai,HB20X Cross 1.6 Premium M/T,21990.0
2021,20210128004218,Hyundai,HB20X Cross 1.6 Premium A/T,23990.0
2021,20210128004218,Hyundai,Ioniq Hybrid 1.6 GDi GLS DCT,35990.0
2021,20210128004218,Hyundai,Ioniq Hybrid 1.6 GDi GLS DCT Extra Full,40990.0
2021,20210128004218,Hyundai,Veloster 1.6 T-GDi M/T,51990.0
2021,20210128004218,Hyundai,Veloster 1.6 T-GDi DCT,55990.0
2021,20210128004218,Hyundai,Hybrid GLS 2.0 GDi A/T,55990.0
2021,20210128004218,Hyundai,Creta 1.6 Sport M/T,25490.0
2021,20210128004218,Hyundai,Creta 1.6 Sport A/T,26990.0
2021,20210128004218,Hyundai,Creta 1.6 Premium M/T,28990.0
2021,20210128004218,Hyundai,Creta 1.6 Premium A/T,30990.0
2021,20210128004218,Hyundai,Kona Electric Limited A/T (64 kWh),62900.0
2021,20210128004218,Hyundai,Tucson 2.0 2WD GL Value A/T,39990.0
2021,20210128004218,Hyundai,Tucson 1.6 T-GDi 2WD GL Sport DCT,45990.0
2021,20210128004218,Hyundai,Tucson 1.6 T-GDi 2WD GLS Safe DCT,50990.0
2021,20210128004218,Hyundai,Tucson 1.6 T-GDi 2WD GLS Safe + Techo DCT,52990.0
2021,20210128004218,Hyundai,Tucson 1.6 T-GDi 2WD GLS Limited DCT,57990.0
2021,20210128004218,Hyundai,Santa Fe 2.4 2WD Premium A/T,59990.0
2021,20210128004218,Hyundai,Santa Fe 2.4 AWD Limited A/T,71990.0
2021,20210128004218,Hyundai,Santa Fe 3.5 V6 AWD Limited A/T,81990.0
2021,20210128004218,Hyundai,H-1 G-Starex Furgón 2.4 MPI,35900.0
2021,20210128004218,Hyundai,H-1 G-Starex Furgón 2.5 TCi,37900.0
2021,20210128004218,Hyundai,H-1 G-Starex Minibus 9 pasajeros 2.5 TCi,38950.0
2021,20210128004218,Hyundai,H-1 G-Starex Minibus 9 pasajeros 2.4 MPI,54900.0
2021,20210128004218,Jac,S1 Luxury 1.3,14490.0
2021,20210128004218,Jac,S2 Luxury 1.5 M/T,17990.0
2021,20210128004218,Jac,S2 Intelligent 1.5 M/T,18990.0
2021,20210128004218,Jac,S2 Eléctrico (33 kWh),37990.0
2021,20210128004218,Jac,S3 Luxury 1.5 M/T,21990.0
2021,20210128004218,Jac,T6 2.0 Comfort,20990.0
2021,20210128004218,Jac,T6 2.0 Luxury,21990.0
2021,20210128004218,Jac,Sunray Furgón 2.8,33990.0
2021,20210128004218,Jac,Sunray Minibus 2.8,38990.0
2021,20210128004218,Jac,E-Pace R-Dynamic S P200 AWD 2.0 A/T,100990.0
2021,20210128004218,Jeep,Renegade Sport 1.8 MT6 FWD,26490.0
2021,20210128004218,Jeep,Renegade Sport 1.8 AT6 FWD,29490.0
2021,20210128004218,Jeep,Renegade Longitude 1.8 AT6 FWD,34990.0
2021,20210128004218,Jeep,Compass Longitude 2.4 AT6 FWD,43990.0
2021,20210128004218,Jeep,Grand Cherokee Laredo 3.6 V6 AT8 4WD,99000.0
2021,20210128004218,Jeep,Grand Cherokee Limited 3.6 V6 AT8 4WD,125000.0
2021,20210128004218,Jeep,Grand Cherokee SRT8 6.4 V8 HEMI AT8 4WD,175000.0
2021,20210128004218,Jeep,Grand Cherokee Trackhawk 6.2 Supercharged V8 HEMI AT8 4WD,295000.0
2021,20210128004218,Jeep,Wrangler Sport 3.6 V6 AT8 4WD,108900.0
2021,20210128004218,Jeep,Wrangler Unlimited Rubicon 3.6 V6 AT8 4WD,129000.0
2021,20210128004218,Jeep,Gladiator Rubicon 3.6 V6 AT8 4WD,99000.0
2021,20210128004218,Jetour,X70 Comfort 1.5T 240T M/T,25990.0
2021,20210128004218,Jetour,X70 Luxury 1.5T 240T M/T,27490.0
2021,20210128004218,Jetour,X70 Luxury 1.5T 240T DCT,30490.0
2021,20210128004218,Jmc,N520 2.8 TDi Touring Cargo Box JX493ZLQ4,24478.0
2021,20210128004218,Jmc,Vigus 2.4 TDCi SLX Doble Cabina 4x4,41468.0
2021,20210128004218,Kia,Soluto EX Plus 1.4 M/T,17990.0
2021,20210128004218,Kia,Rio Hatch LX Plus 1.4,20990.0
2021,20210128004218,Kia,Rio Hatch EX Plus M/T 1.4,24490.0
2021,20210128004218,Kia,Rio Sedán LX Plus 1.4,20990.0
2021,20210128004218,Kia,Rio Sedán EX Plus M/T 1.4,24490.0
2021,20210128004218,Kia,Rio Sedán EX Plus A/T 1.4,24990.0
2021,20210128004218,Kia,Niro Hybrid Plus 1.6 GDi GLS DCT,43990.0
2021,20210128004218,Kia,Sportage 2.0 2WD LX A/T,40990.0
2021,20210128004218,Kia,Grand Carnival EX 3.3 V6 A/T,79990.0
2021,20210128004218,Land Rover,Range Rover Evoque S AWD 2.0 Si4 P200 A/T,102990.0
2021,20210128004218,Land Rover,Range Rover Evoque SE R-Dynamic AWD 2.0 Si4 P300 A/T,140990.0
2021,20210128004218,Land Rover,Range Rover Velar S P250 AWD 2.0 Si4 A/T,139990.0
2021,20210128004218,Land Rover,Defender 110 S AWD 2.0 Si4 P300 A/T,154990.0
2021,20210128004218,Land Rover,Defender 110 S AWD 2.0 Si4 P300 A/T (c/techo solar),159990.0
2021,20210128004218,Mercedes-Benz,MX-5 2.0 SKYACTIV-G M/T,64990.0
2021,20210128004218,Mercedes-Benz,MX-5 RF 2.0 SKYACTIV-G M/T,72990.0
2021,20210128004218,Mercedes-Benz,CX-30 2.0 SKYACTIV-G 2WD Core A/T,35990.0
2021,20210128004218,Mercedes-Benz,CX-30 2.0 SKYACTIV-G 2WD High A/T,39990.0
2021,20210128004218,Mercedes-Benz,CX-30 2.0 SKYACTIV-G AWD High A/T,42990.0
2021,20210128004218,Mercedes-Benz,CX-30 2.5 SKYACTIV-G AWD High A/T,44990.0
2021,20210128004218,Mercedes-Benz,CX-5 2.0 SKYACTIV-G AWD Full A/T,49900.0
2021,20210128004218,Mercedes-Benz,CX-5 2.0 SKYACTIV-G 2WD Extra Full A/T,51900.0
2021,20210128004218,Mercedes-Benz,CX-5 2.0 SKYACTIV-G AWD Extra Full A/T,56990.0
2021,20210128004218,Mercedes-Benz,CX-5 2.5 SKYACTIV-G AWD Extra Full A/T,61990.0
2021,20210128004218,Mercedes-Benz,CX-9 2.5 Turbo SKYACTIV-G AWD Full A/T,74900.0
2021,20210128004218,Mercedes-Benz,CX-9 2.5 Turbo SKYACTIV-G AWD Extra Full A/T,84990.0
2021,20210128004218,Mercedes-Benz,BT-50 2.5 MZ-CD 4x2 M/T,36990.0
2021,20210128004218,Mercedes-Benz,BT-50 2.2 MZ-CD eTGV 4x4 M/T,49990.0
2021,20210128004218,Mercedes-Benz,BT-50 2.2 MZ-CD Freestyle Cab 4x4 M/T,53290.0
2021,20210128004218,Mercedes-Benz,BT-50 3.2 MZ-CD eTGV 4x4 A/T,59990.0
2021,20210128004218,Mercedes-Benz,A 180 7G-DCT,39990.0
2021,20210128004218,Mercedes-Benz,A 200 7G-DCT,43990.0
2021,20210128004218,Mercedes-Benz,A 200 Style 7G-DCT,51990.0
2021,20210128004218,Mercedes-Benz,A 200 Progressive 7G-DCT,56990.0
2021,20210128004218,Mercedes-Benz,A 250 AMG Line 7G-DCT,76990.0
2021,20210128004218,Mercedes-Benz,A 35 4MATIC AMG SPEEDSHIFT DCT 7G,87990.0
2021,20210128004218,Mercedes-Benz,A 45 S 4MATIC+ AMG SPEEDSHIFT DCT 8G,149990.0
2021,20210128004218,Mercedes-Benz,A 200 Sedán Style 7G-DCT,49990.0
2021,20210128004218,Mercedes-Benz,A 35 4MATIC Sedán AMG SPEEDSHIFT DCT 7G,91990.0
2021,20210128004218,Mercedes-Benz,C 300 e Avantgarde 9G-TRONIC PLUS,62990.0
2021,20210128004218,Mercedes-Benz,C 300 e AMG Line 9G-TRONIC PLUS,79990.0
2021,20210128004218,Mercedes-Benz,C 43 4MATIC 9G-TRONIC PLUS,149990.0
2021,20210128004218,Mercedes-Benz,C 63 4MATIC 9G-TRONIC PLUS,202990.0
2021,20210128004218,Mercedes-Benz,C 63 S 4MATIC 9G-TRONIC PLUS,219990.0
2021,20210128004218,Mercedes-Benz,C 200 Coupé 9G-TRONIC PLUS,80990.0
2021,20210128004218,Mercedes-Benz,C 300 Coupé AMG Line 9G-TRONIC PLUS,99990.0
2021,20210128004218,Mercedes-Benz,C 200 Cabrio 9G-TRONIC PLUS,86990.0
2021,20210128004218,Mercedes-Benz,C 300 Cabrio AMG Line 9G-TRONIC PLUS,119990.0
2021,20210128004218,Mercedes-Benz,SLC 180 9G-TRONIC PLUS,69490.0
2021,20210128004218,Mercedes-Benz,SLC 200 9G-TRONIC PLUS,84990.0
2021,20210128004218,Mercedes-Benz,E 250 Avantgarde 9G-TRONIC,91990.0
2021,20210128004218,Mercedes-Benz,E 300 Avantgarde 9G-TRONIC,112990.0
2021,20210128004218,Mercedes-Benz,E 350 e Avantgarde 9G-TRONIC,95990.0
2021,20210128004218,Mercedes-Benz,E 450 Avantgarde 4MATIC 9G-TRONIC,140990.0
2021,20210128004218,Mercedes-Benz,GLA 180 7G-DCT,47490.0
2021,20210128004218,Mercedes-Benz,GLA 200 Progressive 7G-DCT,64990.0
2021,20210128004218,Mercedes-Benz,GLB 200 Style 7G-DCT,59990.0
2021,20210128004218,Mercedes-Benz,GLB 250 4MATIC Progressive 8G-DCT,79990.0
2021,20210128004218,Mercedes-Benz,GLB 35 4MATIC AMG SPEEDSHIFT DCT 8G,99990.0
2021,20210128004218,Mercedes-Benz,GLC 300 e 4MATIC 9G-TRONIC PLUS,83490.0
2021,20210128004218,Mercedes-Benz,GLC 300 e Plus 4MATIC 9G-TRONIC PLUS,96990.0
2021,20210128004218,Mercedes-Benz,GLC Coupé 300 e Plus 4MATIC 9G-TRONIC PLUS,86490.0
2021,20210128004218,Mercedes-Benz,GLC Coupé 300 e AMG Line 4MATIC 9G-TRONIC PLUS,109990.0
2021,20210128004218,Mercedes-Benz,GLE 450 4MATIC 9G-TRONIC,179990.0
2021,20210128004218,Mercedes-Benz,EQC 400 4MATIC (80 kWh),105990.0
2021,20210128004218,Mercedes-Benz,EQC 400 4MATIC AMG Line (80 kWh),129990.0
2021,20210128004218,Mercedes-Benz,Vito 111 CDI Furgón Largo,44700.0
2021,20210128004218,Mercedes-Benz,Vito 111 CDI Tourer Largo (9+1 pasajeros),49900.0
2021,20210128004218,Mercedes-Benz,Sprinter 515 2.1 CDI Chasis Cabina,39500.0
2021,20210128004218,Mercedes-Benz,Sprinter 311 2.1 CDI Furgón Compacto,41300.0
2021,20210128004218,Mercedes-Benz,Sprinter 315 2.1 CDI Furgón Estándar,44900.0
2021,20210128004218,Mercedes-Benz,Sprinter 415 2.1 CDI Furgón Compacto,49900.0
2021,20210128004218,Mercedes-Benz,Sprinter 415 2.1 CDI Furgón Largo,51600.0
2021,20210128004218,Mercedes-Benz,Sprinter 515 2.1 CDI Furgón Largo,52500.0
2021,20210128004218,Mercedes-Benz,Sprinter 515 2.1 CDI Furgón Extra Largo,54200.0
2021,20210128004218,Mercedes-Benz,Sprinter 415 Minibus 15+1 2.1 CDI Techo Elevado,54500.0
2021,20210128004218,Mini,Cooper Hatch 3 Door Salt 1.5 T M/T,34990.0
2021,20210128004218,Mini,Cooper Hatch 3 Door Pepper Plus 1.5 T M/T,41990.0
2021,20210128004218,Mini,Door JCW Sport 1.5 T Steptronic,49990.0
2021,20210128004218,Mini,Cooper S Hatch 3 Door JCW Sport 2.0 T DKG Steptronic,59990.0
2021,20210128004218,Mini,John Cooper Works Hatch Chili 2.0 T Steptronic,75990.0
2021,20210128004218,Mini,Cooper Hatch 5 Door Pepper Plus 1.5 T M/T,43990.0
2021,20210128004218,Mini,Cooper S Hatch 5 Door JCW Sport 2.0 T Steptronic,61990.0
2021,20210128004218,Mini,Cooper S Cabrio Chili 2.0 T DKG Steptronic,67990.0
2021,20210128004218,Mini,Cooper Countryman Classic 1.5 T M/T,39990.0
2021,20210128004218,Mini,Cooper Countryman Classic 1.5 T Steptronic,43990.0
2021,20210128004218,Mini,Cooper Countryman Pepper Plus 1.5 T Steptronic,51990.0
2021,20210128004218,Mini,Cooper S E Countryman Chili 1.5 T Steptronic ALL4,66990.0
2021,20210128004218,Mini,John Cooper Works Countryman Chili 2.0 T Steptronic ALL4,89990.0
2021,20210128004218,Mitsubishi,Eclipse Cross 2.0 2WD GLS CVT,39990.0
2021,20210128004218,Mitsubishi,Eclipse Cross 2.0 4WD GLS CVT,42990.0
2021,20210128004218,Mitsubishi,Eclipse Cross 1.5 DIT 2WD GLS CVT,47990.0
2021,20210128004218,Mitsubishi,Eclipse Cross 1.5 DIT 4WD GLS CVT,50990.0
2021,20210128004218,Mitsubishi,Outlander 2.0 GLX 2WD CVT,43990.0
2021,20210128004218,Mitsubishi,Outlander 3.0 V6 4WD GLS A/T,52990.0
2021,20210128004218,Mitsubishi,L200 2.4 MPI GL 4x4 M/T,34990.0
2021,20210128004218,Mitsubishi,L200 2.4 Di-D GLX Hi-Rider 4x2 M/T,49990.0
2021,20210128004218,Mitsubishi,L200 2.4 Di-D GLS 4x4 M/T,59990.0
2021,20210128004218,Mitsubishi,L200 2.4 High Power Di-D GLS 4x4 A/T,66990.0
2021,20210128004218,Nissan,March Active 1.6 M/T,15990.0
2021,20210128004218,Nissan,March Advance 1.6 M/T,17690.0
2021,20210128004218,Nissan,March Advance 1.6 A/T,18990.0
2021,20210128004218,Nissan,Versa Drive 1.6 M/T,17990.0
2021,20210128004218,Nissan,Versa Drive 1.6 A/T,18990.0
2021,20210128004218,Nissan,1.6 M/T,20990.0
2021,20210128004218,Nissan,Versa Advance 1.6 M/T,22990.0
2021,20210128004218,Nissan,Versa Exclusive 1.6 CVT,25490.0
2021,20210128004218,Nissan,Note Sense 1.6 M/T,19990.0
2021,20210128004218,Nissan,Note Advance 1.6 M/T,21990.0
2021,20210128004218,Nissan,Note Advance 1.6 CVT,24590.0
2021,20210128004218,Nissan,Sentra 2.0 Advance CVT,31990.0
2021,20210128004218,Nissan,Sentra 2.0 SR CVT,34990.0
2021,20210128004218,Nissan,Sentra 2.0 Exclusive CVT,34990.0
2021,20210128004218,Nissan,Leaf Tekna (40 Kwh),47990.0
2021,20210128004218,Nissan,Kicks Sense 1.6 M/T,24490.0
2021,20210128004218,Nissan,Kicks Advance 1.6 M/T,25990.0
2021,20210128004218,Nissan,Kicks Advance 1.6 CVT,27990.0
2021,20210128004218,Nissan,Kicks Exclusive 1.6 CVT,29490.0
2021,20210128004218,Nissan,Qashqai Advance 2.0 M/T,37490.0
2021,20210128004218,Nissan,Qashqai Advance 2.0 CVT FWD,40990.0
2021,20210128004218,Nissan,Qashqai Exclusive 2.0 CVT AWD,46990.0
2021,20210128004218,Nissan,X-Trail Exclusive 2.5 CVT AWD,57990.0
2021,20210128004218,Nissan,Murano 3.5 V6 Exclusive A/T AWD,94990.0
2021,20210128004218,Nissan,Frontier C/S S 4x2 2.5 M/T,22990.0
2021,20210128004218,Nissan,Frontier C/D S 4x2 2.5 M/T,24388.0
2021,20210128004218,Nissan,Frontier C/D SE 4x2 2.5 M/T,26828.0
2021,20210128004218,Nissan,Frontier C/D SE Pack XE 4x2 2.5 M/T,29877.0
2021,20210128004218,Nissan,Frontier C/D SE Pack LE 4x2 2.5 M/T,31619.0
2021,20210128004218,Nissan,Frontier C/S S 4x2 2.5 DDTTi M/T,33205.0
2021,20210128004218,Nissan,Frontier C/D S 4x2 2.5 DDTTi M/T,36588.0
2021,20210128004218,Nissan,Frontier C/D SE 4x2 2.5 DDTTi M/T,39638.0
2021,20210128004218,Nissan,Frontier C/D XE 4x2 2.5 DDTTi High Power M/T,42688.0
2021,20210128004218,Nissan,Frontier C/S S 4x4 2.5 DDTTi High Power M/T,46348.0
2021,20210128004218,Nissan,Frontier C/D LE 4x2 2.5 DDTTi High Power M/T,46348.0
2021,20210128004218,Nissan,Frontier C/D SE 4x4 2.5 DDTTi High Power M/T,48788.0
2021,20210128004218,Nissan,Frontier C/D XE 4x4 2.5 DDTTi High Power M/T,52448.0
2021,20210128004218,Nissan,Frontier C/D LE 4x4 2.5 DDTTi High Power M/T,56108.0
2021,20210128004218,Nissan,Frontier C/D LE 4x4 2.5 DDTTi High Power A/T,59158.0
2021,20210128004218,Peugeot,108 1.0 VTi 68 Active,17490.0
2021,20210128004218,Peugeot,108 1.0 VTi 68 Allure TOP!,20990.0
2021,20210128004218,Peugeot,208 Allure 1.6 BVM5,25000.0
2021,20210128004218,Peugeot,208 Allure 1.6 Tiptronic,27000.0
2021,20210128004218,Peugeot,208 Féline 1.6 Tiptronic,29500.0
2021,20210128004218,Peugeot,301 1.2 PureTech Active,19990.0
2021,20210128004218,Peugeot,301 1.2 PureTech Active Pack,21490.0
2021,20210128004218,Peugeot,308 GT Line 1.2 PureTech 130 S&S BVM6,33990.0
2021,20210128004218,Peugeot,308 GT Line 1.2 PureTech 130 S&S EAT6,35990.0
2021,20210128004218,Peugeot,308 Allure 1.6 THP 165 EAT6,38490.0
2021,20210128004218,Peugeot,308 GT PureTech 225 S&S EAT8,49990.0
2021,20210128004218,Peugeot,GTi by Peugeot Sport 1.6 THP 270,59900.0
2021,20210128004218,Peugeot,2008 1.6 VTi Féline BVM5,24990.0
2021,20210128004218,Peugeot,2008 1.6 VTi Féline EAT6,26990.0
2021,20210128004218,Peugeot,2008 1.2 PureTech 130 Active EAT6,32990.0
2021,20210128004218,Peugeot,2008 1.2 PureTech 130 Allure EAT6,36990.0
2021,20210128004218,Peugeot,2008 1.2 PureTech 155 GT EAT8,42990.0
2021,20210128004218,Peugeot,3008 GT Line 1.6 THP 165 EAT6,54000.0
2021,20210128004218,Peugeot,5008 GT Line 1.6 THP 165 EAT6,59500.0
2021,20210128004218,Peugeot,1.2 PureTech 130 S&S EAT8,39490.0
2021,20210128004218,Peugeot,Partner M69 Confort 1.6,14990.0
2021,20210128004218,Peugeot,Partner M59 Confort 1.6 HDi,20990.0
2021,20210128004218,Peugeot,Partner K9 1.6 115 L2,22990.0
2021,20210128004218,Peugeot,Partner K9 1.6 HDI 92 L2,27990.0
2021,20210128004218,Peugeot,Boxer L1H1 2.2 HDi,34990.0
2021,20210128004218,Peugeot,Boxer L1H1 2.2 HDi (c/reg.-lim. de velocidad+radio+Bluetooth+sensores est.),35890.0
2021,20210128004218,Peugeot,Boxer L2H2 2.2 HDi,37990.0
2021,20210128004218,Peugeot,Boxer L2H2 2.2 HDi (c/reg.-lim. de velocidad+radio+Bluetooth+sensores est.),37990.0
2021,20210128004218,Peugeot,Boxer L4H2 2.2 HDi,42990.0
2021,20210128004218,Peugeot,Boxer L4H2 2.2 HDi (c/reg.-lim. de velocidad+radio+Bluetooth+sensores est.),42990.0
2021,20210128004218,Porsche,718 Boxster 2.0 T PDK,155000.0
2021,20210128004218,Porsche,718 Cayman S 2.5 T PDK,167500.0
2021,20210128004218,Porsche,718 Boxster S 2.5 T PDK,178500.0
2021,20210128004218,Porsche,Macan 2.0 turbo PDK,158000.0
2021,20210128004218,Porsche,Macan S 3.0 V6 bi-turbo PDK,198000.0
2021,20210128004218,Porsche,Cayenne 3.0 V6 Tiptronic S,175000.0
2021,20210128004218,Porsche,Cayenne S 2.9 V6 Tiptronic S,225000.0
2021,20210128004218,Porsche,Cayenne Coupé 3.0 V6 Tiptronic S,195000.0
2021,20210128004218,Ram,1500 DS Laramie 5.7 V8 Crew Cab A/T 4x4,74000.0
2021,20210128004218,Ram,1500 DT Laramie 5.7 V8 Crew Cab A/T 4x4,88000.0
2021,20210128004218,Ram,1500 DT Laramie 3.6 V6 eTorque MHEV Crew Cab A/T 4x4,99800.0
2021,20210128004218,Ram,1500 TRX 6.2 Supercharged V8 HEMI Crew Cab A/T 4x4,169000.0
2021,20210128004218,Ram,2500 Big Horn 6.4 V8 Regular Cab A/T 4x4,65500.0
2021,20210128004218,Ram,2500 Laramie 6.4 V8 Crew Cab A/T 4x4,78500.0
2021,20210128004218,Renault,Kwid Life 1.0,11990.0
2021,20210128004218,Renault,Kwid Zen 1.0,12990.0
2021,20210128004218,Renault,Kwid Intens 1.0,13990.0
2021,20210128004218,Renault,Kwid Outsider 1.0,14990.0
2021,20210128004218,Renault,Sandero Life 1.0,14990.0
2021,20210128004218,Renault,Sandero Zen 1.0,15990.0
2021,20210128004218,Renault,Logan Life 1.0,14990.0
2021,20210128004218,Renault,Logan Zen 1.0,15990.0
2021,20210128004218,Renault,Stepway Zen 1.6 M/T,19490.0
2021,20210128004218,Renault,Stepway Intens 1.6 CVT,22490.0
2021,20210128004218,Renault,Clio IV Life TCe 90,18990.0
2021,20210128004218,Renault,Clio IV Intens TCe 90,22490.0
2021,20210128004218,Renault,ZOE Z.E. 40 Intens (41 kWh),39990.0
2021,20210128004218,Renault,Duster Zen Techno 1.6 SCe M/T,21990.0
2021,20210128004218,Renault,Duster Intens 1.6 SCe CVT,24990.0
2021,20210128004218,Renault,Duster Intens Vision 1.6 SCe CVT,26790.0
2021,20210128004218,Renault,Duster Intens Outsider 1.6 SCe CVT,27490.0
2021,20210128004218,Renault,Grand Captur Zen 2.0 M/T,25990.0
2021,20210128004218,Renault,Grand Captur Intens 1.6 CVT,29990.0
2021,20210128004218,Renault,Koleos Zen 2.5 SCe 2WD CVT,39990.0
2021,20210128004218,Renault,Koleos Intens 2.5 SCe 2WD CVT,45990.0
2021,20210128004218,Renault,Oroch Dynamique 1.6 SCe 2WD,18890.0
2021,20210128004218,Renault,Oroch Outsider 1.6 SCe 2WD,19990.0
2021,20210128004218,Renault,Oroch Privilège 2.0 2WD,21948.0
2021,20210128004218,Renault,Oroch Privilège 2.0 4WD,23990.0
2021,20210128004218,Renault,Kangoo Express 1.6 Profesional,18898.0
2021,20210128004218,Renault,Kangoo Express 1.6 Confort,19508.0
2021,20210128004218,Renault,Kangoo Maxi Z.E. 44 Furgón,45990.0
2021,20210128004218,Renault,Kangoo Maxi Z.E. 44 Q-Cab,46990.0
2021,20210128004218,Renault,Master L1H1 2.3 dCi,30488.0
2021,20210128004218,Renault,Master L3H2 Minibus 2.3 dCi,43664.0
2021,20210128004218,Seat,Ibiza 1.0 Style M/T,24450.0
2021,20210128004218,Seat,Ibiza 1.0 Style Plus M/T,26800.0
2021,20210128004218,Seat,Toledo 1.6 Reference Plus M/T,25950.0
2021,20210128004218,Seat,León 1.2 TSI Style M/T,309950.0
2021,20210128004218,Seat,León 1.2 TSI Style Plus M/T,33950.0
2021,20210128004218,Seat,Arona 1.6 Style A/T,30950.0
2021,20210128004218,Seat,Arona 1.6 FR A/T,34950.0
2021,20210128004218,Seat,Arona 1.6 FR Plus A/T,36950.0
2021,20210128004218,Seat,Ateca 1.4 TSI Style Tiptronic,44950.0
2021,20210128004218,Seat,Tarraco 1.4 TSI Style DSG,44950.0
2021,20210128004218,Seat,Tarraco 1.4 TSI Style Plus DSG,57990.0
2021,20210128004218,Subaru,XV 2.0-S CVT (JI),46800.0
2021,20210128004218,Subaru,XV 2.0-ES CVT EyeSight (JI),50800.0
2021,20210128004218,Subaru,2.0 M/T (OH),69800.0
2021,20210128004218,Subaru,WRX High +L 2.0 CVT (OH),73800.0
2021,20210128004218,Subaru,WRX High +L-ES 2.0 CVT EyeSight (OH),78800.0
2021,20210128004218,Subaru,WRX Premium-ES 2.0 CVT EyeSight (OH),81800.0
2021,20210128004218,Subaru,Outback 2.5i-S CVT AWD (ZU),68800.0
2021,20210128004218,Subaru,Outback 3.6R-S CVT AWD (ZU),78800.0
2021,20210128004218,Subaru,Outback 2.5i-ES CVT AWD EyeSight (ZU),72800.0
2021,20210128004218,Subaru,Outback 3.6R-S CVT AWD EyeSight (ZU),83800.0
2021,20210128004218,Subaru,Forester 2.0i-S CVT (WW),59800.0
2021,20210128004218,Subaru,Forester 2.0i-ES CVT EyeSight (WW),63800.0
2021,20210128004218,Subaru,Forester 2.5i-S CVT EyeSight (WW),66800.0
2021,20210128004218,Suzuki,Alto 800 0.8 STD,8590.0
2021,20210128004218,Suzuki,Alto 800 0.8 GA,9690.0
2021,20210128004218,Suzuki,Alto 800 0.8 GL,10490.0
2021,20210128004218,Suzuki,S-Presso GL 1.0 M/T,11990.0
2021,20210128004218,Suzuki,Celerio 1.0 GL M/T,12990.0
2021,20210128004218,Suzuki,Celerio 1.0 GL AMT,13990.0
2021,20210128004218,Suzuki,Dzire 1.2 GL M/T,15990.0
2021,20210128004218,Suzuki,Dzire 1.2 GL AMT,17490.0
2021,20210128004218,Suzuki,Dzire 1.2 GLX M/T,17490.0
2021,20210128004218,Suzuki,Dzire 1.2 GLX AMT,18990.0
2021,20210128004218,Suzuki,Swift 1.2 GL M/T,15490.0
2021,20210128004218,Suzuki,Swift 1.2 GL AMT,16990.0
2021,20210128004218,Suzuki,Swift Sport 1.4 Boosterjet M/T,29990.0
2021,20210128004218,Suzuki,Swift Sport 1.4 Boosterjet A/T,32990.0
2021,20210128004218,Suzuki,Baleno 1.4 GL M/T,17990.0
2021,20210128004218,Suzuki,Ertiga 1.5 GL M/T,24990.0
2021,20210128004218,Suzuki,Ertiga 1.5 GL A/T,26990.0
2021,20210128004218,Suzuki,Ertiga 1.5 GLX M/T,26990.0
2021,20210128004218,Suzuki,Ertiga 1.5 GLX A/T,28990.0
2021,20210128004218,Suzuki,Jimny 1.5 GL M/T,27990.0
2021,20210128004218,Suzuki,Jimny 1.5 GLX A/T,32990.0
2021,20210128004218,Suzuki,Vitara 1.4 Boosterjet Turbo GLX M/T,29990.0
2021,20210128004218,Suzuki,Vitara 1.4 Boosterjet Turbo GLX A/T,31990.0
2021,20210128004218,Suzuki,Vitara 1.4 Boosterjet Turbo GLX M/T ALLGRIP,32990.0
2021,20210128004218,Suzuki,Vitara 1.4 Boosterjet Turbo GLX A/T ALLGRIP,34990.0
2021,20210128004218,Toyota,Etios Sedán 1.5 X M/T,17990.0
2021,20210128004218,Toyota,Etios Sedán 1.5 XLS M/T,19990.0
2021,20210128004218,Toyota,Etios Sedán 1.5 XLS A/T,20990.0
2021,20210128004218,Toyota,Prius c 1.5 E-CVT,25990.0
2021,20210128004218,Toyota,Corolla Hybrid XEi 1.8 e-CVT,33990.0
2021,20210128004218,Toyota,Corolla Hybrid SE-G 1.8 e-CVT,37990.0
2021,20210128004218,Toyota,Rush 1.5 S M/T,33990.0
2021,20210128004218,Toyota,Rush 1.5 S A/T,35990.0
2021,20210128004218,Toyota,Rush 1.5 S Plus A/T,37990.0
2021,20210128004218,Toyota,C-HR Hybrid Dynamic 1.8 e-CVT,45990.0
2021,20210128004218,Toyota,C-HR Hybrid Luxury 1.8 e-CVT,48990.0
2021,20210128004218,Toyota,RAV4 Hybrid S 2.5 220H e-CVT 2WD,49990.0
2021,20210128004218,Toyota,RAV4 Hybrid S Plus 2.5 220H e-CVT 2WD,53990.0
2021,20210128004218,Toyota,RAV4 Hybrid Limited 2.5 220H e-CVT 2WD,59990.0
2021,20210128004218,Toyota,RAV4 Hybrid Limited 2.5 220H e-CVT AWD,63990.0
2021,20210128004218,Toyota,Fortuner 4.0 V6 SRX 4WD A/T,79990.0
2021,20210128004218,Toyota,4Runner 4.0 V6 Limited 4WD A/T,98900.0
2021,20210128004218,Toyota,4Runner 4.0 V6 Limited 4WD A/T (c/3 filas de asientos),101900.0
2021,20210128004218,Toyota,Land Cruiser Prado 4.0 V6 VX 4WD A/T,132990.0
2021,20210128004218,Toyota,Hilux Cabina Doble 2.7 VVT-i DX 4x2,29990.0
2021,20210128004218,Toyota,Hilux Cabina Doble 2.7 VVT-i SR 4x2,33990.0
2021,20210128004218,Toyota,Hilux Cabina Doble 2.7 VVT-i DX 4x4,35990.0
2021,20210128004218,Toyota,Hilux Cabina Doble 2.7 VVT-i SRV 4x2,37990.0
2021,20210128004218,Toyota,Hilux Cabina Doble 2.7 VVT-i SR 4x4,39990.0
2021,20210128004218,Toyota,Hilux Cabina Doble 2.7 VVT-i SRV 4x4,42990.0
2021,20210128004218,Toyota,Hilux Cabina Doble 4.0 V6 VVT-i SRX 4x4 A/T,59990.0
2021,20210128004218,Toyota,Hilux Cabina Simple 2.4 D-4D DX 4x2,45990.0
2021,20210128004218,Toyota,Hilux Cabina Doble 2.4 D-4D DX 4x2,47990.0
2021,20210128004218,Toyota,Hilux Cabina Doble 2.4 D-4D SR 4x2,49990.0
2021,20210128004218,Toyota,Hilux Cabina Simple 2.4 D-4D DX 4x4,52990.0
2021,20210128004218,Toyota,Hilux Cabina Doble 2.4 D-4D DX 4x4,54990.0
2021,20210128004218,Toyota,Hilux Cabina Doble 2.8 D-4D SRV 4x2,56990.0
2021,20210128004218,Toyota,Hilux Cabina Doble 2.4 D-4D SR 4x4,58990.0
2021,20210128004218,Toyota,Hilux Cabina Doble 2.8 D-4D SR 4x4 A/T,61990.0
2021,20210128004218,Toyota,Hilux Cabina Doble 2.8 D-4D SRV 4x4 M/T,63990.0
2021,20210128004218,Toyota,Hilux Cabina Doble 2.8 D-4D SRV 4x4 A/T,66990.0
2021,20210128004218,Toyota,Hilux Cabina Doble 2.8 D-4D SRV Plus 4x4 A/T,71990.0
2021,20210128004218,Toyota,Hilux Cabina Doble 2.8 D-4D SRV Plus TSS 4x4 A/T,74990.0
2021,20210128004218,Victory,GHT1025D 1.2 Pick-Up Cabina Simple (con a/a),10390.0
2021,20210128004218,Victory,GHT1025D 1.2 Pick-Up Cabina Simple (Box sin refrigeración),13490.0
2021,20210128004218,Victory,GHT1025D 1.2 Pick-Up Cabina Simple (Box refrigerado),16450.0
2021,20210128004218,Victory,GHT1025S 1.2 Pick-Up Cabina Doble (con a/a),12290.0
2021,20210128004218,Victory,SCH5020XXYD 1.2 Furgón (sin a/a),10990.0
2021,20210128004218,Victory,SCH5020XXYD 1.2 Furgón (con a/a),12790.0
2021,20210128004218,Victory,SCH6430 1.2 Mini Bus (11 pasajeros),16990.0
2021,20210128004218,Volkswagen,move up! 1.0 MPI,14890.0
2021,20210128004218,Volkswagen,high up! 1.0 MPI,16990.0
2021,20210128004218,Volkswagen,high up! 1.0 170 TSI,18990.0
2021,20210128004218,Volkswagen,Gol Hatch 1.6 Trendline,15490.0
2021,20210128004218,Volkswagen,Gol Hatch 1.6 Highline,17890.0
2021,20210128004218,Volkswagen,Gol Hatch 1.6 Trendline Automatic,18490.0
2021,20210128004218,Volkswagen,Gol Hatch 1.6 Highline Automatic,20890.0
2021,20210128004218,Volkswagen,Gol Sedán 1.6 Trendline,17990.0
2021,20210128004218,Volkswagen,Gol Sedán 1.6 Comfortline,19690.0
2021,20210128004218,Volkswagen,Polo 1.6 Trendline M/T,19990.0
2021,20210128004218,Volkswagen,Polo 1.6 Comfortline M/T,23590.0
2021,20210128004218,Volkswagen,Polo 1.6 Highline M/T,24990.0
2021,20210128004218,Volkswagen,Polo 1.6 Highline Automatic,27690.0
2021,20210128004218,Volkswagen,Virtus 1.6 Trendline M/T,21990.0
2021,20210128004218,Volkswagen,Virtus 1.6 Comfortline M/T,24990.0
2021,20210128004218,Volkswagen,Virtus 1.6 Highline M/T,26590.0
2021,20210128004218,Volkswagen,Virtus 1.6 Highline Automatic,29290.0
2021,20210128004218,Volkswagen,Golf 1.4 250 TSI Highline M/T,33300.0
2021,20210128004218,Volkswagen,Golf 1.4 250 TSI Highline DSG,35800.0
2021,20210128004218,Volkswagen,GTI 2.0 TSI DSG,49300.0
2021,20210128004218,Volkswagen,Vento 1.4 250 TSI Comfortline M/T,32900.0
2021,20210128004218,Volkswagen,Vento 1.4 250 TSI Comfortline Automatic,34900.0
2021,20210128004218,Volkswagen,Vento 1.4 250 TSI Highline Automatic,37900.0
2021,20210128004218,Volkswagen,Vento GLI 2.0 TSI DSG,44990.0
2021,20210128004218,Volkswagen,Nivus Comfortline 200 TSI 1.0 Automatic,26990.0
2021,20210128004218,Volkswagen,Nivus Highline 200 TSI 1.0 Automatic,29990.0
2021,20210128004218,Volkswagen,T-Cross 1.6 Trendline M/T,26990.0
2021,20210128004218,Volkswagen,T-Cross 1.6 Trendline Automatic,28990.0
2021,20210128004218,Volkswagen,T-Cross 1.6 Comfortline Automatic,30990.0
2021,20210128004218,Volkswagen,T-Cross 1.6 Highline Automatic,34990.0
2021,20210128004218,Volkswagen,T-Cross 1.6 Trendline Automatic Panoramic,31190.0
2021,20210128004218,Volkswagen,T-Cross 1.6 Comfortline Automatic Panoramic,33490.0
2021,20210128004218,Volkswagen,T-Cross 1.6 Comfortline Automatic Premium,33790.0
2021,20210128004218,Volkswagen,T-Cross 1.6 Comfortline Automatic Premium Panoramic,36290.0
2021,20210128004218,Volkswagen,T-Cross 1.6 Highline Automatic + Innovation,37440.0
2021,20210128004218,Volkswagen,Tiguan Allspace 1.4 250 TSI Comfortline DSG,39990.0
2021,20210128004218,Volkswagen,Tiguan Allspace 1.4 250 TSI Highline DSG,46190.0
2021,20210128004218,Volkswagen,Tiguan Allspace 2.0 320 TSI Highline DSG 4MOTION,52290.0
2021,20210128004218,Volkswagen,Saveiro 1.6 Cabina Simple,14390.0
2021,20210128004218,Volkswagen,Saveiro 1.6 Cabina Extendida,16390.0
2021,20210128004218,Volkswagen,Saveiro 1.6 Cabina Doble,17490.0
2021,20210128004218,Volkswagen,Saveiro 1.6 16v Cabina Doble Cross,20990.0
2021,20210128004218,Volkswagen,Amarok 2.0 TSI Highline 4x2 M/T,35990.0
2021,20210128004218,Volkswagen,Amarok 2.0 TDI Highline 4x2 M/T,45690.0
2021,20210128004218,Volkswagen,Amarok 2.0 TDI Highline 4x2 A/T,50490.0
2021,20210128004218,Volkswagen,Amarok 2.0 TDI Highline 4x4 M/T,53190.0
2021,20210128004218,Volkswagen,Amarok 2.0 TDI Highline 4x4 A/T,57990.0
2021,20210128004218,Volkswagen,Amarok 3.0 V6 TDI Highline 4x4 A/T,72390.0
2021,20210128004218,Volvo,XC40 T4 FWD Kinetic 2.0 T A/T,66990.0
2021,20210128004218,Volvo,XC40 TwEn T5 R-Design 1.5 T A/T,75990.0
2021,20210128004218,Volvo,XC40 T4 FWD R-Design 2.0 T A/T,77990.0
2021,20210128004218,Volvo,XC60 T5 AWD Momentum 2.0 T A/T,99990.0
2021,20210128004218,Volvo,XC60 T8 Twin Engine AWD R-Design 2.0 T A/T,119990.0
2021,20210128004218,Volvo,XC90 T8 Twin Engine AWD Inscription 2.0 T A/T,149990.0
2021,20210128004218,Nissan,Rich 2.4 4x2,20490.0
2021,20210128004218,Nissan,Rich 2.4 4x4,25490.0
2021,20210128004218,Nissan,Terralord 2.4 4x2 Luxury,23169.0
2022,20220506020858,Audi,A4 Sedán S line 45 TFSI 2 .0 MHEV S tronic quattro,79900.0
2022,20220506020858,Audi,A6 Sedán Design 40 TFSI 2.0 MHEV S tronic,89900.0
2022,20220506020858,Audi,A6 Sedán Design 55 TFSI 3.0 MHEV S tronic quattro,148000.0
2022,20220506020858,Audi,RS e-tron GT quattro (93 kWh),198000.0
2022,20220506020858,Audi,Q2 35 TFSI 1.4 A/T,44900.0
2022,20220506020858,Audi,Q2 Advanced 35 TFSI 1.4 A/T,48900.0
2022,20220506020858,Audi,Q3 Advanced 35 TFSI 1.4 S tronic,54900.0
2022,20220506020858,Audi,Q3 Advanced Plus 35 TFSI 1.4 S tronic,63900.0
2022,20220506020858,Audi,Q3 Advanced Plus 40 TFSI 2.0 S tronic quattro,75900.0
2022,20220506020858,Audi,Q3 Sportback S line 1.4 TFSI S tronic,74490.0
2022,20220506020858,Audi,Q3 Sportback S line 2.0 TFSI S tronic quattro,85490.0
2022,20220506020858,Audi,RS Q3 Sportback 2.5 TFSI S tronic quattro,149900.0
2022,20220506020858,Audi,Q5 45 TFSI 2.0 MHEV Advanced S tronic quattro,80900.0
2022,20220506020858,Audi,Q5 45 TFSI 2.0 MHEV Advanced Plus S tronic quattro,91400.0
2022,20220506020858,Audi,Q5 45 TFSI 2.0 MHEV S line Plus S tronic quattro,93900.0
2022,20220506020858,Audi,SQ5 3.0 TFSI tiptronic quattro,137000.0
2022,20220506020858,Audi,Q5 Sportback 45 TFSI 2 .0 MHEV S line Plus S tronic quattro,99900.0
2022,20220506020858,Audi,Q7 45 TFSI 2.0 S tronic quattro,128900.0
2022,20220506020858,Audi,Q7 55 TFSI 3.0 S tronic quattro,159900.0
2022,20220506020858,Audi,Q8 55 TFSI 3.0 MHEV tiptronic quattro,192000.0
2022,20220506020858,Audi,e-tron Advanced Plus 50 quattro (71 kWh),98400.0
2022,20220506020858,Audi,e-tron Advanced Plus 55 quattro (95 kWh),114400.0
2022,20220506020858,Audi,e-tron Sportback Advanced Plus 50 quattro (71 kWh),102400.0
2022,20220506020858,Audi,e-tron Sportback S line 55 quattro (95 kWh),124900.0
2022,20220506020858,Bmw,118i Street 1.5 T M/T Steptronic,49990.0
2022,20220506020858,Bmw,128ti 2.0 T Steptronic Sport,71990.0
2022,20220506020858,Bmw,M135i xDrive 2.0 T Steptronic Sport,112990.0
2022,20220506020858,Bmw,218i Gran Coupé City 1.5 T M/T,51990.0
2022,20220506020858,Bmw,218i Gran Coupé Urban 1.5 T DKG Steptronic,54990.0
2022,20220506020858,Bmw,Sport 2.0 T DKG Steptronic,72990.0
2022,20220506020858,Bmw,M235i Gran Coupé xDrive 2.0 T Steptronic Sport,120990.0
2022,20220506020858,Bmw,220i Coupé M Sport 2.0 T Steptronic Sport,94990.0
2022,20220506020858,Bmw,M240i xDrive Coupé 3.0 T Steptronic Sport,129990.0
2022,20220506020858,Bmw,330e 2.0 T Urban Steptronic,64990.0
2022,20220506020858,Bmw,330e 2.0 T Sport Steptronic Sport,73990.0
2022,20220506020858,Bmw,330e 2.0 T M Sport Steptronic Sport,84990.0
2022,20220506020858,Bmw,330i 2.0 T M Sport Steptronic Sport,98990.0
2022,20220506020858,Bmw,M3 Competition 3.0 T M Steptronic Drivelogic,232990.0
2022,20220506020858,Bmw,Coupé 2.0 T M Sport Steptronic Sport,112990.0
2022,20220506020858,Bmw,Coupé xDrive 3.0 T Steptronic Sport,149990.0
2022,20220506020858,Bmw,M4 Competition Coupé 3.0 T M Steptronic Drivelogic,242990.0
2022,20220506020858,Bmw,520i Executive 2.0 T Steptronic,112990.0
2022,20220506020858,Bmw,530e 2.0 T Steptronic,125990.0
2022,20220506020858,Bmw,530i Executive 2.0 T Steptronic,138990.0
2022,20220506020858,Bmw,M5 Competition 4.4 T M xDrive M Steptronic Drivelogic,337990.0
2022,20220506020858,Bmw,Z4 M40i 3.0 Steptronic Sport,178990.0
2022,20220506020858,Bmw,M850i Coupé xDrive 4.4 Steptronic,283990.0
2022,20220506020858,Bmw,M850i Gran Coupé xDrive 4.4 Steptronic,293990.0
2022,20220506020858,Bmw,M850i Cabrio xDrive 4.4 Steptronic,304990.0
2022,20220506020858,Bmw,X1 sDrive 18i City 1.5 T DKG Steptronic,56990.0
2022,20220506020858,Bmw,X1 sDrive 18 xLine 1.5 T DKG Steptronic,60990.0
2022,20220506020858,Bmw,X1 sDrive 20i xLine 2.0 T DKG Steptronic,71990.0
2022,20220506020858,Bmw,X2 sDrive 18i City 1.5 T DKG Steptronic,66990.0
2022,20220506020858,Bmw,X2 sDrive 20i M Sport X 2.0 T DKG Steptronic,91990.0
2022,20220506020858,Bmw,X2 M35i xDrive 2.0 T Steptronic Sport,113990.0
2022,20220506020858,Bmw,X3 xDrive30e xLine 2.0 T Steptronic Sport,83990.0
2022,20220506020858,Bmw,X3 sDrive 20i Business 2.0 T Steptronic,85990.0
2022,20220506020858,Bmw,X3 xDrive30e xLine Plus 2.0 T Steptronic Sport,93990.0
2022,20220506020858,Bmw,X3 sDrive 20i Comfort Plus 2.0 T Steptronic,95990.0
2022,20220506020858,Bmw,X3 M40i xDrive 3.0 T Steptronic Sport,157990.0
2022,20220506020858,Bmw,X3 M Competition 3.0 T M xDrive M Steptronic Drivelogic,227990.0
2022,20220506020858,Bmw,X4 xDrive 20i xLine X 2.0 T Steptronic Sport,103990.0
2022,20220506020858,Bmw,X4 xDrive 20i M Sport X 2.0 T Steptronic Sport,108990.0
2022,20220506020858,Bmw,X4 xDrive 30i M Sport X 2.0 T Steptronic Sport,123990.0
2022,20220506020858,Bmw,X4 M40i xDrive 3.0 T Steptronic Sport,171990.0
2022,20220506020858,Bmw,X4 M Competition 3.0 T M xDrive M Steptronic Drivelogic,237990.0
2022,20220506020858,Bmw,X5 xDrive 40i Urban 3.0 T Steptronic,151990.0
2022,20220506020858,Bmw,X5 xDrive 40i xLine 3.0 T Steptronic,166990.0
2022,20220506020858,Bmw,X5 xDrive 45e xLine 3.0 T Steptronic,178990.0
2022,20220506020858,Bmw,4.4 T Steptronic,228990.0
2022,20220506020858,Bmw,X5 M Competition 4.4 T M xDrive M Steptronic Drivelogic,333990.0
2022,20220506020858,Bmw,X6 xDrive 40i xLine 3.0 T Steptronic,173990.0
2022,20220506020858,Bmw,X6 xDrive 40i M Sport 3.0 T Steptronic,185990.0
2022,20220506020858,Bmw,X6 M50i xDrive 4.4 T Steptronic,253990.0
2022,20220506020858,Bmw,X6 M Competition 4.4 T M xDrive M Steptronic Drivelogic,348990.0
2022,20220506020858,Bmw,X7 xDrive 40i Urban 3.0 Steptronic,189990.0
2022,20220506020858,Bmw,X7 xDrive 40i Pure Excellence 3.0 Steptronic,216990.0
2022,20220506020858,Bmw,"iX xDrive40 Executive (76,6 kWh)",133990.0
2022,20220506020858,Bmw,"iX xDrive40 Luxury (76,6 kWh)",149990.0
2022,20220506020858,Byd,"New e2 GS A/T (44,9 kWh)",31990.0
2022,20220506020858,Byd,"Han EV500 Lux A/T AWD (76,9 kWh)",75990.0
2022,20220506020858,Byd,"Yuan EV300 GL A/T (40,62 kWh)",32990.0
2022,20220506020858,Byd,"Yuan EV400 GS A/T (53,22 kWh)",39990.0
2022,20220506020858,Byd,Song 1.5TI GL M/T,25990.0
2022,20220506020858,Byd,Song 1.5TI GL DCT,27490.0
2022,20220506020858,Byd,"Song Pro EV GLX A/T (59,1 kWh)",53990.0
2022,20220506020858,Byd,Song Pro EV GS A/T (71 kWh),57700.0
2022,20220506020858,Byd,"Tang EV500 GS A/T AWD (86,4 kWh)",79990.0
2022,20220506020858,Byd,"T3 GL A/T (44,9 kWh)",37990.0
2022,20220506020858,Changan,E-Star A/T (32.2 kWh),24990.0
2022,20220506020858,Changan,CS15 1.5 Comfort M/T,19990.0
2022,20220506020858,Changan,CS15 1.5 Luxury DCT,22990.0
2022,20220506020858,Changan,CS35 Plus 1.6 Luxury M/T,23490.0
2022,20220506020858,Changan,CS35 Plus 1.6 Super Luxury A/T,25990.0
2022,20220506020858,Changan,CS55 1.5 T Luxury A/T,31990.0
2022,20220506020858,Changan,UNI-T 1.5 300T GDI Evolution DCT,37990.0
2022,20220506020858,Changan,Star MD201 1.2 Pick-Up Cabina Simple (sin a/a),10490.0
2022,20220506020858,Changan,Star MD201 1.2 Pick-Up Cabina Simple (con a/a),11490.0
2022,20220506020858,Changan,Star MD201 1.2 Pick-Up Cabina Doble (sin a/a),11990.0
2022,20220506020858,Changan,1.2 Pick-Up Cabina Doble (con a/a),12990.0
2022,20220506020858,Changan,Star MD201 1.2 Box (sin a/a),12990.0
2022,20220506020858,Changan,Star MD201 1.2 Box (con a/a),13990.0
2022,20220506020858,Changan,Star MD201 1.2 Box Refrigerado (con a/a),17490.0
2022,20220506020858,Changan,Star M201 1.2 Cargo (sin a/a),11490.0
2022,20220506020858,Changan,Star M201 1.2 Cargo (con a/a),12490.0
2022,20220506020858,Chery,Tiggo 2 1.5 Comfort M/T,18490.0
2022,20220506020858,Chery,Tiggo 2 1.5 Comfort A/T,20490.0
2022,20220506020858,Chery,Tiggo 2 Pro Comfort 1.5 M/T,19990.0
2022,20220506020858,Chery,Tiggo 2 Pro Comfort 1.5 CVT,21990.0
2022,20220506020858,Chery,Tiggo 4 Comfort 1.5 M/T,21990.0
2022,20220506020858,Chery,Tiggo 4 Comfort 1.5 CVT,23990.0
2022,20220506020858,Chery,Pro Luxury 1.5T CVT,32990.0
2022,20220506020858,Chery,Tiggo 8 Pro Luxury 1.6T 290T GDI DCT,39990.0
2022,20220506020858,Chevrolet,Joy Hatch 1.0,14290.0
2022,20220506020858,Chevrolet,Joy Hatch Black 1.0,14790.0
2022,20220506020858,Chevrolet,Joy Plus 1.0,15290.0
2022,20220506020858,Chevrolet,Onix LS 1.2,16990.0
2022,20220506020858,Chevrolet,Onix LT 1.2,18690.0
2022,20220506020858,Chevrolet,Onix LTZ 1.0 Turbo M/T,20490.0
2022,20220506020858,Chevrolet,Onix RS 1.0 Turbo M/T,21490.0
2022,20220506020858,Chevrolet,Onix Premier 1.0 Turbo A/T,23290.0
2022,20220506020858,Chevrolet,Onix Plus LS 1.2,17990.0
2022,20220506020858,Chevrolet,Onix Plus LT 1.2,19990.0
2022,20220506020858,Chevrolet,Onix Plus LTZ 1.0 Turbo M/T,21590.0
2022,20220506020858,Chevrolet,Onix Plus Premier 1.0 Turbo A/T,24590.0
2022,20220506020858,Chevrolet,Spin 1.8 Premier M/T,24990.0
2022,20220506020858,Chevrolet,Spin 1.8 Premier A/T,25990.0
2022,20220506020858,Chevrolet,Cruze 5 Premier 1.4 Turbo A/T,30990.0
2022,20220506020858,Chevrolet,Cruze Sedán Premier 1.4 Turbo A/T,30990.0
2022,20220506020858,Chevrolet,Camaro Six II Coupé SS 6.2 V8 A/T,99990.0
2022,20220506020858,Chevrolet,Tracker LS 1.2 Turbo M/T,26690.0
2022,20220506020858,Chevrolet,Tracker LTZ 1.2 Turbo A/T,29490.0
2022,20220506020858,Chevrolet,Tracker Premier 1.2 Turbo A/T,33690.0
2022,20220506020858,Chevrolet,Captiva LTZ 1.5 T FWD M/T,29990.0
2022,20220506020858,Chevrolet,Captiva Premier 1.5 T FWD CVT,35990.0
2022,20220506020858,Chevrolet,Equinox 1.5 T Premier AWD A/T,45490.0
2022,20220506020858,Chevrolet,S10 LT 2.5 Ecotec SIDI Flex 4x2,30990.0
2022,20220506020858,Chevrolet,S10 LTZ 2.5 Ecotec SIDI Flex 4x2,34990.0
2022,20220506020858,Chevrolet,S10 LS 2.8 CTDI 4x4 M/T,43490.0
2022,20220506020858,Chevrolet,S10 LT 2.8 CTDI 4x4 M/T,47690.0
2022,20220506020858,Chevrolet,S10 Z71 2.8 CTDI 4x4 A/T,53990.0
2022,20220506020858,Chevrolet,S10 LT 2.8 CTDI 4x4 A/T,49990.0
2022,20220506020858,Chevrolet,S10 LTZ 2.8 CTDI 4x4 A/T,58490.0
2022,20220506020858,Chevrolet,S10 High Country 2.8 CTDI 4x4 A/T,62990.0
2022,20220506020858,Chevrolet,Silverado 1500 Crew Cab LTZ 3.0TD L6 Duramax 4x4 A/T,89990.0
2022,20220506020858,Citroën,C3 1.2 PureTech 83 Shine BVM5,24990.0
2022,20220506020858,Citroën,C3 1.2 PureTech 110 Shine EAT6,29990.0
2022,20220506020858,Citroën,C-Elysée 1.2 PureTech Feel Pack,19990.0
2022,20220506020858,Citroën,C-Elysée 1.6 VTi 115 Feel Pack BVM5,24690.0
2022,20220506020858,Citroën,C-Elysée 1.6 VTi 115 Feel Pack EAT6,27990.0
2022,20220506020858,Citroën,C4 Cactus 1.6 VTi 115 Feel Pack BVM5,23990.0
2022,20220506020858,Citroën,C4 Cactus 1.6 VTi 115 Feel Pack EAT6,25990.0
2022,20220506020858,Citroën,C4 Cactus 1.6 THP 165 Shine EAT6,29490.0
2022,20220506020858,Citroën,C5 Aircross Feel 1.6 THP 163 EAT6,49900.0
2022,20220506020858,Citroën,C5 Aircross Shine 1.6 THP 163 EAT6,52900.0
2022,20220506020858,Citroën,Berlingo M69 Business 1.6,15490.0
2022,20220506020858,Citroën,Berlingo M69 Business 1.6 HDi,21990.0
2022,20220506020858,Citroën,K9 1.6 115 L2,22990.0
2022,20220506020858,Citroën,K9 1.6 115 L2 (3 asientos),23490.0
2022,20220506020858,Citroën,K9 1.6 115 L2 (2 asientos y 2 puertas),23990.0
2022,20220506020858,Citroën,K9 1.6 115 L2 (3 asientos y 2 puertas),23990.0
2022,20220506020858,Citroën,Berlingo Van K9 1.6 HDI 90 L2,28990.0
2022,20220506020858,Dfsk,Glory 580 1.5 T Luxury M/T,26990.0
2022,20220506020858,Dfsk,Glory 580 1.5 T Luxury CVT,29990.0
2022,20220506020858,Dfsk,Glory 560 1.8 Luxury CVT,31990.0
2022,20220506020858,Dfsk,"Seres 3 A/T (53,61 kWh)",39950.0
2022,20220506020858,Dfsk,"Seres SF5 A/T AWD (34,5 kWh)",79950.0
2022,20220506020858,Dfsk,Durango Citadel 3.6 V6 AWD A/T,129000.0
2022,20220506020858,Fiat,Argo Trekking 1.3 M/T,21990.0
2022,20220506020858,Fiat,Pulse Drive 1.3 M/T,25200.0
2022,20220506020858,Fiat,Pulse Drive 1.3 CVT,27500.0
2022,20220506020858,Fiat,Pulse Audace T200 1.0 CVT,30990.0
2022,20220506020858,Fiat,Pulse Impetus T200 1.0 CVT,32500.0
2022,20220506020858,Fiat,Strada Endurance Cabina Plus 1.4,16290.0
2022,20220506020858,Fiat,Strada Freedom Cabina Doble 1.4,20790.0
2022,20220506020858,Fiat,Strada Volcano Cabina Doble 1.3,23490.0
2022,20220506020858,Fiat,Fiorino Endurance 1.4,16990.0
2022,20220506020858,Fiat,Toro Freedom 1.8 AT6 FWD,29890.0
2022,20220506020858,Fiat,Toro Ranch 2.0 Multijet AT9 AWD,51.0
2022,20220506020858,Ford,Focus Hatch 1.6 S M/T,23990.0
2022,20220506020858,Ford,Focus Hatch 2.0 SE Plus M/T,27990.0
2022,20220506020858,Ford,Focus Hatch 2.0 SE Plus PowerShift,28990.0
2022,20220506020858,Ford,Focus Hatch 2.0 Titanium PowerShift,32990.0
2022,20220506020858,Ford,Focus Sedán 1.6 S M/T,23990.0
2022,20220506020858,Ford,Focus Sedán 2.0 SE Plus M/T,27990.0
2022,20220506020858,Ford,Focus Sedán 2.0 SE Plus PowerShift,28990.0
2022,20220506020858,Ford,Focus Sedán 2.0 Titanium PowerShift,32990.0
2022,20220506020858,Ford,Territory Titanium 1.5 Turbo EcoBoost GTDi CVT,46900.0
2022,20220506020858,Ford,Bronco Sport Big Bend 1.5 EcoBoost 4WD A/T,51900.0
2022,20220506020858,Ford,Bronco Sport Wildtrak 2.0 EcoBoost 4WD A/T,61900.0
2022,20220506020858,Ford,Ranger XL 2.5 4x2 Cabina Simple,27990.0
2022,20220506020858,Ford,Ranger XL 2.5 4x2 Cabina Doble,29990.0
2022,20220506020858,Ford,Ranger XLT 2.5 4x2 Cabina Doble,34990.0
2022,20220506020858,Ford,Ranger XL 2.2 TDCi 4x2 Cabina Simple,44590.0
2022,20220506020858,Ford,Ranger XL 2.2 TDCi 4x4 Cabina Doble,46590.0
2022,20220506020858,Ford,Ranger XLS 3.2 TDCi 4x2 Cabina Doble A/T,49990.0
2022,20220506020858,Ford,Ranger XLT 3.2 TDCi 4x4 Cabina Doble A/T,58990.0
2022,20220506020858,Ford,Ranger Limited 3.2 TDCi 4x4 Cabina Doble A/T,68990.0
2022,20220506020858,Ford,Ranger Raptor 2.0 TDCi 4x4 Cabina Doble A/T,89900.0
2022,20220506020858,Ford,F-150 3.5 V6 EcoBoost XLT FX4 SelectShift,79900.0
2022,20220506020858,Ford,F-150 3.5 V6 EcoBoost Lariat FX4 SelectShift,89900.0
2022,20220506020858,Ford,F-150 Raptor 3.5 V6 EcoBoost 4x4 SelectShift,135900.0
2022,20220506020858,Foton,View Cargo Van 2.8 BJ6549B1PDA-1,26800.0
2022,20220506020858,Foton,Toano Cargo Van 2.8 BJ5038XXY-CC,33950.0
2022,20220506020858,Geely,GX3 1.5 GC M/T,17990.0
2022,20220506020858,Geely,GX3 1.5 GF M/T,19290.0
2022,20220506020858,Geely,GX3 1.5 GF CVT,21490.0
2022,20220506020858,Gwm,ORA R1 A/T (33 kWh),27990.0
2022,20220506020858,Gwm,Wingle 5 Pick-Up 2.4 Luxury 4x2,19990.0
2022,20220506020858,Gwm,Wingle 5 Pick-Up 2.4 Luxury 4x4,22990.0
2022,20220506020858,Gwm,Wingle 5 2.4 Luxury 4x2,20990.0
2022,20220506020858,Gwm,Wingle 5 2.4 Dignity 4x2,22990.0
2022,20220506020858,Gwm,Wingle 5 2.4 Dignity 4x4,25490.0
2022,20220506020858,Gwm,Wingle5E Luxury 2.2 4x2,17450.0
2022,20220506020858,Gwm,Luxury 4x2,33450.0
2022,20220506020858,Gwm,Luxury 4x4,35950.0
2022,20220506020858,Gwm,Poer 2.0 T Tool 4x2 M/T,30950.0
2022,20220506020858,Gwm,Poer 2.0 T Family 4x4 A/T,42450.0
2022,20220506020858,Gwm,Jolion Middle 1.5 GDIT M/T,29950.0
2022,20220506020858,Gwm,Jolion Top 1.5 GDIT 7DCT,34950.0
2022,20220506020858,Gwm,H6 Supreme 2.0 GDIT 7DCT,46750.0
2022,20220506020858,Honda,City Sedán LX 1.5 CVT,27900.0
2022,20220506020858,Honda,City Sedán EX-L 1.5 CVT,29900.0
2022,20220506020858,Honda,City Hatchback LX 1.5 CVT,29900.0
2022,20220506020858,Honda,City Hatchback EX-L 1.5 CVT,31900.0
2022,20220506020858,Honda,City Hatchback Touring 1.5 CVT,33500.0
2022,20220506020858,Honda,WR-V 1.5 LX M/T,24900.0
2022,20220506020858,Honda,WR-V 1.5 EX CVT,26900.0
2022,20220506020858,Honda,WR-V 1.5 EXL CVT,29900.0
2022,20220506020858,Honda,HR-V 1.8 LX CVT 2WD,32900.0
2022,20220506020858,Honda,HR-V 1.8 EX-L CVT 2WD,36900.0
2022,20220506020858,Honda,CR-V 1.5 Turbo i-VTEC EX 2WD CVT,53900.0
2022,20220506020858,Honda,CR-V 1.5 Turbo i-VTEC EX-L AWD CVT,59900.0
2022,20220506020858,Honda,Pilot EX-L 3.5 V6 4WD A/T,97900.0
2022,20220506020858,Honda,Odyssey Elite 3.5 V6 A/T,98900.0
2022,20220506020858,Honda,Ridgeline RTL 3.5 V6 AWD A/T,95600.0
2022,20220506020858,Hyundai,HB20 1.0 Comfort M/T,15490.0
2022,20220506020858,Hyundai,HB20 1.0 Premium M/T,17490.0
2022,20220506020858,Hyundai,HB20 1.6 Premium M/T,20690.0
2022,20220506020858,Hyundai,HB20 1.6 Premium A/T,22690.0
2022,20220506020858,Hyundai,HB20 1.6 Unique M/T,24490.0
2022,20220506020858,Hyundai,HB20 1.6 Unique A/T,25990.0
2022,20220506020858,Hyundai,HB20S 1.0 Comfort M/T,16490.0
2022,20220506020858,Hyundai,HB20S 1.0 Premium M/T,17990.0
2022,20220506020858,Hyundai,HB20S 1.6 Premium M/T,21690.0
2022,20220506020858,Hyundai,HB20S 1.6 Premium A/T,23690.0
2022,20220506020858,Hyundai,HB20S 1.6 Unique M/T,24490.0
2022,20220506020858,Hyundai,HB20S 1.6 Unique A/T,25990.0
2022,20220506020858,Hyundai,HB20X Cross 1.6 Premium M/T,22690.0
2022,20220506020858,Hyundai,HB20X Cross 1.6 Premium A/T,24690.0
2022,20220506020858,Hyundai,Ioniq Hybrid 1.6 GDi Unique DCT,35990.0
2022,20220506020858,Hyundai,Hybrid GLS 2.0 GDi A/T,55990.0
2022,20220506020858,Hyundai,Kona Hybrid Safe 1.6 GDi DCT,37990.0
2022,20220506020858,Hyundai,1.6 GDi DCT,42990.0
2022,20220506020858,Hyundai,Kona Electric Limited A/T (64 kWh),62900.0
2022,20220506020858,Hyundai,Tucson Safe 1.6 T-GDi 2WD DCT,52990.0
2022,20220506020858,Hyundai,Tucson Limited 1.6 T-GDi 2WD DCT,59990.0
2022,20220506020858,Hyundai,Santa Fe 2.4 2WD Premium A/T,64990.0
2022,20220506020858,Hyundai,Santa Fe 2.4 AWD Limited A/T,75990.0
2022,20220506020858,Hyundai,Santa Fe 3.5 V6 AWD Limited A/T,86990.0
2022,20220506020858,Hyundai,Staria Furgón 3.5 V6 A/T,36900.0
2022,20220506020858,Hyundai,Staria Furgón 2.2 CRDi M/T,37900.0
2022,20220506020858,Hyundai,H-1 Staria Minibus 9 pasajeros 2.2 CRDi M/T,42900.0
2022,20220506020858,Hyundai,H-1 Staria Minibus 9 pasajeros 2.2 CRDi A/T,44900.0
2022,20220506020858,Hyundai,Staria Minibus 9 pasajeros 3.5 V6 A/T,57900.0
2022,20220506020858,Hyundai,H350 150 2.5 CRDi eVGT LWB,47900.0
2022,20220506020858,Hyundai,H350 150 Solati 2.5 CRDi eVGT LWB,49900.0
2022,20220506020858,Hyundai,H350 Minibus (sin asientos) 150 2.5 CRDi eVGT LWB,55500.0
2022,20220506020858,Hyundai,H350 Minibus 15 pasajeros 150 2.5 CRDi eVGT LWB,59900.0
2022,20220506020858,Hyundai,H350 Minibus 17+1 pasajeros 150 2.5 CRDi eVGT LWB,61900.0
2022,20220506020858,Hyundai,H350 Minibus 25 pasajeros (Escolares) 150 2.5 CRDi eVGT LWB,64500.0
2022,20220506020858,Iveco,Daily 55-130 Furgón 3.0,37600.0
2022,20220506020858,Iveco,Daily 30-130 Minibus Fretamento 3.0 (20+1),49990.0
2022,20220506020858,Iveco,Daily 30-130 Minibus Turismo 3.0 (18+1),50890.0
2022,20220506020858,Jac,"( 30,2 kWh )",24990.0
2022,20220506020858,Jac,S2 Luxury 1.5 M/T,18490.0
2022,20220506020858,Jac,S2 Intelligent 1.5 M/T,19490.0
2022,20220506020858,Jac,S2 Intelligent 1.5 CVT,21990.0
2022,20220506020858,Jac,S2 EV A/T (33 kWh),39990.0
2022,20220506020858,Jac,S4 Intelligent 1.5 T CVT,29990.0
2022,20220506020858,Jac,T6 2.0 Comfort,22990.0
2022,20220506020858,Jac,T6 2.0 Luxury,23990.0
2022,20220506020858,Jac,Sunray Furgón 7.5 2.8,25589.0
2022,20220506020858,Jac,Sunray Furgón 2.8,33990.0
2022,20220506020858,Jac,Sunray Cabina Triple 2.8,38990.0
2022,20220506020858,Jac,Sunray Minibus 2.8,38990.0
2022,20220506020858,Jac,"Sunray EV (92,16 kWh)",59000.0
2022,20220506020858,Jac,E-Pace R-Dynamic S P200 AWD 2.0 A/T,105990.0
2022,20220506020858,Jeep,Renegade Sport 1.8 MT6 FWD,26490.0
2022,20220506020858,Jeep,Renegade Sport 1.8 AT6 FWD,29490.0
2022,20220506020858,Jeep,Renegade Longitude 1.8 AT6 FWD,34990.0
2022,20220506020858,Jeep,Compass Longitude 1.3 T270 AT6 FWD,45790.0
2022,20220506020858,Jeep,Compass Limited 1.3 T270 AT6 FWD,48950.0
2022,20220506020858,Jeep,Compass Limited Full 1.3 T270 AT6 FWD,50990.0
2022,20220506020858,Jeep,Grand Cherokee Limited 3.6 V6 AT8 4WD,125000.0
2022,20220506020858,Jeep,Wrangler Unlimited Rubicon 3.6 V6 AT8 4WD,129000.0
2022,20220506020858,Jeep,Gladiator Rubicon 3.6 V6 AT8 4WD,99000.0
2022,20220506020858,Jeep,Gladiator Rubicon Special Edition 3.6 V6 AT8 4WD,119000.0
2022,20220506020858,Jetour,X70 Comfort 1.5T 240T M/T,25990.0
2022,20220506020858,Jetour,X70 Comfort 1.5T 240T M/T,28790.0
2022,20220506020858,Jetour,X70 Luxury 1.5T 240T DCT,31790.0
2022,20220506020858,Jetour,X70 Plus Luxury 1.5T DCT,35990.0
2022,20220506020858,Jetour,X95 Conquer Pro 1.6T 350T GDI DCT,42990.0
2022,20220506020858,Jmc,N520 2.8 TDi Touring Cargo Box SWB JX493ZLQ4,24998.0
2022,20220506020858,Jmc,N520 2.8 TDi Touring Cargo Box LWB JX493ZLQ4,30488.0
2022,20220506020858,Jmc,Vigus 2.4 TDCi SLX Doble Cabina 4x4,41468.0
2022,20220506020858,Kia,Seltos LX Plus 1.6 A/T,34990.0
2022,20220506020858,Kia,Niro Hybrid Plus 1.6 GDi GLS DCT,43990.0
2022,20220506020858,Kia,Sportage 2.0 2WD LX A/T,40990.0
2022,20220506020858,Kia,Carnival EX Plus 3.5 V6 A/T,87990.0
2022,20220506020858,Land Rover,Range Rover Evoque S AWD 2.0 MHEV Si4 P200 A/T,102990.0
2022,20220506020858,Land Rover,Range Rover Velar S P250 AWD 2.0 Si4 A/T,139990.0
2022,20220506020858,Land Rover,Range Rover Velar R-Dynamic S P400e PHEV AWD 2.0 Si4 A/T,147990.0
2022,20220506020858,Land Rover,Defender 90 AWD 2.0 Si4 P300 A/T,139990.0
2022,20220506020858,Land Rover,Defender 110 S AWD 2.0 Si4 P300 A/T,154990.0
2022,20220506020858,Land Rover,Defender 110 S AWD 2.0 Si4 P300 A/T (c/techo solar),159990.0
2022,20220506020858,Land Rover,Range Rover Sport P400e HSE 2.0 Si4 PHEV AWD A/T,175990.0
2022,20220506020858,Land Rover,"Maple 30x Luxury A/T (31,9 kWh)",28990.0
2022,20220506020858,Maserati,Ghibli Hybrid 2.0 MHEV A/T,141990.0
2022,20220506020858,Maserati,Levante GT Hybrid Q4 2.0 MHEV A/T,139990.0
2022,20220506020858,Maserati,Levante GT Hybrid Sport Q4 2.0 MHEV A/T,149990.0
2022,20220506020858,Maserati,Levante GT Hybrid Sport Plus Q4 2.0 MHEV A/T,169990.0
2022,20220506020858,Maserati,Levante S GranLusso Q4 3.0 V6 A/T,204990.0
2022,20220506020858,Maserati,eDeliver 3 SWB (chasis corto) A/T (53 kWh),45150.0
2022,20220506020858,Maserati,eDeliver 3 Chassis (chasis cabina) A/T (53 kWh),47600.0
2022,20220506020858,Maserati,eDeliver 3 LWB (chasis largo) A/T (53 kWh),48800.0
2022,20220506020858,Maserati,"eDeliver 9 SWB L2H2 A/T (51,5 kWh)",68350.0
2022,20220506020858,Maserati,"eDeliver 9 LWB L3H2 A/T (88,5 kWh)",79300.0
2022,20220506020858,Maserati,CX-30 2.0 SKYACTIV-G 2WD Core A/T,36490.0
2022,20220506020858,Maserati,CX-30 2.0 SKYACTIV-G 2WD High A/T,40990.0
2022,20220506020858,Maserati,CX-30 2.5 SKYACTIV-G AWD High A/T,45990.0
2022,20220506020858,Maserati,CX-5 2.0 SKYACTIV-G 2WD High A/T,53990.0
2022,20220506020858,Maserati,CX-5 2.0 SKYACTIV-G AWD High A/T,58990.0
2022,20220506020858,Maserati,CX-5 2.5 SKYACTIV-G AWD High A/T,64990.0
2022,20220506020858,Maserati,CX-9 2.5 Turbo SKYACTIV-G AWD Core A/T,74990.0
2022,20220506020858,Maserati,CX-9 2.5 Turbo SKYACTIV-G AWD High A/T,84990.0
2022,20220506020858,Mercedes-Benz,A 200 Progressive 7G-DCT,65490.0
2022,20220506020858,Mercedes-Benz,A 35 4MATIC AMG SPEEDSHIFT DCT 7G,102990.0
2022,20220506020858,Mercedes-Benz,A 45 S 4MATIC+ AMG SPEEDSHIFT DCT 8G,149990.0
2022,20220506020858,Mercedes-Benz,C 200 Avantgarde EQ Boost 9G-TRONIC PLUS,68990.0
2022,20220506020858,Mercedes-Benz,C 300 AMG Line EQ Boost 9G-TRONIC PLUS,94990.0
2022,20220506020858,Mercedes-Benz,E 350 Avantgarde 9G-TRONIC,99990.0
2022,20220506020858,Mercedes-Benz,E 300 e Avantgarde 9G-TRONIC,108990.0
2022,20220506020858,Mercedes-Benz,GLA 200 Progressive 7G-DCT,69990.0
2022,20220506020858,Mercedes-Benz,GLA 35 4MATIC AMG SPEEDSHIFT DCT 8G,119990.0
2022,20220506020858,Mercedes-Benz,GLB 180 Progressive 7G-DCT,65490.0
2022,20220506020858,Mercedes-Benz,GLB 200 Progressive 7G-DCT,76990.0
2022,20220506020858,Mercedes-Benz,GLC 300 e Plus 4MATIC 9G-TRONIC PLUS,104990.0
2022,20220506020858,Mercedes-Benz,GLC Coupé 300 e AMG Line 4MATIC 9G-TRONIC PLUS,119990.0
2022,20220506020858,Mercedes-Benz,GLC Coupé 300 4MATIC 9G-TRONIC PLUS,121990.0
2022,20220506020858,Mercedes-Benz,GLC 43 4MATIC Coupé SPEEDSHIFT MCT AMG 9G,169990.0
2022,20220506020858,Mercedes-Benz,GLE 350 de Plus 4MATIC 9G-TRONIC,149990.0
2022,20220506020858,Mercedes-Benz,GLE 450 4MATIC 9G-TRONIC,149990.0
2022,20220506020858,Mercedes-Benz,GLE 450 Plus 4MATIC 9G-TRONIC,179990.0
2022,20220506020858,Mercedes-Benz,GLS 450 4MATIC 9G-TRONIC,174990.0
2022,20220506020858,Mercedes-Benz,EQC 400 4MATIC (80 kWh),109990.0
2022,20220506020858,Mercedes-Benz,EQC 400 4MATIC AMG Line (80 kWh),129990.0
2022,20220506020858,Mercedes-Benz,Vito 111 CDI Furgón Largo,44700.0
2022,20220506020858,Mercedes-Benz,Vito 111 CDI Tourer Largo (9+1 pasajeros),49900.0
2022,20220506020858,Mercedes-Benz,Sprinter 515 2.1 CDI Chasis Cabina,39500.0
2022,20220506020858,Mercedes-Benz,Sprinter 311 2.1 CDI Furgón Compacto,41300.0
2022,20220506020858,Mercedes-Benz,Sprinter 315 2.1 CDI Furgón Estándar,44900.0
2022,20220506020858,Mercedes-Benz,Sprinter 415 2.1 CDI Furgón Compacto,49900.0
2022,20220506020858,Mercedes-Benz,Sprinter 415 2.1 CDI Furgón Largo,51600.0
2022,20220506020858,Mercedes-Benz,Sprinter 515 2.1 CDI Furgón Largo,52500.0
2022,20220506020858,Mercedes-Benz,Sprinter 515 2.1 CDI Furgón Extra Largo,54200.0
2022,20220506020858,Mini,Cooper Hatch 3 Door Essential 1.5 T M/T,42990.0
2022,20220506020858,Mini,Door Classic Plus 1.5 T Steptronic,51990.0
2022,20220506020858,Mini,Door JCW Sport 1.5 T Steptronic,55990.0
2022,20220506020858,Mini,Door Classic Plus 2.0 T Steptronic,61990.0
2022,20220506020858,Mini,"Cooper SE Hatch 3 Door Iconic A/T (32,6 kWh)",60990.0
2022,20220506020858,Mini,John Cooper Works Hatch Spitfire 2.0 T Steptronic,69990.0
2022,20220506020858,Mini,Cooper Hatch 5 Door Classic Plus 1.5 T Steptronic,52990.0
2022,20220506020858,Mini,Cooper S Hatch 5 Door Classic Plus 2.0 T Steptronic,64990.0
2022,20220506020858,Mini,Cooper S Cabrio Iconic 2.0 T DKG Steptronic,72990.0
2022,20220506020858,Mini,John Cooper Works Cabrio Spitfire 2.0 T Steptronic,71990.0
2022,20220506020858,Mini,Cooper Countryman Essential 1.5 T DKG Steptronic,50990.0
2022,20220506020858,Mini,Cooper Countryman Classic Plus 1.5 T DKG Steptronic,54990.0
2022,20220506020858,Mini,Cooper S Countryman Classic Plus 2.0 T DKG Steptronic,70990.0
2022,20220506020858,Mini,Cooper S E Countryman Chili 1.5 T Steptronic ALL4,73990.0
2022,20220506020858,Mini,John Cooper Works Countryman Spitfire 2.0 T Steptronic ALL4,85990.0
2022,20220506020858,Mitsubishi,Xpander 1.5 GLS A/T,33990.0
2022,20220506020858,Mitsubishi,Outlander 2.0 GLX 2WD CVT,43990.0
2022,20220506020858,Mitsubishi,Outlander 3.0 V6 4WD GLS A/T,52990.0
2022,20220506020858,Mitsubishi,L200 2.4 MPI GL 4x4 M/T,34990.0
2022,20220506020858,Mitsubishi,L200 2.4 Di-D GLX Hi-Rider 4x2 M/T,49990.0
2022,20220506020858,Mitsubishi,L200 2.4 Di-D GLS 4x4 M/T,59990.0
2022,20220506020858,Mitsubishi,L200 2.4 High Power Di-D GLS 4x4 A/T,69990.0
2022,20220506020858,Nissan,Versa V-Drive 1.6 M/T,18990.0
2022,20220506020858,Nissan,Versa V-Drive 1.6 A/T,19990.0
2022,20220506020858,Nissan,1.6 M/T,22490.0
2022,20220506020858,Nissan,Versa Advance 1.6 M/T,23990.0
2022,20220506020858,Nissan,Versa Exclusive 1.6 CVT,26990.0
2022,20220506020858,Nissan,Sentra 2.0 Advance CVT,32990.0
2022,20220506020858,Nissan,Sentra 2.0 SR CVT,35990.0
2022,20220506020858,Nissan,Sentra 2.0 Exclusive CVT,35990.0
2022,20220506020858,Nissan,Leaf Tekna (40 Kwh),49990.0
2022,20220506020858,Nissan,Kicks Sense 1.6 M/T,27990.0
2022,20220506020858,Nissan,Kicks Advance 1.6 M/T,29490.0
2022,20220506020858,Nissan,Kicks Advance 1.6 CVT,30990.0
2022,20220506020858,Nissan,Kicks Exclusive 1.6 CVT,33990.0
2022,20220506020858,Nissan,Frontier C/S S 4x2 2.5 M/T,23778.0
2022,20220506020858,Nissan,Frontier C/D S 4x2 2.5 M/T,28048.0
2022,20220506020858,Nissan,Frontier C/D SE 4x2 2.5 M/T,30488.0
2022,20220506020858,Nissan,Frontier C/D PRO-4X 4x4 2.5 A/T,45128.0
2022,20220506020858,Nissan,Frontier C/S S 4x2 2.5 DDTTi M/T,35978.0
2022,20220506020858,Nissan,Frontier C/D S 4x2 2.5 DDTTi M/T,38418.0
2022,20220506020858,Nissan,Frontier C/D SE 4x2 2.5 DDTTi M/T,40858.0
2022,20220506020858,Nissan,Frontier C/D XE 4x2 2.5 DDTTi High Power M/T,43908.0
2022,20220506020858,Nissan,Frontier C/D LE 4x2 2.5 DDTTi High Power M/T,47568.0
2022,20220506020858,Nissan,Frontier C/D S 4x4 2.5 DDTTi M/T,47568.0
2022,20220506020858,Nissan,Frontier C/D SE 4x4 2.5 DDTTi High Power M/T,50008.0
2022,20220506020858,Nissan,Frontier C/D XE 4x4 2.5 DDTTi High Power M/T,54278.0
2022,20220506020858,Nissan,Frontier C/D XE 4x4 2.5 DDTTi High Power A/T,56108.0
2022,20220506020858,Nissan,Frontier C/D LE 4x4 2.5 DDTTi High Power M/T,57938.0
2022,20220506020858,Nissan,Frontier C/D LE 4x4 2.5 DDTTi High Power A/T,64648.0
2022,20220506020858,Nissan,Frontier C/D PRO-4X 4x4 2.5 DDTTi High Power A/T,64684.0
2022,20220506020858,Opel,Corsa 1.2 T Elegance BVM6,28990.0
2022,20220506020858,Opel,Corsa 1.2 T Elegance EAT6,30990.0
2022,20220506020858,Opel,Crossland 1.2 T Elegance EAT6,33990.0
2022,20220506020858,Opel,Grandland X 1.6 T Elegance EAT6,51990.0
2022,20220506020858,Opel,Combo Cargo 1.6 115 L2,23690.0
2022,20220506020858,Opel,Combo Cargo 1.6 D 92 L2,30990.0
2022,20220506020858,Peugeot,208 Like Pack 1.2 VTi 82 BVM5,19000.0
2022,20220506020858,Peugeot,208 Active 1.2 VTi 82 BVM5,21000.0
2022,20220506020858,Peugeot,208 Allure 1.6 BVM5,25000.0
2022,20220506020858,Peugeot,208 Allure 1.6 Tiptronic,27000.0
2022,20220506020858,Peugeot,208 Féline 1.6 Tiptronic,28490.0
2022,20220506020858,Peugeot,301 1.2 PureTech Active Pack,21990.0
2022,20220506020858,Peugeot,2008 1.6 VTi Allure BVM5,22490.0
2022,20220506020858,Peugeot,2008 1.6 VTi Féline BVM5,24490.0
2022,20220506020858,Peugeot,2008 1.6 VTi Féline EAT6,25990.0
2022,20220506020858,Peugeot,2008 1.2 PureTech 130 Active EAT6,35590.0
2022,20220506020858,Peugeot,2008 1.2 PureTech 130 Allure EAT6,38900.0
2022,20220506020858,Peugeot,2008 1.2 PureTech 155 GT EAT8,44500.0
2022,20220506020858,Peugeot,e-2008 GT (50 kWh),55000.0
2022,20220506020858,Peugeot,3008 Active 1.2 PureTech 130 S&S EAT8,43990.0
2022,20220506020858,Peugeot,3008 GT 1.6 THP 165 EAT6,56990.0
2022,20220506020858,Peugeot,3008 HYbrid4 1.6 PureTech 300 GT e-EAT8,72000.0
2022,20220506020858,Peugeot,5008 GT 1.6 THP 165 EAT6,62990.0
2022,20220506020858,Peugeot,Landtrek 2.4 Turbo Active 4x2 M/T,35900.0
2022,20220506020858,Peugeot,Landtrek 1.9 Turbo Active 4x2 M/T,44900.0
2022,20220506020858,Peugeot,Landtrek 1.9 Turbo Active 4x4 M/T,51900.0
2022,20220506020858,Peugeot,Landtrek 1.9 Turbo Action 4x4 M/T,55900.0
2022,20220506020858,Peugeot,1.2 PureTech 130 S&S EAT8,42000.0
2022,20220506020858,Peugeot,Partner M69 Confort 1.6,15490.0
2022,20220506020858,Peugeot,Partner M69 Confort 1.6 HDi,21990.0
2022,20220506020858,Peugeot,Partner K9 1.6 115 L2,23990.0
2022,20220506020858,Peugeot,Partner K9 1.6 HDI 92 L2,30990.0
2022,20220506020858,Peugeot,Boxer L1H1 2.2 HDi,34990.0
2022,20220506020858,Peugeot,Boxer L1H1 2.2 HDi (c/reg.-lim. de velocidad+radio+Bluetooth+sensores est.),35890.0
2022,20220506020858,Peugeot,Boxer L2H2 2.2 HDi,37990.0
2022,20220506020858,Peugeot,Boxer L2H2 2.2 HDi (c/reg.-lim. de velocidad+radio+Bluetooth+sensores est.),37990.0
2022,20220506020858,Peugeot,Boxer L4H2 2.2 HDi,42990.0
2022,20220506020858,Peugeot,Boxer L4H2 2.2 HDi (c/reg.-lim. de velocidad+radio+Bluetooth+sensores est.),42990.0
2022,20220506020858,Peugeot,718 Boxster 2.0 T PDK,155000.0
2022,20220506020858,Peugeot,Cayman S 2.5 T PDK,167500.0
2022,20220506020858,Peugeot,Boxster S 2.5 T PDK,178500.0
2022,20220506020858,Peugeot,"Taycan 4S ( 79,2 kWh )",198000.0
2022,20220506020858,Peugeot,Taycan Turbo ( 93.4 kWh ),220000.0
2022,20220506020858,Peugeot,"Taycan Turbo Cross Turismo (93,4 kWh)",270000.0
2022,20220506020858,Peugeot,Macan 2.0 turbo PDK,155000.0
2022,20220506020858,Peugeot,Macan S 3.0 V6 bi-turbo PDK,200000.0
2022,20220506020858,Peugeot,Cayenne S 2.9 V6 Tiptronic S,210000.0
2022,20220506020858,Peugeot,Cayenne Coupé 3.0 V6 Tiptronic S,200000.0
2022,20220506020858,Ram,1500 DS Laramie 5.7 V8 Crew Cab A/T 4x4,74000.0
2022,20220506020858,Ram,1500 DT Laramie 5.7 V8 Crew Cab A/T 4x4,88000.0
2022,20220506020858,Ram,1500 DT Laramie 3.6 V6 eTorque MHEV Crew Cab A/T 4x4,99800.0
2022,20220506020858,Ram,1500 TRX 6.2 Supercharged V8 HEMI Crew Cab A/T 4x4,169000.0
2022,20220506020858,Ram,2500 Big Horn 6.4 V8 Regular Cab A/T 4x4,65500.0
2022,20220506020858,Ram,2500 Laramie 6.4 V8 Crew Cab A/T 4x4,78500.0
2022,20220506020858,Renault,Kwid Zen 1.0,14490.0
2022,20220506020858,Renault,Kwid Intens 1.0,15490.0
2022,20220506020858,Renault,Kwid Outsider 1.0,16490.0
2022,20220506020858,Renault,Sandero Life 1.0,15490.0
2022,20220506020858,Renault,Sandero Zen 1.0,16490.0
2022,20220506020858,Renault,Logan Life 1.0,15490.0
2022,20220506020858,Renault,Logan Zen 1.0,16490.0
2022,20220506020858,Renault,Stepway Zen 1.6 M/T,19490.0
2022,20220506020858,Renault,Stepway Intens 1.6 CVT,22490.0
2022,20220506020858,Renault,ZOE E-Tech R135 50 Intens (52 kWh),35990.0
2022,20220506020858,Renault,Duster Zen 1.6 SCe M/T,22490.0
2022,20220506020858,Renault,Duster Zen Techno 1.6 SCe M/T,22990.0
2022,20220506020858,Renault,Duster Intens 1.6 SCe M/T,24490.0
2022,20220506020858,Renault,Duster Intens 1.6 SCe CVT,25990.0
2022,20220506020858,Renault,Duster Intens Vision 1.6 SCe CVT,27490.0
2022,20220506020858,Renault,Duster Intens Outsider 1.6 SCe CVT,28490.0
2022,20220506020858,Renault,Duster Intens Vision 1.3 TCe CVT,29990.0
2022,20220506020858,Renault,Oroch Dynamique 1.6 SCe 2WD,20490.0
2022,20220506020858,Renault,Oroch Outsider 1.6 SCe 2WD,21490.0
2022,20220506020858,Renault,Oroch Privilège 2.0 2WD,24022.0
2022,20220506020858,Renault,Oroch Privilège 2.0 4WD,26096.0
2022,20220506020858,Renault,Kangoo Express 1.6 Profesional,18898.0
2022,20220506020858,Renault,Kangoo Express 1.6 Confort,19508.0
2022,20220506020858,Renault,Master L1H1 2.3 dCi,30488.0
2022,20220506020858,Renault,Master L3H2 Minibus 2.3 dCi,43664.0
2022,20220506020858,Seat,Ibiza 1.0 MPI Style M/T,20990.0
2022,20220506020858,Seat,Ibiza 1.0 TSI FR M/T,25950.0
2022,20220506020858,Seat,León 1.2 TSI Style Plus M/T,29950.0
2022,20220506020858,Seat,León Cupra 290 2.0 TSI DSG,59950.0
2022,20220506020858,Seat,Arona 1.6 Style A/T,29950.0
2022,20220506020858,Seat,Arona 1.6 FR A/T,32950.0
2022,20220506020858,Seat,Arona 1.6 FR Plus A/T,33950.0
2022,20220506020858,Seat,Ateca 1.4 TSI Style Tiptronic,44950.0
2022,20220506020858,Seat,Tarraco 1.4 TSI Style Plus DSG,57950.0
2022,20220506020858,Subaru,XV 2.0-S CVT (JI),48800.0
2022,20220506020858,Subaru,XV 2.0-ES CVT EyeSight (JI),52800.0
2022,20220506020858,Subaru,Outback 2.5i-S CVT AWD (ZU),68800.0
2022,20220506020858,Subaru,Outback 3.6R-S CVT AWD (ZU),78800.0
2022,20220506020858,Subaru,Outback 2.5i-ES CVT AWD EyeSight (ZU),72800.0
2022,20220506020858,Subaru,Outback 3.6R-S CVT AWD EyeSight (ZU),83800.0
2022,20220506020858,Subaru,Forester 2.0i-S e-Boxer CVT EyeSight (WR),59800.0
2022,20220506020858,Subaru,Forester 2.5i-S Sport CVT EyeSight (WI),68800.0
2022,20220506020858,Subaru,Forester 2.5i-S CVT AWD EyeSight (WW),70800.0
2022,20220506020858,Suzuki,Alto 800 0.8 STD,10290.0
2022,20220506020858,Suzuki,Alto 800 0.8 GA,11290.0
2022,20220506020858,Suzuki,Alto 800 0.8 GL,12290.0
2022,20220506020858,Suzuki,S-Presso Cross GL 1.0 M/T,13290.0
2022,20220506020858,Suzuki,Celerio 1.0 GL M/T,14990.0
2022,20220506020858,Suzuki,Celerio 1.0 GL AMT,16290.0
2022,20220506020858,Suzuki,Dzire 1.2 GL M/T,17490.0
2022,20220506020858,Suzuki,Dzire 1.2 GL AMT,18490.0
2022,20220506020858,Suzuki,Dzire 1.2 GLX M/T,18490.0
2022,20220506020858,Suzuki,Dzire 1.2 GLX AMT,19490.0
2022,20220506020858,Suzuki,Swift 1.2 GL M/T,17490.0
2022,20220506020858,Suzuki,Swift 1.2 GL AMT,18990.0
2022,20220506020858,Suzuki,Swift Sport 1.4 Boosterjet M/T,29990.0
2022,20220506020858,Suzuki,Swift Sport 1.4 Boosterjet A/T,32990.0
2022,20220506020858,Suzuki,Baleno 1.5 GL M/T,19990.0
2022,20220506020858,Suzuki,Baleno 1.5 GL A/T,21990.0
2022,20220506020858,Suzuki,Baleno 1.5 GLX M/T,23990.0
2022,20220506020858,Suzuki,Baleno 1.5 GLX A/T,25990.0
2022,20220506020858,Suzuki,Jimny 1.5 GL M/T,27990.0
2022,20220506020858,Suzuki,Jimny 1.5 GLX A/T,32990.0
2022,20220506020858,Toyota,Yaris Hatch 1.5 XS M/T,21990.0
2022,20220506020858,Toyota,Yaris Hatch 1.5 XLS CVT,25990.0
2022,20220506020858,Toyota,Yaris Hatch 1.5 XLS TSS CVT,27490.0
2022,20220506020858,Toyota,Yaris Sedán 1.5 XS M/T,22990.0
2022,20220506020858,Toyota,Yaris Sedán 1.5 XLS CVT,26990.0
2022,20220506020858,Toyota,Yaris Sedán 1.5 XLS TSS CVT,28490.0
2022,20220506020858,Toyota,Corolla Hybrid XEi 1.8 e-CVT,33990.0
2022,20220506020858,Toyota,Corolla Hybrid SE-G 1.8 e-CVT,37990.0
2022,20220506020858,Toyota,Corolla GR-Sport 2.0 CVT,43990.0
2022,20220506020858,Toyota,GR Yaris 1.6 Turbo GR-Four M/T Circuit Pack,83990.0
2022,20220506020858,Toyota,Raize 1.2 GL M/T,26990.0
2022,20220506020858,Toyota,Raize 1.2 GL A/T,28990.0
2022,20220506020858,Toyota,Raize 1.0 T GLX M/T,30990.0
2022,20220506020858,Toyota,Raize 1.0 T GLX A/T,32990.0
2022,20220506020858,Toyota,Corolla Cross Hybrid XEi 1.8 e-CVT,37990.0
2022,20220506020858,Toyota,Corolla Cross Hybrid SE-G 1.8 e-CVT,41990.0
2022,20220506020858,Toyota,C-HR Hybrid Dynamic 1.8 e-CVT,45990.0
2022,20220506020858,Toyota,C-HR Hybrid Luxury 1.8 e-CVT,48990.0
2022,20220506020858,Toyota,RAV4 Hybrid S 2.5 220H e-CVT 2WD,50990.0
2022,20220506020858,Toyota,RAV4 Hybrid S Plus 2.5 220H e-CVT 2WD,54990.0
2022,20220506020858,Toyota,RAV4 Hybrid Limited Plus 2.5 220H e-CVT 2WD,61990.0
2022,20220506020858,Toyota,RAV4 Hybrid Limited Plus 2.5 220H e-CVT AWD,65990.0
2022,20220506020858,Toyota,Fortuner 4.0 V6 SRX 4WD A/T,84990.0
2022,20220506020858,Toyota,Fortuner 4.0 V6 Diamond 4WD A/T,89990.0
2022,20220506020858,Toyota,4Runner 4.0 V6 Limited 4WD A/T,98900.0
2022,20220506020858,Toyota,4Runner 4.0 V6 Limited 4WD A/T (c/3 filas de asientos),101900.0
2022,20220506020858,Toyota,Land Cruiser Prado 4.0 V6 VX 4WD A/T,134990.0
2022,20220506020858,Toyota,Hilux Cabina Doble 2.7 VVT-i DX 4x2,31490.0
2022,20220506020858,Toyota,Hilux Cabina Doble 2.7 VVT-i SR 4x2,34490.0
2022,20220506020858,Toyota,Hilux Cabina Doble 2.7 VVT-i DX 4x4,36490.0
2022,20220506020858,Toyota,Hilux Cabina Doble 2.7 VVT-i SRV 4x2,38490.0
2022,20220506020858,Toyota,Hilux Cabina Doble 2.7 VVT-i SR 4x4,40490.0
2022,20220506020858,Toyota,Hilux Cabina Doble 2.7 VVT-i SRV 4x4,43490.0
2022,20220506020858,Toyota,Hilux Cabina Doble 4.0 V6 VVT-i SRX 4x4 A/T,60490.0
2022,20220506020858,Toyota,Hilux Cabina Simple 2.4 D-4D DX 4x2,46490.0
2022,20220506020858,Toyota,Hilux Cabina Doble 2.4 D-4D DX 4x2,48490.0
2022,20220506020858,Toyota,Hilux Cabina Doble 2.4 D-4D SR 4x2,53490.0
2022,20220506020858,Toyota,Hilux Cabina Simple 2.4 D-4D DX 4x4,53490.0
2022,20220506020858,Toyota,Hilux Cabina Doble 2.4 D-4D DX 4x4,55490.0
2022,20220506020858,Toyota,Hilux Cabina Doble 2.8 D-4D SRV 4x2,57490.0
2022,20220506020858,Toyota,Hilux Cabina Doble 2.4 D-4D SR 4x4,59490.0
2022,20220506020858,Toyota,Hilux Cabina Doble 2.4 D-4D SR 4x4 A/T,62490.0
2022,20220506020858,Toyota,Hilux Cabina Doble 2.8 D-4D SRV 4x4 M/T,64490.0
2022,20220506020858,Toyota,Hilux Cabina Doble 2.8 D-4D SRV 4x4 A/T,67990.0
2022,20220506020858,Toyota,Hilux Cabina Doble 2.8 D-4D SRV Plus 4x4 A/T,72990.0
2022,20220506020858,Toyota,Hilux Cabina Doble 2.8 D-4D SRV Plus TSS 4x4 A/T,75990.0
2022,20220506020858,Toyota,Hilux Cabina Doble 2.8 D-4D GR Sport 4x4 A/T TSS,80990.0
2022,20220506020858,Victory,GHT1025D 1.2 Pick-Up Cabina Simple (con a/a),10390.0
2022,20220506020858,Victory,GHT1025D 1.2 Pick-Up Cabina Simple (Box sin refrigeración),13490.0
2022,20220506020858,Victory,GHT1025D 1.2 Pick-Up Cabina Simple (Box refrigerado),16450.0
2022,20220506020858,Victory,GHT1025S 1.2 Pick-Up Cabina Doble (con a/a),12290.0
2022,20220506020858,Victory,SCH5020XXYD 1.2 Furgón (sin a/a),10990.0
2022,20220506020858,Victory,SCH5020XXYD 1.2 Furgón (con a/a),12790.0
2022,20220506020858,Victory,SCH6430 1.2 Mini Bus (11 pasajeros),16990.0
2022,20220506020858,Volkswagen,Gol Hatch 1.6 Trendline M/T,15990.0
2022,20220506020858,Volkswagen,Gol Hatch 1.6 Highline M/T,18490.0
2022,20220506020858,Volkswagen,Gol Hatch 1.6 Trendline Automatic,19290.0
2022,20220506020858,Volkswagen,Gol Hatch 1.6 Highline Automatic,21490.0
2022,20220506020858,Volkswagen,Gol Sedán 1.6 Trendline,18590.0
2022,20220506020858,Volkswagen,Gol Sedán 1.6 Comfortline,20390.0
2022,20220506020858,Volkswagen,Polo 1.6 Trendline M/T,20990.0
2022,20220506020858,Volkswagen,Polo 1.6 Comfortline M/T,24390.0
2022,20220506020858,Volkswagen,Polo 1.6 Highline Automatic,28590.0
2022,20220506020858,Volkswagen,Virtus 1.6 Trendline M/T,22490.0
2022,20220506020858,Volkswagen,Virtus 1.6 Comfortline M/T,25490.0
2022,20220506020858,Volkswagen,Virtus 1.6 Highline M/T,26990.0
2022,20220506020858,Volkswagen,Virtus 1.6 Highline Automatic,29390.0
2022,20220506020858,Volkswagen,Vento GLI 2.0 TSI DSG,44990.0
2022,20220506020858,Volkswagen,Nivus Comfortline 170 TSI 1.0 M/T,24990.0
2022,20220506020858,Volkswagen,Nivus Comfortline 200 TSI 1.0 Automatic,26990.0
2022,20220506020858,Volkswagen,Nivus Highline 200 TSI 1.0 Automatic,30990.0
2022,20220506020858,Volkswagen,T-Cross Trendline 170 TSI M/T,27690.0
2022,20220506020858,Volkswagen,T-Cross Trendline 200 TSI 1.0 Automatic,29990.0
2022,20220506020858,Volkswagen,T-Cross Comfortline 200 TSI 1.0 Automatic,31990.0
2022,20220506020858,Volkswagen,T-Cross Highline 200 TSI 1.0 Automatic,34990.0
2022,20220506020858,Volkswagen,T-Cross Trendline Panoramic 200 TSI 1.0 Automatic,31990.0
2022,20220506020858,Volkswagen,T-Cross Comfortline Panoramic 200 TSI 1.0 Automatic,33990.0
2022,20220506020858,Volkswagen,T-Cross Highline Automatic + Innovation 200 TSI 1.0 Automatic,37440.0
2022,20220506020858,Volkswagen,Taos Comfortline 250 TSI 1.4 Automatic,35990.0
2022,20220506020858,Volkswagen,Taos Highline 250 TSI 1.4 Automatic,41990.0
2022,20220506020858,Volkswagen,Tiguan Allspace 1.4 250 TSI Life Automatic,45990.0
2022,20220506020858,Volkswagen,Tiguan Allspace 1.4 250 TSI Elegance Automatic,48990.0
2022,20220506020858,Volkswagen,Tiguan Allspace 2.0 350 TSI R-Line 4MOTION,63690.0
2022,20220506020858,Volkswagen,Saveiro 1.6 Cabina Simple,15190.0
2022,20220506020858,Volkswagen,Saveiro 1.6 Cabina Doble,18290.0
2022,20220506020858,Volkswagen,Saveiro 1.6 16v Cabina Doble Cross,21890.0
2022,20220506020858,Volkswagen,Amarok 2.0 TDI Highline 4x2 M/T,45690.0
2022,20220506020858,Volkswagen,Amarok 2.0 TDI Highline 4x2 A/T,50490.0
2022,20220506020858,Volkswagen,Amarok 2.0 TDI Highline 4x4 M/T,53190.0
2022,20220506020858,Volkswagen,Amarok 2.0 TDI Highline 4x4 A/T,57990.0
2022,20220506020858,Volkswagen,Amarok 3.0 V6 258 TDI Highline 4x4 A/T,73390.0
2022,20220506020858,Volvo,XC40 Recharge T5 Momentum 1.5 T A/T,65990.0
2022,20220506020858,Volvo,XC40 Recharge T5 R-Design 1.5 T A/T,75990.0
2022,20220506020858,Volvo,XC40 Recharge Twin AWD (78 kWh),98990.0
2022,20220506020858,Volvo,C40 Recharge Twin Ultimate AWD (78 kWh),108990.0
2022,20220506020858,Volvo,T8 AWD R-Design 2.0 T A/T,119990.0
2022,20220506020858,Volvo,XC90 Recharge T8 AWD Inscription 2.0 T A/T,149990.0
2022,20220506020858,Volvo,Terralord 2.4 4x2 Luxury,23169.0
2023,20230330024801,Audi,A3 Sportback 35 TFSI 1.4 tiptronic,48900.0
2023,20230330024801,Audi,A3 Sportback Advanced 35 TFSI 1.4 tiptronic,52490.0
2023,20230330024801,Audi,A3 Sportback S line 35 TFSI 1.4 tiptronic,55900.0
2023,20230330024801,Audi,A3 Sedán Advanced 35 TFSI 1.4 tiptronic,51490.0
2023,20230330024801,Audi,A3 Sedán S line 35 TFSI 1.4 tiptronic,57490.0
2023,20230330024801,Audi,RS 3 Sedán 2.5 TFSI quattro S tronic,150800.0
2023,20230330024801,Audi,A4 Sedán S line 45 TFSI 2 .0 MHEV S tronic quattro,79900.0
2023,20230330024801,Audi,A6 Sedán Design 40 TFSI 2.0 MHEV S tronic,89900.0
2023,20230330024801,Audi,A6 Sedán Design 55 TFSI 3.0 MHEV S tronic quattro,148000.0
2023,20230330024801,Audi,"RS e-tron GT quattro (93,4 kWh)",198000.0
2023,20230330024801,Audi,Q2 35 TFSI 1.4 A/T,44900.0
2023,20230330024801,Audi,Q2 Advanced 35 TFSI 1.4 A/T,48900.0
2023,20230330024801,Audi,Q3 Advanced 35 TFSI 1.4 S tronic,54900.0
2023,20230330024801,Audi,Q3 Advanced Plus 35 TFSI 1.4 S tronic,63900.0
2023,20230330024801,Audi,Q3 Advanced Plus 40 TFSI 2.0 S tronic quattro,75900.0
2023,20230330024801,Audi,Q3 Sportback S line 1.4 TFSI S tronic,74490.0
2023,20230330024801,Audi,Q3 Sportback S line 2.0 TFSI S tronic quattro,85490.0
2023,20230330024801,Audi,RS Q3 Sportback 2.5 TFSI S tronic quattro,149900.0
2023,20230330024801,Audi,Q5 45 TFSI 2.0 MHEV S tronic quattro,73900.0
2023,20230330024801,Audi,Q5 45 TFSI 2.0 MHEV Advanced S tronic quattro,80900.0
2023,20230330024801,Audi,Q5 45 TFSI 2.0 MHEV Advanced Plus S tronic quattro,91400.0
2023,20230330024801,Audi,Q5 45 TFSI 2.0 MHEV S line Plus S tronic quattro,93900.0
2023,20230330024801,Audi,Q5 55 TFSI e 2.0 PHEV S line S tronic quattro,105500.0
2023,20230330024801,Audi,SQ5 3.0 TFSI tiptronic quattro,137000.0
2023,20230330024801,Audi,Q5 Sportback 45 TFSI 2 .0 MHEV S line Plus S tronic quattro,99900.0
2023,20230330024801,Audi,Q7 55 TFSI 3.0 S tronic quattro,159900.0
2023,20230330024801,Audi,Q8 55 TFSI 3.0 MHEV tiptronic quattro,194500.0
2023,20230330024801,Audi,e-tron Advanced Plus 50 quattro (71 kWh),98400.0
2023,20230330024801,Audi,e-tron Advanced Plus 55 quattro (95 kWh),114400.0
2023,20230330024801,Audi,e-tron Sportback Advanced Plus 50 quattro (71 kWh),102400.0
2023,20230330024801,Audi,e-tron Sportback S line 55 quattro (95 kWh),124900.0
2023,20230330024801,Bestune,NAT Luxury A/T (55 kWh),34990.0
2023,20230330024801,Bmw,Garantía: 3 años o 200.000 km (+ 6 años sin límite de kilometraje para la batería en los modelos híbridos). 118i Street 1.5 T M/T,49990.0
2023,20230330024801,Bmw,128ti 2.0 T Steptronic Sport,73990.0
2023,20230330024801,Bmw,M135i xDrive 2.0 T Steptronic Sport,112990.0
2023,20230330024801,Bmw,218i Gran Coupé City 1.5 T M/T,50990.0
2023,20230330024801,Bmw,218i Gran Coupé Urban 1.5 T DKG Steptronic,54990.0
2023,20230330024801,Bmw,Sport 2.0 T DKG Steptronic,74990.0
2023,20230330024801,Bmw,M235i Gran Coupé xDrive 2.0 T Steptronic Sport,119990.0
2023,20230330024801,Bmw,220i Coupé M Sport 2.0 T Steptronic Sport,94990.0
2023,20230330024801,Bmw,M240i xDrive Coupé 3.0 T Steptronic Sport,119990.0
2023,20230330024801,Bmw,330e 2.0 T Urban Steptronic,68990.0
2023,20230330024801,Bmw,330e 2.0 T Sport Steptronic,77990.0
2023,20230330024801,Bmw,330e 2.0 T M Sport Steptronic,89990.0
2023,20230330024801,Bmw,xDrive 3.0 T Steptronic Sport,143990.0
2023,20230330024801,Bmw,M3 Competition 3.0 T M Steptronic Drivelogic,234990.0
2023,20230330024801,Bmw,Coupé 2.0 T M Sport Steptronic Sport,113990.0
2023,20230330024801,Bmw,Coupé xDrive 3.0 T Steptronic Sport,151990.0
2023,20230330024801,Bmw,"i4 Gran Coupé eDrive40 M Sport (83,9 kWh)",119990.0
2023,20230330024801,Bmw,M4 Competition Coupé 3.0 T M Steptronic Drivelogic,244990.0
2023,20230330024801,Bmw,M4 Competition Cabrio 3.0 T M Steptronic Drivelogic,254990.0
2023,20230330024801,Bmw,520i Executive 2.0 T Steptronic,114990.0
2023,20230330024801,Bmw,530e 2.0 T Steptronic,125990.0
2023,20230330024801,Bmw,530i Executive 2.0 T Steptronic,140990.0
2023,20230330024801,Bmw,M5 Competition 4.4 T M xDrive M Steptronic Drivelogic,339990.0
2023,20230330024801,Bmw,Z4 sDrive 20i 2.0 T Sport Steptronic Sport,115990.0
2023,20230330024801,Bmw,Z4 M40i 3.0 T Steptronic Sport,179990.0
2023,20230330024801,Bmw,M850i Coupé xDrive 4.4 Steptronic,286990.0
2023,20230330024801,Bmw,M850i Gran Coupé xDrive 4.4 Steptronic,296990.0
2023,20230330024801,Bmw,M850i Cabrio xDrive 4.4 Steptronic,307990.0
2023,20230330024801,Bmw,X1 sDrive 18i City 1.5 T DKG Steptronic,56990.0
2023,20230330024801,Bmw,X1 sDrive 18 xLine 1.5 T DKG Steptronic,60990.0
2023,20230330024801,Bmw,X1 sDrive 20i xLine 2.0 T DKG Steptronic,71990.0
2023,20230330024801,Bmw,X2 sDrive 18i City 1.5 T DKG Steptronic,66990.0
2023,20230330024801,Bmw,X2 sDrive 20i M Sport X 2.0 T DKG Steptronic,91990.0
2023,20230330024801,Bmw,X2 M35i xDrive 2.0 T Steptronic Sport,115990.0
2023,20230330024801,Bmw,X3 xDrive30e xLine 2.0 T Steptronic Sport,83990.0
2023,20230330024801,Bmw,X3 sDrive 20i Business 2.0 T Steptronic,86990.0
2023,20230330024801,Bmw,X3 xDrive 30e xLine Plus 2.0 T Steptronic Sport,93990.0
2023,20230330024801,Bmw,X3 sDrive 20i Comfort Plus 2.0 T Steptronic,97990.0
2023,20230330024801,Bmw,X3 M40i xDrive 3.0 T Steptronic Sport,158990.0
2023,20230330024801,Bmw,X3 M Competition 3.0 T M xDrive M Steptronic Drivelogic,234990.0
2023,20230330024801,Bmw,X4 xDrive 20i xLine X 2.0 T Steptronic Sport,104990.0
2023,20230330024801,Bmw,X4 xDrive 20i M Sport X 2.0 T Steptronic Sport,109990.0
2023,20230330024801,Bmw,X4 xDrive 30i M Sport X 2.0 T Steptronic Sport,124990.0
2023,20230330024801,Bmw,X4 M40i xDrive 3.0 T Steptronic Sport,172990.0
2023,20230330024801,Bmw,X4 M Competition 3.0 T M xDrive M Steptronic Drivelogic,244990.0
2023,20230330024801,Bmw,X5 xDrive 40i Urban 3.0 T Steptronic,153990.0
2023,20230330024801,Bmw,X5 xDrive 40i xLine 3.0 T Steptronic,168990.0
2023,20230330024801,Bmw,X5 xDrive 45e xLine 3.0 T Steptronic,179990.0
2023,20230330024801,Bmw,4.4 T Steptronic,230990.0
2023,20230330024801,Bmw,X5 M Competition 4.4 T M xDrive M Steptronic Drivelogic,344990.0
2023,20230330024801,Bmw,X6 xDrive 40i xLine 3.0 T Steptronic,174990.0
2023,20230330024801,Bmw,X6 xDrive 40i M Sport 3.0 T Steptronic,187990.0
2023,20230330024801,Bmw,X6 M50i xDrive 4.4 T Steptronic,255990.0
2023,20230330024801,Bmw,X6 M Competition 4.4 T M xDrive M Steptronic Drivelogic,354990.0
2023,20230330024801,Bmw,X7 xDrive 40i Urban 3.0 Steptronic,189990.0
2023,20230330024801,Bmw,X7 xDrive 40i Excellence 3.0 Steptronic,204990.0
2023,20230330024801,Bmw,X7 xDrive 40i M Sport 3.0 Steptronic,217990.0
2023,20230330024801,Bmw,X7 M60i xDrive 4.4 Steptronic,277990.0
2023,20230330024801,Bmw,"iX xDrive40 Executive (76,6 kWh)",129990.0
2023,20230330024801,Bmw,"iX xDrive40 Luxury (76,6 kWh)",149990.0
2023,20230330024801,Byd,"New e2 GS A/T (44,9 kWh)",38990.0
2023,20230330024801,Byd,"Han EV700 GS A/T FWD (85,4 kWh)",77990.0
2023,20230330024801,Byd,"Han EV600 GS A/T AWD (85,4 kWh)",81990.0
2023,20230330024801,Byd,"D1 GS A/T (53,5 kWh)",37990.0
2023,20230330024801,Byd,"Yuan Plus EV400 GL A/T (49,92 kWh)",42990.0
2023,20230330024801,Byd,Song Plus DM-i 1.5 GL A/T,49990.0
2023,20230330024801,Byd,Song Plus DM-i 1.5 GS A/T,53990.0
2023,20230330024801,Byd,"Tang EV500 GS A/T AWD (86,4 kWh)",79990.0
2023,20230330024801,Byd,"T3 GL A/T (44,9 kWh)",37990.0
2023,20230330024801,Changan,"E-Star A/T (32,2 kWh)",24990.0
2023,20230330024801,Changan,CS15 1.5 Luxury DCT,22990.0
2023,20230330024801,Changan,CS35 Plus 1.4 280T Comfort DCT,30490.0
2023,20230330024801,Changan,CS35 Plus 1.4 280T Luxury DCT,32490.0
2023,20230330024801,Changan,CS55 Plus 1.5 300T Luxury DCT,36990.0
2023,20230330024801,Changan,CS55 Elite 1.5 300T Luxury DCT,39990.0
2023,20230330024801,Changan,UNI-T 1.5 300T GDI Evolution DCT,38490.0
2023,20230330024801,Changan,UNI-T 1.5 300T GDI Techno DCT,41490.0
2023,20230330024801,Changan,Star MD201 1.2 Pick-Up Cabina Simple (sin a/a),10490.0
2023,20230330024801,Changan,Star MD201 1.2 Pick-Up Cabina Simple (con a/a),11490.0
2023,20230330024801,Changan,Star MD201 1.2 Pick-Up Cabina Doble (sin a/a),11990.0
2023,20230330024801,Changan,1.2 Pick-Up Cabina Doble (con a/a),12990.0
2023,20230330024801,Changan,Star MD201 1.2 Box (sin a/a),12990.0
2023,20230330024801,Changan,Star MD201 1.2 Box (con a/a),13990.0
2023,20230330024801,Changan,Star MD201 1.2 Box Refrigerado (con a/a),17490.0
2023,20230330024801,Changan,Star M201 1.2 Cargo (sin a/a),11490.0
2023,20230330024801,Changan,Star M201 1.2 Cargo (con a/a),12490.0
2023,20230330024801,Chery,Tiggo 2 Pro Comfort 1.5 M/T,20990.0
2023,20230330024801,Chery,Tiggo 2 Pro Comfort 1.5 CVT,22990.0
2023,20230330024801,Chery,Tiggo 2 Pro Luxury 1.0 T M/T,23990.0
2023,20230330024801,Chery,Tiggo 2 Pro Luxury 1.0 T CVT,25990.0
2023,20230330024801,Chery,Tiggo 4 Comfort 1.5 M/T,24490.0
2023,20230330024801,Chery,Tiggo 4 Comfort 1.5 CVT,26490.0
2023,20230330024801,Chery,Tiggo 4 Pro Luxury 1.5T CVT,32990.0
2023,20230330024801,Chery,Pro Luxury 1.5T CVT,34990.0
2023,20230330024801,Chery,Tiggo 8 Pro Luxury 1.6T 290 T GDI DCT,46990.0
2023,20230330024801,Chevrolet,Onix LS 1.2,17990.0
2023,20230330024801,Chevrolet,Onix LT 1.2,19990.0
2023,20230330024801,Chevrolet,Onix LTZ 1.0 Turbo M/T,21690.0
2023,20230330024801,Chevrolet,Onix RS 1.0 Turbo M/T,22690.0
2023,20230330024801,Chevrolet,Onix Premier 1.0 Turbo A/T,23490.0
2023,20230330024801,Chevrolet,Onix Plus LS 1.2,18990.0
2023,20230330024801,Chevrolet,Onix Plus LT 1.2,20990.0
2023,20230330024801,Chevrolet,Onix Plus LTZ 1.0 Turbo M/T,22790.0
2023,20230330024801,Chevrolet,Onix Plus Premier 1.0 Turbo A/T,24790.0
2023,20230330024801,Chevrolet,Spin 1.8 Premier M/T,24990.0
2023,20230330024801,Chevrolet,Spin 1.8 Premier A/T,25990.0
2023,20230330024801,Chevrolet,Cruze 5 Premier 1.4 Turbo A/T,31990.0
2023,20230330024801,Chevrolet,Cruze Sedán Premier 1.4 Turbo A/T,31990.0
2023,20230330024801,Chevrolet,Camaro Six II Coupé SS 6.2 V8 A/T,109990.0
2023,20230330024801,Chevrolet,Tracker LS 1.2 Turbo M/T,27990.0
2023,20230330024801,Chevrolet,Tracker LTZ 1.2 Turbo A/T,30790.0
2023,20230330024801,Chevrolet,Tracker Premier 1.2 Turbo A/T,34990.0
2023,20230330024801,Chevrolet,Captiva LTZ 1.5 T FWD M/T,30490.0
2023,20230330024801,Chevrolet,Captiva Premier 1.5 T FWD CVT,34490.0
2023,20230330024801,Chevrolet,Equinox 1.5 T RS FWD A/T,45990.0
2023,20230330024801,Chevrolet,Equinox 1.5 T Premier AWD A/T,48990.0
2023,20230330024801,Chevrolet,Montana LS 1.2 Turbo M/T,20990.0
2023,20230330024801,Chevrolet,Montana Premier 1.2 Turbo M/T,24990.0
2023,20230330024801,Chevrolet,Montana Premier 1.2 Turbo A/T,26990.0
2023,20230330024801,Chevrolet,S10 LT 2.5 Ecotec SIDI Flex 4x2,30990.0
2023,20230330024801,Chevrolet,S10 LTZ 2.5 Ecotec SIDI Flex 4x2,34990.0
2023,20230330024801,Chevrolet,S10 LS 2.8 CTDI 4x2 M/T,40248.0
2023,20230330024801,Chevrolet,S10 LS 2.8 CTDI 4x4 M/T,44490.0
2023,20230330024801,Chevrolet,S10 LT 2.8 CTDI 4x4 M/T,48990.0
2023,20230330024801,Chevrolet,S10 LT 2.8 CTDI 4x4 A/T,50990.0
2023,20230330024801,Chevrolet,S10 Z71 2.8 CTDI 4x4 A/T,54990.0
2023,20230330024801,Chevrolet,S10 LTZ 2.8 CTDI 4x4 A/T,59490.0
2023,20230330024801,Chevrolet,S10 High Country 2.8 CTDI 4x4 A/T,63990.0
2023,20230330024801,Chevrolet,Silverado 1500 Crew Cab LTZ 3.0TD L6 Duramax 4x4 A/T,89990.0
2023,20230330024801,Citroën,C3 1.2 M/T Live,16290.0
2023,20230330024801,Citroën,C3 1.2 M/T Live Pack,17290.0
2023,20230330024801,Citroën,C3 1.2 M/T Feel,18290.0
2023,20230330024801,Citroën,C3 1.6 16v AT6 Feel Pack,20890.0
2023,20230330024801,Citroën,C3 1.6 16v AT6 Feel Pack First Edition,21690.0
2023,20230330024801,Citroën,C4 Cactus 1.6 VTi 115 Feel Pack BVM5,23990.0
2023,20230330024801,Citroën,C4 Cactus 1.6 VTi 115 Feel Pack EAT6,25990.0
2023,20230330024801,Citroën,C4 Cactus 1.6 THP 165 Shine EAT6,29490.0
2023,20230330024801,Citroën,C5 Aircross Feel 1.6 THP 163 EAT6,52900.0
2023,20230330024801,Citroën,Berlingo M69 Business 1.6,15990.0
2023,20230330024801,Citroën,Berlingo M69 Business 1.6 HDi,22490.0
2023,20230330024801,Citroën,K9 1.6 115 L2,24990.0
2023,20230330024801,Citroën,K9 1.6 115 L2 (3 asientos),25490.0
2023,20230330024801,Citroën,K9 1.6 115 L2 (2 asientos y 2 puertas),25490.0
2023,20230330024801,Citroën,K9 1.6 115 L2 (3 asientos y 2 puertas),25990.0
2023,20230330024801,Citroën,Berlingo Van K9 1.6 HDI 90 L2,31800.0
2023,20230330024801,Citroën,K9 1.6 HDI 90 L2 (3 asientos),32300.0
2023,20230330024801,Citroën,K9 1.6 HDI 90 L2 (2 asientos y 2 puertas),32300.0
2023,20230330024801,Citroën,1.6 HDI 90 L2 (3 asientos y 2 puertas),32800.0
2023,20230330024801,Dfsk,"EC35 EV Van (38,7 kWh)",36950.0
2023,20230330024801,Dfsk,"EC31 EV Box (38,7 kWh)",39950.0
2023,20230330024801,Dfsk,"Seres 3 A/T (53,61 kWh)",39950.0
2023,20230330024801,Dfsk,"Seres SF5 A/T AWD (34,5 kWh)",79950.0
2023,20230330024801,Dfsk,Durango SXT 3.6 V6 RWD A/T,108000.0
2023,20230330024801,Fiat,Mobi Trekking 1.0,16390.0
2023,20230330024801,Fiat,Argo Drive 1.3 M/T,19990.0
2023,20230330024801,Fiat,Argo Trekking 1.3 M/T,20990.0
2023,20230330024801,Fiat,Pulse Drive 1.3 M/T,23990.0
2023,20230330024801,Fiat,Pulse Drive 1.3 CVT,25990.0
2023,20230330024801,Fiat,Pulse Impetus T200 1.0 CVT,29990.0
2023,20230330024801,Fiat,Strada Endurance Cabina Plus 1.4,16690.0
2023,20230330024801,Fiat,Strada Freedom Cabina Doble 1.4,19290.0
2023,20230330024801,Fiat,Strada Volcano Cabina Doble 1.3,21990.0
2023,20230330024801,Fiat,Fiorino Endurance 1.4,16990.0
2023,20230330024801,Fiat,Toro Freedom 1.8 AT6 FWD,29890.0
2023,20230330024801,Ford,Territory Titanium 1.5 Turbo EcoBoost GTDi CVT,48900.0
2023,20230330024801,Ford,Bronco Sport Big Bend 1.5 EcoBoost 4WD A/T,52900.0
2023,20230330024801,Ford,Bronco Sport Wildtrak 2.0 EcoBoost 4WD A/T,64900.0
2023,20230330024801,Ford,Ranger XL 2.5 4x2 Cabina Simple,30990.0
2023,20230330024801,Ford,Ranger XL 2.5 4x2 Cabina Doble,30990.0
2023,20230330024801,Ford,Ranger XLT 2.5 4x2 Cabina Doble,35990.0
2023,20230330024801,Ford,Ranger XL 2.2 TDCi 4x2 Cabina Simple,44590.0
2023,20230330024801,Ford,Ranger XL 2.2 TDCi 4x4 Cabina Doble,51990.0
2023,20230330024801,Ford,Ranger XLS 3.2 TDCi 4x2 Cabina Doble A/T,54990.0
2023,20230330024801,Ford,Ranger XLT 3.2 TDCi 4x4 Cabina Doble A/T,63990.0
2023,20230330024801,Ford,Ranger Limited 3.2 TDCi 4x4 Cabina Doble A/T,72990.0
2023,20230330024801,Ford,Ranger Raptor 2.0 TDCi 4x4 Cabina Doble A/T,94900.0
2023,20230330024801,Ford,Explorer 2.3 EcoBoost XLT AWD SelectShift,105900.0
2023,20230330024801,Ford,F-150 3.5 V6 EcoBoost XLT FX4 SelectShift,79900.0
2023,20230330024801,Ford,F-150 3.5 V6 EcoBoost Lariat FX4 SelectShift,89900.0
2023,20230330024801,Ford,F-150 Raptor 3.5 V6 EcoBoost 4x4 SelectShift,135900.0
2023,20230330024801,Foton,Tunland G7 2.0 CRDI 4x4 M/T,38450.0
2023,20230330024801,Foton,View Cargo Van 2.8 BJ6549B1PDA-1,26800.0
2023,20230330024801,Foton,Toano Cargo Van 2.8 BJ5038XXY-CC,33950.0
2023,20230330024801,Geely,1.5 GF CVT,24490.0
2023,20230330024801,Geely,Azkarra GF 1.5 TD EMS G-Power DCT 4WD,38990.0
2023,20230330024801,Gwm,Wingle 5 Pick-Up 2.4 Luxury 4x2,19990.0
2023,20230330024801,Gwm,Wingle 5 Pick-Up 2.4 Luxury 4x4,22990.0
2023,20230330024801,Gwm,Wingle 5 2.4 Luxury 4x2,20990.0
2023,20230330024801,Gwm,Wingle 5 2.4 Dignity 4x2,22990.0
2023,20230330024801,Gwm,Wingle 5 2.4 Dignity 4x4,25490.0
2023,20230330024801,Gwm,Wingle5E Luxury 2.2 4x2,17450.0
2023,20230330024801,Gwm,Luxury 4x2,33450.0
2023,20230330024801,Gwm,Luxury 4x4,35950.0
2023,20230330024801,Gwm,Poer 2.0 T Tool 4x2 M/T,30950.0
2023,20230330024801,Gwm,Poer 2.0 T Family 4x4 A/T,42450.0
2023,20230330024801,Gwm,Jolion Top 1.5 GDIT 7DCT,34990.0
2023,20230330024801,Gwm,H6 High 2.0 GDIT 2WD 7DCT,42990.0
2023,20230330024801,Gwm,H6 Top 2.0 GDIT 4WD 7DCT,47990.0
2023,20230330024801,Gwm,H6 HEV 1.5 GDIT DHT,51990.0
2023,20230330024801,Gwm,Dargo 2.0 GDIT 2WD 7DCT,50990.0
2023,20230330024801,Gwm,Dargo 2.0 GDIT 4WD 7DCT,57990.0
2023,20230330024801,Honda,City Sedán LX 1.5 CVT,27900.0
2023,20230330024801,Honda,City Sedán EX-L 1.5 CVT,29900.0
2023,20230330024801,Honda,City Hatchback LX 1.5 CVT,25800.0
2023,20230330024801,Honda,City Hatchback EX-L 1.5 CVT,27500.0
2023,20230330024801,Honda,City Hatchback Touring 1.5 CVT,33500.0
2023,20230330024801,Honda,Civic Sedán e:HEV 2.0 E-CVT,55900.0
2023,20230330024801,Honda,WR-V 1.5 LX M/T,24900.0
2023,20230330024801,Honda,WR-V 1.5 EX CVT,26900.0
2023,20230330024801,Honda,WR-V 1.5 EXL CVT,29900.0
2023,20230330024801,Honda,CR-V 1.5 Turbo i-VTEC EX-L AWD CVT,70900.0
2023,20230330024801,Honda,Pilot EX-L 3.5 V6 4WD A/T,97900.0
2023,20230330024801,Honda,Ridgeline RTL 3.5 V6 AWD A/T,95600.0
2023,20230330024801,Hyundai,HB20 1.0 Comfort Special Edition M/T,18290.0
2023,20230330024801,Hyundai,Hybrid GLS 2.0 GDi A/T,55990.0
2023,20230330024801,Hyundai,Creta Safe 1.0 T-GDi M/T,29990.0
2023,20230330024801,Hyundai,Creta Safe 1.0 T-GDi A/T,32990.0
2023,20230330024801,Hyundai,Creta Limited 1.0 T-GDi A/T,36990.0
2023,20230330024801,Hyundai,Kona Hybrid Safe 1.6 GDi DCT,37990.0
2023,20230330024801,Hyundai,1.6 GDi DCT,42990.0
2023,20230330024801,Hyundai,Kona Electric Limited A/T (64 kWh),62900.0
2023,20230330024801,Hyundai,Tucson Safe 1.6 T-GDi 2WD DCT,52990.0
2023,20230330024801,Hyundai,Tucson Limited 1.6 T-GDi 2WD DCT,59990.0
2023,20230330024801,Hyundai,Santa Fe 2.4 2WD Premium A/T,64990.0
2023,20230330024801,Hyundai,Santa Fe 2.4 AWD Limited A/T,75990.0
2023,20230330024801,Hyundai,Santa Fe 3.5 V6 AWD Limited A/T,86990.0
2023,20230330024801,Hyundai,Staria Furgón 3.5 V6 A/T,36900.0
2023,20230330024801,Hyundai,Staria Furgón 2.2 CRDi M/T,37900.0
2023,20230330024801,Hyundai,H-1 Staria Minibus 9 pasajeros 2.2 CRDi M/T,42900.0
2023,20230330024801,Hyundai,H-1 Staria Minibus 9 pasajeros 2.2 CRDi A/T,44900.0
2023,20230330024801,Hyundai,Staria Minibus 9 pasajeros 3.5 V6 A/T,57900.0
2023,20230330024801,Hyundai,H-1 Staria Premium 7 pasajeros 2.2 CRDi A/T 2WD,64990.0
2023,20230330024801,Hyundai,H-1 Staria Premium 7 pasajeros 2.2 CRDi A/T 4WD,66900.0
2023,20230330024801,Hyundai,H-1 Staria Premium 7 pasajeros 3.5 V6 A/T 4WD,89990.0
2023,20230330024801,Hyundai,H350 150 2.5 CRDi eVGT LWB,47900.0
2023,20230330024801,Hyundai,H350 150 Solati 2.5 CRDi eVGT LWB,49900.0
2023,20230330024801,Hyundai,H350 Minibus (sin asientos) 150 2.5 CRDi eVGT LWB,55500.0
2023,20230330024801,Hyundai,H350 Minibus 15 pasajeros 150 2.5 CRDi eVGT LWB,59900.0
2023,20230330024801,Hyundai,H350 Minibus 17+1 pasajeros 150 2.5 CRDi eVGT LWB,61900.0
2023,20230330024801,Hyundai,H350 Minibus 25 pasajeros (Escolares) 150 2.5 CRDi eVGT LWB,64500.0
2023,20230330024801,Iveco,Daily 55-130 Furgón 3.0,37600.0
2023,20230330024801,Iveco,Daily 30-130 Minibus Fretamento 3.0 (20+1),49990.0
2023,20230330024801,Iveco,Daily 30-130 Minibus Turismo 3.0 (18+1),50890.0
2023,20230330024801,Jac,"( 30,2 kWh )",24990.0
2023,20230330024801,Jac,S2 Luxury 1.5 M/T,18690.0
2023,20230330024801,Jac,S2 Intelligent 1.5 M/T,19690.0
2023,20230330024801,Jac,S2 Intelligent 1.5 CVT,21990.0
2023,20230330024801,Jac,S4 Intelligent 1.5 T CVT,29990.0
2023,20230330024801,Jac,e-S4 A/T (55 kWh),40990.0
2023,20230330024801,Jac,JS8 1.5 T DCT,39990.0
2023,20230330024801,Jac,T6 2.0 Comfort,22990.0
2023,20230330024801,Jac,T6 2.0 Luxury,23990.0
2023,20230330024801,Jac,T8 Pro Luxury 2.0 CTI 4x2 M/T,43990.0
2023,20230330024801,Jac,T8 Pro Luxury 2.0 CTI 4x4 M/T,45990.0
2023,20230330024801,Jac,Sunray Furgón 7.5 2.8,29990.0
2023,20230330024801,Jac,Sunray Furgón 2.8,39990.0
2023,20230330024801,Jac,Sunray Cabina Triple 2.8,39990.0
2023,20230330024801,Jac,Sunray Minibus 2.8,38990.0
2023,20230330024801,Jac,"Sunray EV (92,16 kWh)",59990.0
2023,20230330024801,Jac,F-Type Coupé R-Dynamic 2.0 A/T,169990.0
2023,20230330024801,Jac,E-Pace R-Dynamic S P200 AWD 2.0 A/T,105990.0
2023,20230330024801,Jeep,Renegade Sport 1.3 T270 AT6 FWD,36490.0
2023,20230330024801,Jeep,Renegade Longitude 1.3 T270 AT6 FWD,39490.0
2023,20230330024801,Jeep,Renegade Longitude Full 1.3 T270 AT6 FWD,42490.0
2023,20230330024801,Jeep,Compass Longitude II 1.3 T270 AT6 FWD,45990.0
2023,20230330024801,Jeep,Compass Longitude 1.3 T270 AT6 FWD,48490.0
2023,20230330024801,Jeep,Compass Limited 1.3 T270 AT6 FWD,51490.0
2023,20230330024801,Jeep,Compass Limited Full 1.3 T270 AT6 FWD,53490.0
2023,20230330024801,Jeep,Commander Overland 1.3 T270 AT6 FWD,63490.0
2023,20230330024801,Jeep,L Limited 3.6 V6 AT8 4WD,139900.0
2023,20230330024801,Jeep,Unlimited Rubicon 3.6 V6 AT8 4WD,129000.0
2023,20230330024801,Jeep,Gladiator Rubicon 3.6 V6 AT8 4WD,102000.0
2023,20230330024801,Jeep,Gladiator Rubicon Special Edition 3.6 V6 AT8 4WD,119000.0
2023,20230330024801,Jetour,X70 Comfort 1.5T 240T M/T,25990.0
2023,20230330024801,Jetour,X70 Comfort 1.5T 240T M/T,28790.0
2023,20230330024801,Jetour,X70 Luxury 1.5T 240T DCT,31790.0
2023,20230330024801,Jetour,X70 Plus Luxury 1.5T DCT,35990.0
2023,20230330024801,Jetour,X95 Conquer Pro 1.6T 350T GDI DCT,42990.0
2023,20230330024801,Jmc,N520 2.8 TDi Touring Cargo Box SWB JX493ZLQ4,24998.0
2023,20230330024801,Jmc,N520 2.8 TDi Touring Cargo Box LWB JX493ZLQ4,30488.0
2023,20230330024801,Jmc,Vigus Work 1.8 GTDi 4x2 M/T,22990.0
2023,20230330024801,Jmc,"Vigus EV (60,16 kWh)",63428.0
2023,20230330024801,Kaiyi,"X3 Pro EV Full A/T (53,6 kWh)",36990.0
2023,20230330024801,Kaiyi,"X3 Pro EV Deluxe A/T (53,6 kWh)",38990.0
2023,20230330024801,Kaiyi,"X3 Pro EV Limited A/T (53,6 kWh)",40990.0
2023,20230330024801,Karry,Q22L Cargo 1.2,12890.0
2023,20230330024801,Kia,Seltos LX Plus 1.6 A/T,36490.0
2023,20230330024801,Kia,Carens EX Plus 1.5 A/T,38990.0
2023,20230330024801,Kia,Sportage X-Line 1.6 T-GDi 2WD DCT,54990.0
2023,20230330024801,Kia,Sportage X-Line Plus 1.6 T-GDi 2WD DCT,60990.0
2023,20230330024801,Kia,Carnival EX Plus 3.5 V6 A/T,89990.0
2023,20230330024801,Kia,Urus S 4.0 V8 Bi-Turbo 4WD,690990.0
2023,20230330024801,Land Rover,Range Rover Evoque SE AWD 2.0 Si4 P200 A/T,119990.0
2023,20230330024801,Land Rover,Range Rover Evoque SE AWD 1.5 PHEV P300e A/T,122990.0
2023,20230330024801,Land Rover,Range Rover Evoque SE AWD 2.0 Si4 P250 A/T,126990.0
2023,20230330024801,Land Rover,Range Rover Velar S P250 AWD 2.0 Si4 A/T,139990.0
2023,20230330024801,Land Rover,Range Rover Velar R-Dynamic S P400e PHEV AWD 2.0 Si4 A/T,147990.0
2023,20230330024801,Land Rover,Range Rover Sport Dynamic SE AWD 3.0 P400 A/T,249990.0
2023,20230330024801,Land Rover,Range Rover Sport Dynamic HSE AWD 3.0 P400 A/T,259990.0
2023,20230330024801,Land Rover,Defender 90 AWD 2.0 Si4 P300 A/T,146990.0
2023,20230330024801,Land Rover,Defender 90 SE AWD 2.0 Si4 P300 A/T,157990.0
2023,20230330024801,Land Rover,Defender 110 S AWD 2.0 Si4 P300 A/T,154990.0
2023,20230330024801,Land Rover,Defender 110 S AWD 2.0 Si4 P300 A/T (c/techo solar),159990.0
2023,20230330024801,Leapmotor,"T03 Luxury A/T (41,3 kWh)",26950.0
2023,20230330024801,Leapmotor,Ghibli Hybrid 2.0 MHEV A/T,149990.0
2023,20230330024801,Leapmotor,Grecale GT Q4 2.0 MHEV A/T,139990.0
2023,20230330024801,Leapmotor,Grecale GT S Q4 2.0 MHEV A/T,149990.0
2023,20230330024801,Leapmotor,Grecale Modena Q4 2.0 MHEV A/T,157990.0
2023,20230330024801,Leapmotor,Grecale Trofeo Q4 3.0 V6 A/T,239990.0
2023,20230330024801,Leapmotor,Levante GT Hybrid Q4 2.0 MHEV A/T,149990.0
2023,20230330024801,Leapmotor,Levante GT Hybrid Sport Q4 2.0 MHEV A/T,159990.0
2023,20230330024801,Maxus,Euniq 6 A/T (70 kWh),55990.0
2023,20230330024801,Maxus,T60 2.4 Comfort 4x2 M/T,26990.0
2023,20230330024801,Maxus,T60 2.8 TDi Comfort 4x2 M/T,43990.0
2023,20230330024801,Maxus,T60 2.8 TDi Elite 4x4 M/T,46990.0
2023,20230330024801,Maxus,T60 2.8 TDi Luxury 4x4 A/T,53100.0
2023,20230330024801,Maxus,"T90 EV (88,5 kWh)",73188.0
2023,20230330024801,Maxus,eDeliver 3 SWB (chasis corto) A/T (53 kWh),45150.0
2023,20230330024801,Maxus,eDeliver 3 Chassis (chasis cabina) A/T (53 kWh),47600.0
2023,20230330024801,Maxus,eDeliver 3 LWB (chasis largo) A/T (53 kWh),48800.0
2023,20230330024801,Maxus,"eDeliver 9 SWB L2H2 A/T (51,5 kWh)",68350.0
2023,20230330024801,Maxus,"eDeliver 9 LWB L3H2 A/T (88,5 kWh)",79300.0
2023,20230330024801,Maserati,MX-5 Soft Top 2.0 SKYACTIV-G M/T,68900.0
2023,20230330024801,Maserati,MX-5 Soft Top 2.0 SKYACTIV-G A/T,71900.0
2023,20230330024801,Maserati,MX-5 RF 2.0 SKYACTIV-G A/T,78900.0
2023,20230330024801,Maserati,CX-30 2.0 SKYACTIV-G 2WD Core A/T,41990.0
2023,20230330024801,Maserati,CX-30 2.5 SKYACTIV-G AWD High A/T,46990.0
2023,20230330024801,Maserati,CX-5 2.0 SKYACTIV-G 2WD High A/T,53990.0
2023,20230330024801,Maserati,CX-5 2.0 SKYACTIV-G AWD High A/T,58990.0
2023,20230330024801,Maserati,CX-5 2.5 SKYACTIV-G AWD High A/T,64990.0
2023,20230330024801,Mercedes-Benz,A 200 Progressive 7G-DCT,71990.0
2023,20230330024801,Mercedes-Benz,A 35 4MATIC AMG SPEEDSHIFT DCT 7G,104990.0
2023,20230330024801,Mercedes-Benz,A 45 S 4MATIC+ AMG SPEEDSHIFT DCT 8G,152990.0
2023,20230330024801,Mercedes-Benz,CLA 35 4MATIC AMG SPEEDSHIFT DCT 7G,104990.0
2023,20230330024801,Mercedes-Benz,C 200 Avantgarde EQ Boost 9G-TRONIC PLUS,72990.0
2023,20230330024801,Mercedes-Benz,C 300 AMG Line EQ Boost 9G-TRONIC PLUS,99990.0
2023,20230330024801,Mercedes-Benz,C 350 e AMG Line 9G-TRONIC PLUS,107990.0
2023,20230330024801,Mercedes-Benz,C 43 4MATIC AMG SPEEDSHIFT MCT 9G,139990.0
2023,20230330024801,Mercedes-Benz,E 350 Avantgarde 9G-TRONIC,102990.0
2023,20230330024801,Mercedes-Benz,E 300 e Avantgarde 9G-TRONIC,112490.0
2023,20230330024801,Mercedes-Benz,E 450 4MATIC 9G-TRONIC,149990.0
2023,20230330024801,Mercedes-Benz,GLA 200 Progressive 7G-DCT,71990.0
2023,20230330024801,Mercedes-Benz,GLA 35 4MATIC AMG SPEEDSHIFT DCT 8G,123490.0
2023,20230330024801,Mercedes-Benz,GLB 180 Progressive 7G-DCT,65490.0
2023,20230330024801,Mercedes-Benz,GLC 200 4MATIC Avantgarde EQ Boost 9G-TRONIC PLUS,83500.0
2023,20230330024801,Mercedes-Benz,GLC 200 4MATIC Avantgarde EQ Boost 9G-TRONIC PLUS (c/techo),86900.0
2023,20230330024801,Mercedes-Benz,GLC 300 4MATIC Avantgarde EQ Boost 9G-TRONIC PLUS,99500.0
2023,20230330024801,Mercedes-Benz,GLE 350 de Plus 4MATIC 9G-TRONIC,150990.0
2023,20230330024801,Mercedes-Benz,GLE 450 4MATIC 9G-TRONIC,150990.0
2023,20230330024801,Mercedes-Benz,GLE 450 Plus 4MATIC 9G-TRONIC,180990.0
2023,20230330024801,Mercedes-Benz,GLE 450 4MATIC AMG Line Coupé 9G-TRONIC,179990.0
2023,20230330024801,Mercedes-Benz,GLS 450 4MATIC 9G-TRONIC,181990.0
2023,20230330024801,Mercedes-Benz,"EQA 350 4MATIC (66,5 kWh)",90990.0
2023,20230330024801,Mercedes-Benz,"350 4MATIC (66,5 kWh)",93990.0
2023,20230330024801,Mercedes-Benz,EQC 400 4MATIC (80 kWh),109990.0
2023,20230330024801,Mercedes-Benz,EQC 400 4MATIC AMG Line (80 kWh),129990.0
2023,20230330024801,Mercedes-Benz,Sprinter 311 2.1 CDI Furgón Compacto,43066.0
2023,20230330024801,Mercedes-Benz,Sprinter 415 2.1 CDI Furgón Estándar,51240.0
2023,20230330024801,Mercedes-Benz,Sprinter 415 2.1 CDI Furgón Largo,54046.0
2023,20230330024801,Mercedes-Benz,Sprinter 515 2.1 CDI Furgón Extra Largo Techo Elevado,59659.0
2023,20230330024801,Mercedes-Benz,Sprinter 415 Minibus 15+1 2.1 CDI Techo Elevado,61366.0
2023,20230330024801,Mini,Cooper Hatch 3 Door Essential 1.5 T M/T,42990.0
2023,20230330024801,Mini,Door Classic Plus 1.5 T Steptronic,52990.0
2023,20230330024801,Mini,Door JCW Sport 1.5 T Steptronic,57990.0
2023,20230330024801,Mini,"Cooper SE Hatch 3 Door Iconic A/T (32,6 kWh)",59990.0
2023,20230330024801,Mini,"Cooper SE Hatch 3 Door Resolute A/T (32,6 kWh)",62990.0
2023,20230330024801,Mini,John Cooper Works Hatch Spitfire 2.0 T Steptronic,69990.0
2023,20230330024801,Mini,Cooper Hatch 5 Door Classic Plus 1.5 T Steptronic,54990.0
2023,20230330024801,Mini,Cooper S Hatch 5 Door Classic Plus 2.0 T Steptronic,64990.0
2023,20230330024801,Mini,Cooper S Cabrio Iconic 2.0 T DKG Steptronic,73990.0
2023,20230330024801,Mini,John Cooper Works Cabrio Spitfire 2.0 T Steptronic,71990.0
2023,20230330024801,Mini,Cooper Countryman Essential 1.5 T DKG Steptronic,50990.0
2023,20230330024801,Mini,Cooper Countryman Classic Plus 1.5 T DKG Steptronic,57990.0
2023,20230330024801,Mini,Cooper S E Countryman Chili 1.5 T Steptronic ALL4,73990.0
2023,20230330024801,Mini,John Cooper Works Countryman Spitfire 2.0 T Steptronic ALL4,85990.0
2023,20230330024801,Mitsubishi,Mirage 1.2 GLS CVT,23990.0
2023,20230330024801,Mitsubishi,Outlander 2.5 GDI 2WD GLS CVT,59990.0
2023,20230330024801,Mitsubishi,Outlander 2.5 GDI 4WD GLS CVT,69990.0
2023,20230330024801,Mitsubishi,L200 2.4 MPI GL 4x4 M/T,34990.0
2023,20230330024801,Mitsubishi,L200 2.4 Di-D GLX Hi-Rider 4x2 M/T,49990.0
2023,20230330024801,Mitsubishi,L200 2.4 Di-D GLS 4x4 M/T,59990.0
2023,20230330024801,Mitsubishi,L200 2.4 High Power Di-D GLS 4x4 A/T,69990.0
2023,20230330024801,Nissan,Versa V-Drive 1.6 M/T,19990.0
2023,20230330024801,Nissan,Versa V-Drive 1.6 A/T,20990.0
2023,20230330024801,Nissan,Versa 1.6 Sense M/T,25490.0
2023,20230330024801,Nissan,Versa 1.6 Advance M/T,26990.0
2023,20230330024801,Nissan,Versa 1.6 Advance CVT,27990.0
2023,20230330024801,Nissan,Versa 1.6 SR CVT,28990.0
2023,20230330024801,Nissan,Versa 1.6 Exclusive CVT,29990.0
2023,20230330024801,Nissan,Sentra 2.0 Advance CVT,34990.0
2023,20230330024801,Nissan,Sentra 2.0 SR CVT,37990.0
2023,20230330024801,Nissan,Sentra 2.0 Exclusive CVT,37990.0
2023,20230330024801,Nissan,Leaf Tekna (40 Kwh),47990.0
2023,20230330024801,Nissan,Kicks Sense 1.6 M/T,28990.0
2023,20230330024801,Nissan,Kicks Advance 1.6 M/T,30490.0
2023,20230330024801,Nissan,Kicks Advance 1.6 CVT,31990.0
2023,20230330024801,Nissan,Kicks Exclusive 1.6 CVT,34990.0
2023,20230330024801,Nissan,Frontier C/S S 4x2 2.5 M/T,23778.0
2023,20230330024801,Nissan,Frontier C/D S 4x2 2.5 M/T,28048.0
2023,20230330024801,Nissan,Frontier C/D SE 4x2 2.5 M/T,30488.0
2023,20230330024801,Nissan,Frontier C/D PRO-4X 4x4 2.5 A/T,45128.0
2023,20230330024801,Nissan,Frontier C/S S 4x2 2.5 DDTTi M/T,35978.0
2023,20230330024801,Nissan,Frontier C/D S 4x2 2.5 DDTTi M/T,38418.0
2023,20230330024801,Nissan,Frontier C/D SE 4x2 2.5 DDTTi M/T,40858.0
2023,20230330024801,Nissan,Frontier C/D XE 4x2 2.5 DDTTi High Power M/T,43908.0
2023,20230330024801,Nissan,Frontier C/D LE 4x2 2.5 DDTTi High Power M/T,47568.0
2023,20230330024801,Nissan,Frontier C/D S 4x4 2.5 DDTTi M/T,47568.0
2023,20230330024801,Nissan,Frontier C/D SE 4x4 2.5 DDTTi High Power M/T,50008.0
2023,20230330024801,Nissan,Frontier C/D XE 4x4 2.5 DDTTi High Power M/T,54278.0
2023,20230330024801,Nissan,Frontier C/D XE 4x4 2.5 DDTTi High Power A/T,56108.0
2023,20230330024801,Nissan,Frontier C/D LE 4x4 2.5 DDTTi High Power M/T,57938.0
2023,20230330024801,Nissan,Frontier C/D LE 4x4 2.5 DDTTi High Power A/T,64648.0
2023,20230330024801,Nissan,Frontier C/D PRO-4X 4x4 2.5 DDTTi High Power A/T,64684.0
2023,20230330024801,Opel,Corsa 1.2 T Elegance BVM6,27990.0
2023,20230330024801,Opel,Corsa 1.2 T Elegance EAT6,30990.0
2023,20230330024801,Opel,Crossland 1.2 T Elegance EAT6,33990.0
2023,20230330024801,Opel,Combo Cargo 1.6 115 L2,23690.0
2023,20230330024801,Opel,Combo Cargo 1.6 D 92 L2,30990.0
2023,20230330024801,Peugeot,208 Active 1.2 VTi 82 BVM5,19990.0
2023,20230330024801,Peugeot,208 Active 1.6 VTi Tiptronic,22490.0
2023,20230330024801,Peugeot,208 Allure 1.6 VTi BVM5,24000.0
2023,20230330024801,Peugeot,208 Allure 1.6 VTi Tiptronic,26000.0
2023,20230330024801,Peugeot,208 Féline 1.6 VTi Tiptronic,28490.0
2023,20230330024801,Peugeot,2008 1.6 VTi Allure BVM5,21990.0
2023,20230330024801,Peugeot,2008 1.6 VTi Féline BVM5,25000.0
2023,20230330024801,Peugeot,2008 1.6 VTi Féline EAT6,27000.0
2023,20230330024801,Peugeot,2008 1.2 PureTech 130 Active EAT6,35500.0
2023,20230330024801,Peugeot,2008 1.2 PureTech 130 Allure EAT6,38900.0
2023,20230330024801,Peugeot,2008 1.2 PureTech 155 GT EAT8,44500.0
2023,20230330024801,Peugeot,e-2008 GT (50 kWh),52500.0
2023,20230330024801,Peugeot,3008 Active 1.2 PureTech 130 S&S EAT8,43990.0
2023,20230330024801,Peugeot,3008 GT 1.6 THP 165 EAT6,56990.0
2023,20230330024801,Peugeot,3008 HYbrid4 1.6 PureTech 300 GT e-EAT8,72000.0
2023,20230330024801,Peugeot,5008 GT 1.6 THP 165 EAT6,62990.0
2023,20230330024801,Peugeot,Landtrek 2.4 Turbo Active 4x2 M/T,35900.0
2023,20230330024801,Peugeot,Landtrek 1.9 Turbo Active 4x2 M/T,44900.0
2023,20230330024801,Peugeot,Landtrek 1.9 Turbo Active 4x4 M/T,51900.0
2023,20230330024801,Peugeot,Landtrek 1.9 Turbo Action 4x4 M/T,55900.0
2023,20230330024801,Peugeot,1.2 PureTech 130 S&S EAT8,42000.0
2023,20230330024801,Peugeot,Partner M69 Confort 1.6,15990.0
2023,20230330024801,Peugeot,Partner M69 Confort 1.6 HDi,22490.0
2023,20230330024801,Peugeot,Partner K9 1.6 115 L2,23990.0
2023,20230330024801,Peugeot,Partner K9 1.6 HDI 92 L2,30990.0
2023,20230330024801,Peugeot,e-Expert L3H1 A/T (50 kWh),53000.0
2023,20230330024801,Peugeot,Boxer L1H1 2.2 HDi,35990.0
2023,20230330024801,Peugeot,Boxer L1H1 2.2 HDi (c/reg.-lim. de velocidad+radio+Bluetooth+sensores est.),35890.0
2023,20230330024801,Peugeot,Boxer L2H2 2.2 HDi,37990.0
2023,20230330024801,Peugeot,Boxer L2H2 2.2 HDi (c/reg.-lim. de velocidad+radio+Bluetooth+sensores est.),37990.0
2023,20230330024801,Peugeot,Boxer L4H2 2.2 HDi,42990.0
2023,20230330024801,Peugeot,Boxer L4H2 2.2 HDi (c/reg.-lim. de velocidad+radio+Bluetooth+sensores est.),42990.0
2023,20230330024801,Peugeot,718 Boxster 2.0 T PDK,155000.0
2023,20230330024801,Peugeot,Cayman S 2.5 T PDK,167500.0
2023,20230330024801,Peugeot,Boxster S 2.5 T PDK,178500.0
2023,20230330024801,Peugeot,Boxster GTS 4.0 PDK,190000.0
2023,20230330024801,Peugeot,"Taycan 4S ( 79,2 kWh )",198000.0
2023,20230330024801,Peugeot,Taycan Turbo ( 93.4 kWh ),220000.0
2023,20230330024801,Peugeot,"Taycan GTS ( 93,4 kWh )",249000.0
2023,20230330024801,Peugeot,"Taycan Turbo Cross Turismo (93,4 kWh)",270000.0
2023,20230330024801,Peugeot,Macan 2.0 turbo PDK,158000.0
2023,20230330024801,Peugeot,Macan S 3.0 V6 bi-turbo PDK,200000.0
2023,20230330024801,Peugeot,Macan GTS 2.9 V6 bi-turbo PDK,245000.0
2023,20230330024801,Peugeot,Cayenne S 2.9 V6 Tiptronic S,210000.0
2023,20230330024801,Peugeot,Cayenne Coupé 3.0 V6 Tiptronic S,200000.0
2023,20230330024801,Ram,1500 DS Laramie 5.7 V8 Crew Cab A/T 4x4,74000.0
2023,20230330024801,Ram,1500 DT Big Horn 3.6 V6 eTorque MHEV Crew Cab A/T 4x4,84990.0
2023,20230330024801,Ram,1500 DT Big Horn Black Edition 3.6 V6 eTorque MHEV Crew Cab A/T 4x4,92500.0
2023,20230330024801,Ram,1500 DT Laramie 3.6 V6 eTorque MHEV Crew Cab A/T 4x4,102000.0
2023,20230330024801,Ram,1500 TRX 6.2 Supercharged V8 HEMI Crew Cab A/T 4x4,176000.0
2023,20230330024801,Ram,2500 Laramie 6.4 V8 Crew Cab A/T 4x4,84900.0
2023,20230330024801,Renault,Kwid Zen 1.0,15490.0
2023,20230330024801,Renault,Kwid Intens 1.0,16490.0
2023,20230330024801,Renault,Kwid Bitono 1.0,16690.0
2023,20230330024801,Renault,Kwid Outsider 1.0,17490.0
2023,20230330024801,Renault,Sandero Life 1.0,17490.0
2023,20230330024801,Renault,Sandero Zen 1.0,18990.0
2023,20230330024801,Renault,Logan Life 1.0,18290.0
2023,20230330024801,Renault,Logan Zen 1.0,19290.0
2023,20230330024801,Renault,Clio Zen 1.0 TCe 100 M/T,28500.0
2023,20230330024801,Renault,Clio Intens 1.0 TCe 100 M/T,29990.0
2023,20230330024801,Renault,Stepway Zen 1.6 M/T,22990.0
2023,20230330024801,Renault,Stepway Intens 1.6 CVT,25990.0
2023,20230330024801,Renault,ZOE E-Tech R135 50 Intens (52 kWh),39990.0
2023,20230330024801,Renault,Duster Zen 1.6 SCe M/T,24490.0
2023,20230330024801,Renault,Duster Zen Techno 1.6 SCe M/T,25990.0
2023,20230330024801,Renault,Duster Intens 1.6 SCe M/T,27990.0
2023,20230330024801,Renault,Duster Intens 1.6 SCe CVT,28990.0
2023,20230330024801,Renault,Duster Intens Vision 1.6 SCe CVT,30490.0
2023,20230330024801,Renault,Duster Intens Outsider 1.6 SCe CVT,31990.0
2023,20230330024801,Renault,Duster Intens Vision 1.3 TCe CVT,32990.0
2023,20230330024801,Renault,Arkana E-Tech Hybrid 1.3 TCe EDC,39990.0
2023,20230330024801,Renault,Oroch Cargo 1.6 SCe M/T 2WD,21990.0
2023,20230330024801,Renault,Oroch Zen 1.6 SCe M/T 2WD,23990.0
2023,20230330024801,Renault,Oroch Intens 1.3 TCe CVT 2WD,27490.0
2023,20230330024801,Renault,Oroch Intens Outsider 1.3 TCe CVT 2WD,28490.0
2023,20230330024801,Renault,Oroch Intens Outsider 1.3 TCe M/T 4WD,29990.0
2023,20230330024801,Renault,Kangoo Express 1.6 Profesional,18898.0
2023,20230330024801,Renault,Kangoo Express 1.6 Confort,19508.0
2023,20230330024801,Seat,Arona 1.6 Style A/T,27950.0
2023,20230330024801,Seat,Arona 1.6 FR A/T,29950.0
2023,20230330024801,Seat,Arona 1.6 FR Plus A/T,31950.0
2023,20230330024801,Seat,Ateca 1.4 TSI Style Tiptronic,44950.0
2023,20230330024801,Subaru,WRX Sedán 2.4i-High M/T AWD,76800.0
2023,20230330024801,Subaru,Sedán 2.4i-High CVT AWD (ES),89800.0
2023,20230330024801,Subaru,XV 2.0-S CVT AWD (JI),48800.0
2023,20230330024801,Subaru,XV 2.0-ES CVT AWD EyeSight (JI),52800.0
2023,20230330024801,Subaru,Outback 2.5i-Touring CVT AWD (ES),88800.0
2023,20230330024801,Subaru,Outback 2.4R-Touring CVT AWD (US),92800.0
2023,20230330024801,Subaru,Forester 2.0i-S e-Boxer CVT AWD EyeSight (WR),59800.0
2023,20230330024801,Subaru,Forester 2.5i-S Sport CVT AWD EyeSight (WI),68800.0
2023,20230330024801,Subaru,Forester 2.5i-S CVT AWD EyeSight (WW),70800.0
2023,20230330024801,Suzuki,Alto 800 0.8 STD,11490.0
2023,20230330024801,Suzuki,Alto 800 0.8 GA,12490.0
2023,20230330024801,Suzuki,Alto 800 0.8 GL,13490.0
2023,20230330024801,Suzuki,S-Presso Cross GL 1.0 M/T,14490.0
2023,20230330024801,Suzuki,Celerio 1.0 GL M/T,15990.0
2023,20230330024801,Suzuki,Celerio 1.0 GL AMT,17290.0
2023,20230330024801,Suzuki,Dzire 1.2 GL M/T,18690.0
2023,20230330024801,Suzuki,Dzire 1.2 GLX M/T,19990.0
2023,20230330024801,Suzuki,Swift 1.2 GL M/T,17490.0
2023,20230330024801,Suzuki,Swift 1.2 GL AMT,18990.0
2023,20230330024801,Suzuki,Swift Hybrid 1.2 Dualjet SHVS GLS M/T,22590.0
2023,20230330024801,Suzuki,Swift Sport 1.4 Boosterjet M/T,29990.0
2023,20230330024801,Suzuki,Swift Sport 1.4 Boosterjet A/T,32990.0
2023,20230330024801,Suzuki,Baleno 1.5 GL M/T,19990.0
2023,20230330024801,Suzuki,Baleno 1.5 GL A/T,21990.0
2023,20230330024801,Suzuki,Baleno 1.5 GLX M/T,25490.0
2023,20230330024801,Suzuki,Baleno 1.5 GLX A/T,26990.0
2023,20230330024801,Suzuki,Jimny 1.5 GL M/T,27990.0
2023,20230330024801,Suzuki,Jimny 1.5 GLX A/T,32990.0
2023,20230330024801,Toyota,Yaris Hatch 1.5 XS M/T,22990.0
2023,20230330024801,Toyota,Yaris Hatch 1.5 XLS CVT,26990.0
2023,20230330024801,Toyota,Yaris Hatch 1.5 XLS TSS CVT,27490.0
2023,20230330024801,Toyota,Yaris Sedán 1.5 XS M/T,23990.0
2023,20230330024801,Toyota,Yaris Sedán 1.5 XLS CVT,27990.0
2023,20230330024801,Toyota,Yaris Sedán 1.5 XLS TSS CVT,28490.0
2023,20230330024801,Toyota,Corolla Hybrid XEi 1.8 e-CVT,33990.0
2023,20230330024801,Toyota,Corolla Hybrid SE-G 1.8 e-CVT,37990.0
2023,20230330024801,Toyota,Corolla GR-Sport 2.0 CVT,43990.0
2023,20230330024801,Toyota,GR Yaris 1.6 Turbo GR-Four M/T Circuit Pack,83990.0
2023,20230330024801,Toyota,Raize 1.2 GL M/T,26990.0
2023,20230330024801,Toyota,Raize 1.2 GL A/T,28990.0
2023,20230330024801,Toyota,Raize 1.0 T GLX M/T,30990.0
2023,20230330024801,Toyota,Raize 1.0 T GLX A/T,32990.0
2023,20230330024801,Toyota,Corolla Cross Hybrid XEi 1.8 e-CVT,37990.0
2023,20230330024801,Toyota,Corolla Cross Hybrid SE-G 1.8 e-CVT,42990.0
2023,20230330024801,Toyota,C-HR Hybrid Dynamic 1.8 e-CVT,45990.0
2023,20230330024801,Toyota,C-HR Hybrid Luxury 1.8 e-CVT,48990.0
2023,20230330024801,Toyota,RAV4 Hybrid S 2.5 220H e-CVT 2WD,50990.0
2023,20230330024801,Toyota,RAV4 Hybrid S Plus 2.5 220H e-CVT 2WD,54990.0
2023,20230330024801,Toyota,RAV4 Hybrid Limited Plus 2.5 220H e-CVT 2WD,61990.0
2023,20230330024801,Toyota,RAV4 Hybrid Limited Plus 2.5 220H e-CVT AWD,65990.0
2023,20230330024801,Toyota,Fortuner 4.0 V6 SRX 4WD A/T,84990.0
2023,20230330024801,Toyota,Fortuner 4.0 V6 Diamond 4WD A/T,89990.0
2023,20230330024801,Toyota,4Runner 4.0 V6 Limited 4WD A/T,98900.0
2023,20230330024801,Toyota,4Runner 4.0 V6 Limited 4WD A/T (c/3 filas de asientos),101900.0
2023,20230330024801,Toyota,Land Cruiser Prado 4.0 V6 VX 4WD A/T,134990.0
2023,20230330024801,Toyota,Hilux Cabina Doble 2.7 VVT-i DX 4x2,31490.0
2023,20230330024801,Toyota,Hilux Cabina Doble 2.7 VVT-i SR 4x2,34490.0
2023,20230330024801,Toyota,Hilux Cabina Doble 2.7 VVT-i DX 4x4,36490.0
2023,20230330024801,Toyota,Hilux Cabina Doble 2.7 VVT-i SRV 4x2,38490.0
2023,20230330024801,Toyota,Hilux Cabina Doble 2.7 VVT-i SR 4x4,40490.0
2023,20230330024801,Toyota,Hilux Cabina Doble 2.7 VVT-i SRV 4x4,43490.0
2023,20230330024801,Toyota,Hilux Cabina Doble 4.0 V6 VVT-i SRX 4x4 A/T,60490.0
2023,20230330024801,Toyota,Hilux Cabina Simple 2.4 D-4D DX 4x2,46490.0
2023,20230330024801,Toyota,Hilux Cabina Doble 2.4 D-4D DX 4x2,48490.0
2023,20230330024801,Toyota,Hilux Cabina Doble 2.4 D-4D SR 4x2,53490.0
2023,20230330024801,Toyota,Hilux Cabina Simple 2.4 D-4D DX 4x4,53490.0
2023,20230330024801,Toyota,Hilux Cabina Doble 2.4 D-4D DX 4x4,55490.0
2023,20230330024801,Toyota,Hilux Cabina Doble 2.8 D-4D SRV 4x2,57490.0
2023,20230330024801,Toyota,Hilux Cabina Doble 2.4 D-4D SR 4x4,59490.0
2023,20230330024801,Toyota,Hilux Cabina Doble 2.4 D-4D SR 4x4 A/T,62490.0
2023,20230330024801,Toyota,Hilux Cabina Doble 2.8 D-4D SRV 4x4 M/T,64490.0
2023,20230330024801,Toyota,Hilux Cabina Doble 2.8 D-4D SRV 4x4 A/T,67990.0
2023,20230330024801,Toyota,Hilux Cabina Doble 2.8 D-4D SRV Plus 4x4 A/T,72990.0
2023,20230330024801,Toyota,Hilux Cabina Doble 2.8 D-4D SRV Plus TSS 4x4 A/T,75990.0
2023,20230330024801,Toyota,Hilux Cabina Doble 2.8 D-4D Conquest 4x4 A/T TSS,79990.0
2023,20230330024801,Toyota,Hilux Cabina Doble 2.8 D-4D GR Sport 4x4 A/T TSS,85990.0
2023,20230330024801,Victory,GHT1025D 1.2 Pick-Up Cabina Simple (con a/a),10390.0
2023,20230330024801,Victory,GHT1025D 1.2 Pick-Up Cabina Simple (Box sin refrigeración),13490.0
2023,20230330024801,Victory,GHT1025D 1.2 Pick-Up Cabina Simple (Box refrigerado),16450.0
2023,20230330024801,Victory,GHT1025S 1.2 Pick-Up Cabina Doble (con a/a),12290.0
2023,20230330024801,Victory,SCH5020XXYD 1.2 Furgón (sin a/a),10990.0
2023,20230330024801,Victory,SCH5020XXYD 1.2 Furgón (con a/a),12790.0
2023,20230330024801,Victory,SCH6430 1.2 Mini Bus (11 pasajeros),16990.0
2023,20230330024801,Volkswagen,Gol Last Edition 1.6,21990.0
2023,20230330024801,Volkswagen,Polo 1.6 Trendline M/T,22690.0
2023,20230330024801,Volkswagen,Polo 1.6 Comfortline M/T,25490.0
2023,20230330024801,Volkswagen,Polo 1.6 Highline Automatic,29490.0
2023,20230330024801,Volkswagen,Virtus 1.6 Trendline M/T,23990.0
2023,20230330024801,Volkswagen,Virtus 1.6 Comfortline M/T,26690.0
2023,20230330024801,Volkswagen,Virtus 1.6 Highline M/T,28690.0
2023,20230330024801,Volkswagen,Virtus 1.6 Highline Automatic,30990.0
2023,20230330024801,Volkswagen,Vento 1.4 250 TSI Highline Automatic,39890.0
2023,20230330024801,Volkswagen,Vento GLI 2.0 350 TSI DSG,47990.0
2023,20230330024801,Volkswagen,"e-up! ( 36,8 kWh) A/T",38990.0
2023,20230330024801,Volkswagen,Nivus Comfortline 170 TSI 1.0 M/T,25690.0
2023,20230330024801,Volkswagen,Nivus Comfortline 200 TSI 1.0 Automatic,28990.0
2023,20230330024801,Volkswagen,Nivus Highline 200 TSI 1.0 Automatic,32990.0
2023,20230330024801,Volkswagen,T-Cross Trendline 170 TSI M/T,27690.0
2023,20230330024801,Volkswagen,T-Cross Trendline 200 TSI 1.0 Automatic,30490.0
2023,20230330024801,Volkswagen,T-Cross Comfortline 200 TSI 1.0 Automatic,32490.0
2023,20230330024801,Volkswagen,T-Cross Highline 200 TSI 1.0 Automatic,35490.0
2023,20230330024801,Volkswagen,T-Cross Trendline Panoramic 200 TSI 1.0 Automatic,32490.0
2023,20230330024801,Volkswagen,T-Cross Comfortline Panoramic 200 TSI 1.0 Automatic,34490.0
2023,20230330024801,Volkswagen,T-Cross Highline + Innovation 200 TSI 1.0 Automatic,37940.0
2023,20230330024801,Volkswagen,Taos Comfortline 250 TSI 1.4 Automatic,39990.0
2023,20230330024801,Volkswagen,Taos Highline 250 TSI 1.4 Automatic,43990.0
2023,20230330024801,Volkswagen,Tiguan Allspace 1.4 250 TSI Life Automatic,50990.0
2023,20230330024801,Volkswagen,Tiguan Allspace 1.4 250 TSI Elegance Automatic,53990.0
2023,20230330024801,Volkswagen,Tiguan Allspace 2.0 350 TSI R-Line 4MOTION,73990.0
2023,20230330024801,Volkswagen,Saveiro 1.6 Cabina Simple,16690.0
2023,20230330024801,Volkswagen,Saveiro 1.6 Cabina Doble,18290.0
2023,20230330024801,Volkswagen,Saveiro 1.6 16v Cabina Doble Cross,21890.0
2023,20230330024801,Volkswagen,Amarok 2.0 TDI Highline 4x2 M/T,46690.0
2023,20230330024801,Volkswagen,Amarok 2.0 TDI Highline 4x2 A/T,51990.0
2023,20230330024801,Volkswagen,Amarok 2.0 TDI Highline 4x4 M/T,53690.0
2023,20230330024801,Volkswagen,Amarok 2.0 TDI Highline 4x4 A/T,58990.0
2023,20230330024801,Volkswagen,Amarok 3.0 V6 258 TDI Highline 4x4 A/T,75990.0
2023,20230330024801,Volkswagen,Amarok 3.0 V6 TDI Black Edition 4x4 A/T,84990.0
2023,20230330024801,Volvo,XC40 Recharge T5 Momentum 1.5 T A/T,67990.0
2023,20230330024801,Volvo,XC40 Recharge T5 R-Design 1.5 T A/T,77990.0
2023,20230330024801,Volvo,C40 Recharge Twin Ultimate AWD (78 kWh),108990.0
2023,20230330024801,Volvo,T8 AWD 2.0 T A/T,119990.0
2023,20230330024801,Volvo,XC90 Recharge T8 AWD 2.0 T A/T,149990.0
2023,20230330024801,Volvo,Terralord 2.4 4x2 Luxury,23169.0
2023,20230330024801,Volvo,"YOYO EV (10,3 kWh)",19900.0
2024,20240103115218,Audi,A3 Sportback 35 TFSI 1.4 tiptronic,49800.0
2024,20240103115218,Audi,A3 Sportback Advanced 35 TFSI 1.4 tiptronic,53400.0
2024,20240103115218,Audi,A3 Sportback Advanced Plus 35 TFSI 1.4 tiptronic,58800.0
2024,20240103115218,Audi,A3 Sportback S line 35 TFSI 1.4 tiptronic,55900.0
2024,20240103115218,Audi,A3 Sportback S line Plus 35 TFSI 1.4 tiptronic,60800.0
2024,20240103115218,Audi,S3 Sportback 2.0 TFSI quattro S tronic,96900.0
2024,20240103115218,Audi,A3 Sedán 35 TFSI 1.4 tiptronic,51900.0
2024,20240103115218,Audi,A3 Sedán Advanced 35 TFSI 1.4 tiptronic,55600.0
2024,20240103115218,Audi,A3 Sedán S line 35 TFSI 1.4 tiptronic,58900.0
2024,20240103115218,Audi,S3 Sedán 2.0 TFSI quattro S tronic,99600.0
2024,20240103115218,Audi,RS 3 Sedán 2.5 TFSI quattro S tronic,152400.0
2024,20240103115218,Audi,A4 Sedán S line 45 TFSI 2 .0 MHEV S tronic quattro,79900.0
2024,20240103115218,Audi,A6 Sedán Design 40 TFSI 2.0 MHEV S tronic,89900.0
2024,20240103115218,Audi,A6 Sedán Design 55 TFSI 3.0 MHEV S tronic quattro,148000.0
2024,20240103115218,Audi,"RS e-tron GT quattro (93,4 kWh)",198500.0
2024,20240103115218,Audi,Q2 35 TFSI 1.4 A/T,45900.0
2024,20240103115218,Audi,Q2 Advanced 35 TFSI 1.4 A/T,49900.0
2024,20240103115218,Audi,Q3 Advanced 35 TFSI 1.4 S tronic,56200.0
2024,20240103115218,Audi,Q3 Advanced Plus 35 TFSI 1.4 S tronic,65200.0
2024,20240103115218,Audi,Q3 Advanced Plus 40 TFSI 2.0 S tronic quattro,77600.0
2024,20240103115218,Audi,Q3 Sportback S line 1.4 TFSI S tronic,75900.0
2024,20240103115218,Audi,Q3 Sportback S line 2.0 TFSI S tronic quattro,87900.0
2024,20240103115218,Audi,RS Q3 Sportback 2.5 TFSI S tronic quattro,156200.0
2024,20240103115218,Audi,Q5 45 TFSI 2.0 MHEV S tronic quattro,74200.0
2024,20240103115218,Audi,Q5 45 TFSI 2.0 MHEV Advanced S tronic quattro,81300.0
2024,20240103115218,Audi,Q5 45 TFSI 2.0 MHEV Advanced Plus S tronic quattro,91800.0
2024,20240103115218,Audi,Q5 45 TFSI 2.0 MHEV S line Plus S tronic quattro,94400.0
2024,20240103115218,Audi,Q5 55 TFSI e 2.0 PHEV S line S tronic quattro,105500.0
2024,20240103115218,Audi,SQ5 3.0 TFSI tiptronic quattro,147300.0
2024,20240103115218,Audi,Q5 Sportback 45 TFSI 2 .0 MHEV S line Plus S tronic quattro,99900.0
2024,20240103115218,Audi,Q7 45 TFSI 2.0 S tronic quattro,129900.0
2024,20240103115218,Audi,Q7 55 TFSI 3.0 S tronic quattro,161500.0
2024,20240103115218,Audi,Q8 e-tron 55 quattro (106 kWh),126000.0
2024,20240103115218,Audi,Q8 e-tron Sportback S line 55 quattro (106 kWh),134000.0
2024,20240103115218,Audi,"EC3 E300 (30,6 kWh)",22490.0
2024,20240103115218,Audi,"EU5 (48,30 kWh)",33490.0
2024,20240103115218,Audi,"EX3 R600 (52,56 kWh)",34900.0
2024,20240103115218,Bestune,NAT Luxury (55 kWh),34900.0
2024,20240103115218,Bmw,Garantía: 3 años o 200.000 km (+ 6 años sin límite de kilometraje para la batería en los modelos híbridos). 118i Street 1.5 T M/T,50990.0
2024,20240103115218,Bmw,128ti 2.0 T Steptronic Sport,75990.0
2024,20240103115218,Bmw,M135i xDrive 2.0 T Steptronic Sport,116990.0
2024,20240103115218,Bmw,218i Gran Coupé City 1.5 T M/T,50990.0
2024,20240103115218,Bmw,218i Gran Coupé Urban 1.5 T DKG Steptronic,56990.0
2024,20240103115218,Bmw,Sport 2.0 T DKG Steptronic,76990.0
2024,20240103115218,Bmw,M235i Gran Coupé xDrive 2.0 T Steptronic Sport,123990.0
2024,20240103115218,Bmw,M240i xDrive 3.0 T Steptronic Sport,123990.0
2024,20240103115218,Bmw,M2 3.0 T M Steptronic Drivelogic,199990.0
2024,20240103115218,Bmw,330e 2.0 T City Steptronic,69990.0
2024,20240103115218,Bmw,330e 2.0 T Urban Steptronic,71990.0
2024,20240103115218,Bmw,330e 2.0 T Sport Steptronic,80990.0
2024,20240103115218,Bmw,330e 2.0 T M Sport Steptronic,93990.0
2024,20240103115218,Bmw,xDrive 3.0 T Steptronic Sport,146990.0
2024,20240103115218,Bmw,M3 Competition 3.0 T M Steptronic Drivelogic,234990.0
2024,20240103115218,Bmw,Coupé 2.0 T M Sport Steptronic Sport,119990.0
2024,20240103115218,Bmw,Coupé xDrive 3.0 T Steptronic Sport,157990.0
2024,20240103115218,Bmw,Cabrio 2.0 T Steptronic Sport,108990.0
2024,20240103115218,Bmw,Cabrio xDrive 3.0 T Steptronic Sport,167990.0
2024,20240103115218,Bmw,"i4 Gran Coupé eDrive40 M Sport (83,9 kWh)",124990.0
2024,20240103115218,Bmw,M4 Competition Coupé 3.0 T M Steptronic Drivelogic,244990.0
2024,20240103115218,Bmw,M850i Coupé xDrive 4.4 Steptronic,286990.0
2024,20240103115218,Bmw,Z4 sDrive 20i 2.0 T Sport Steptronic Sport,115990.0
2024,20240103115218,Bmw,Z4 M40i 3.0 T Steptronic Sport,182990.0
2024,20240103115218,Bmw,X1 xDrive25e City 1.5 T DKG Steptronic,67990.0
2024,20240103115218,Bmw,X1 sDrive18i xLine Plus 1.5 T DKG Steptronic,76990.0
2024,20240103115218,Bmw,X1 xDrive25e xLine Plus 1.5 T DKG Steptronic,78990.0
2024,20240103115218,Bmw,X1 xDrive25e M Sport 1.5 T DKG Steptronic,83990.0
2024,20240103115218,Bmw,"iX1 eDrive20 City (64,7 kWh)",39990.0
2024,20240103115218,Bmw,"iX1 eDrive20 xLine Pack (64,7 kWh)",39990.0
2024,20240103115218,Bmw,"iX1 eDrive20 xLine (64,7 kWh)",68990.0
2024,20240103115218,Bmw,"iX1 eDrive20 xLine Plus (64,7 kWh)",76990.0
2024,20240103115218,Bmw,"iX1 eDrive20 M Sport (64,7 kWh)",79990.0
2024,20240103115218,Bmw,"iX1 xDrive30e xLine (64,7 kWh)",83990.0
2024,20240103115218,Bmw,X3 xDrive30e xLine 2.0 T Steptronic Sport,87990.0
2024,20240103115218,Bmw,X3 sDrive20i Business 2.0 T Steptronic,88990.0
2024,20240103115218,Bmw,X3 xDrive30e xLine Plus 2.0 T Steptronic Sport,99990.0
2024,20240103115218,Bmw,X3 sDrive20i Comfort Plus 2.0 T Steptronic,99990.0
2024,20240103115218,Bmw,X3 M40i xDrive 3.0 T Steptronic Sport,162990.0
2024,20240103115218,Bmw,X3 M Competition 3.0 T M xDrive M Steptronic Drivelogic,239990.0
2024,20240103115218,Bmw,"iX3 M Sport Inspiring (80,0 kWh)",99990.0
2024,20240103115218,Bmw,X4 xDrive20i M Sport X 2.0 T Steptronic Sport,112990.0
2024,20240103115218,Bmw,X4 xDrive30i M Sport X 2.0 T Steptronic Sport,127990.0
2024,20240103115218,Bmw,X4 M40i xDrive 3.0 T Steptronic Sport,175990.0
2024,20240103115218,Bmw,X4 M Competition 3.0 T M xDrive M Steptronic Drivelogic,249990.0
2024,20240103115218,Bmw,X5 xDrive40i xLine 3.0 Steptronic,159990.0
2024,20240103115218,Bmw,X5 xDrive40i xLine Plus 3.0 Steptronic,169990.0
2024,20240103115218,Bmw,X5 xDrive40i M Sport 3.0 Steptronic,173990.0
2024,20240103115218,Bmw,X6 xDrive40i M Sport 3.0 Steptronic,188990.0
2024,20240103115218,Bmw,X7 xDrive40i Urban 3.0 Steptronic,194990.0
2024,20240103115218,Bmw,X7 xDrive40i Excellence 3.0 Steptronic,209990.0
2024,20240103115218,Bmw,X7 xDrive40i M Sport 3.0 Steptronic,222990.0
2024,20240103115218,Bmw,X7 M60i xDrive 4.4 Steptronic,286990.0
2024,20240103115218,Bmw,"iX xDrive40 Luxury (76,6 kWh)",149990.0
2024,20240103115218,Bmw,"iX xDrive50 Luxury (111,5 kWh)",174990.0
2024,20240103115218,Byd,"Seagull EV300 (30,08 kWh)",21990.0
2024,20240103115218,Byd,"Seagull EV400 (38,88 kWh)",23990.0
2024,20240103115218,Byd,"New e2 GS (44,9 kWh)",32990.0
2024,20240103115218,Byd,"New e2 GS Plus (44,9 kWh)",40990.0
2024,20240103115218,Byd,"Seal EV460 RWD (61,44 kWh)",53990.0
2024,20240103115218,Byd,"Seal EV520 AWD (82,56 kWh)",62990.0
2024,20240103115218,Byd,"Han EV700 GS FWD (85,4 kWh)",77990.0
2024,20240103115218,Byd,"Han EV600 GS AWD (85,4 kWh)",81990.0
2024,20240103115218,Byd,"D1 GS (53,5 kWh)",37990.0
2024,20240103115218,Byd,"Yuan Plus EV400 GL (49,92 kWh)",40990.0
2024,20240103115218,Byd,Song Plus DM-i 1.5 GS A/T,49990.0
2024,20240103115218,Byd,"T3 GL (44,9 kWh)",37990.0
2024,20240103115218,Changan,"E-Star (32,2 kWh)",24990.0
2024,20240103115218,Changan,UNI-V 1.5 300T GDI Elite DCT,37990.0
2024,20240103115218,Changan,CS35 Plus 1.4 280T Comfort DCT,30490.0
2024,20240103115218,Changan,CS35 Plus 1.4 280T Luxury DCT,32490.0
2024,20240103115218,Changan,CS55 Plus 1.5 300T Luxury DCT,36990.0
2024,20240103115218,Changan,CS55 Elite 1.5 300T Luxury DCT,39990.0
2024,20240103115218,Changan,UNI-T 1.5 300T GDI Evolution DCT,38490.0
2024,20240103115218,Changan,UNI-T 1.5 300T GDI Techno DCT,41490.0
2024,20240103115218,Changan,Star MD201 1.2 Pick-Up Cabina Simple (sin a/a),10490.0
2024,20240103115218,Changan,Star MD201 1.2 Pick-Up Cabina Simple (con a/a),11490.0
2024,20240103115218,Changan,Star MD201 1.2 Pick-Up Cabina Doble (sin a/a),11990.0
2024,20240103115218,Changan,1.2 Pick-Up Cabina Doble (con a/a),12990.0
2024,20240103115218,Changan,Star MD201 1.2 Box (sin a/a),12990.0
2024,20240103115218,Changan,Star MD201 1.2 Box (con a/a),13990.0
2024,20240103115218,Changan,Star MD201 1.2 Box Refrigerado (con a/a),17490.0
2024,20240103115218,Changan,Star M201 1.2 Cargo (sin a/a),11490.0
2024,20240103115218,Changan,Star M201 1.2 Cargo (con a/a),12490.0
2024,20240103115218,Chery,"EQ1 (30,8 kWh)",23990.0
2024,20240103115218,Chery,Tiggo 2 Pro Comfort 1.0 T M/T,19990.0
2024,20240103115218,Chery,Tiggo 2 Pro Comfort 1.5 CVT,22990.0
2024,20240103115218,Chery,Tiggo 2 Pro Luxury 1.0 T M/T,23990.0
2024,20240103115218,Chery,Tiggo 2 Pro Luxury 1.0 T CVT,25990.0
2024,20240103115218,Chery,Tiggo 4 Comfort 1.5 M/T,24490.0
2024,20240103115218,Chery,Tiggo 4 Comfort 1.5 CVT,26490.0
2024,20240103115218,Chery,Pro Comfort 1.5T MHEV CVT,32990.0
2024,20240103115218,Chery,Tiggo 8 Pro Luxury 1.6T 290 T GDI DCT,46990.0
2024,20240103115218,Chery,Tiggo 8 Pro e+ Luxury 1.5T GDI DHT,55000.0
2024,20240103115218,Chevrolet,Onix LS 1.0,17190.0
2024,20240103115218,Chevrolet,Onix LT 1.0,18690.0
2024,20240103115218,Chevrolet,Onix LTZ 1.0 Turbo M/T,22390.0
2024,20240103115218,Chevrolet,Onix RS 1.0 Turbo M/T,23190.0
2024,20240103115218,Chevrolet,Onix Premier 1.0 Turbo A/T,25190.0
2024,20240103115218,Chevrolet,Onix Plus LT 1.0,19490.0
2024,20240103115218,Chevrolet,Onix Plus LT2 1.0,20790.0
2024,20240103115218,Chevrolet,Onix Plus LTZ 1.0 Turbo M/T,23490.0
2024,20240103115218,Chevrolet,Onix Plus Premier 1.0 Turbo A/T,26490.0
2024,20240103115218,Chevrolet,Spin 1.8 Premier M/T,26990.0
2024,20240103115218,Chevrolet,Spin 1.8 Premier A/T,27990.0
2024,20240103115218,Chevrolet,Cruze 5 Premier 1.4 Turbo A/T,31990.0
2024,20240103115218,Chevrolet,Cruze Sedán Premier 1.4 Turbo A/T,31990.0
2024,20240103115218,Chevrolet,Groove LTZ 1.5 M/T,24990.0
2024,20240103115218,Chevrolet,Groove Premier 1.5 M/T,26990.0
2024,20240103115218,Chevrolet,Tracker LS 1.2 Turbo M/T,28490.0
2024,20240103115218,Chevrolet,Tracker LTZ 1.2 Turbo A/T,31490.0
2024,20240103115218,Chevrolet,Tracker RS 1.2 Turbo A/T,33990.0
2024,20240103115218,Chevrolet,Tracker Premier 1.2 Turbo A/T,35690.0
2024,20240103115218,Chevrolet,Captiva LTZ 1.5 T FWD M/T,30490.0
2024,20240103115218,Chevrolet,Captiva Premier 1.5 T FWD CVT,34490.0
2024,20240103115218,Chevrolet,Equinox 1.5 T RS FWD A/T,45990.0
2024,20240103115218,Chevrolet,Equinox 1.5 T Premier AWD A/T,48990.0
2024,20240103115218,Chevrolet,Montana LS 1.2 Turbo M/T,20990.0
2024,20240103115218,Chevrolet,Montana LT 1.2 Turbo M/T,22290.0
2024,20240103115218,Chevrolet,Montana Premier 1.2 Turbo M/T,24990.0
2024,20240103115218,Chevrolet,Montana Premier 1.2 Turbo A/T,26990.0
2024,20240103115218,Chevrolet,Montana RS 1.2 Turbo A/T,27790.0
2024,20240103115218,Chevrolet,S10 LT 2.5 Ecotec SIDI Flex 4x2,30990.0
2024,20240103115218,Chevrolet,S10 LTZ 2.5 Ecotec SIDI Flex 4x2,34990.0
2024,20240103115218,Chevrolet,S10 LS 2.8 CTDI 4x2 M/T,40248.0
2024,20240103115218,Chevrolet,S10 LS 2.8 CTDI 4x4 M/T,44490.0
2024,20240103115218,Chevrolet,S10 LT 2.8 CTDI 4x4 M/T,48990.0
2024,20240103115218,Chevrolet,S10 LT 2.8 CTDI 4x4 A/T,50990.0
2024,20240103115218,Chevrolet,S10 Z71 2.8 CTDI 4x4 A/T,54990.0
2024,20240103115218,Chevrolet,S10 Midnight 2.8 CTDI 4x4 A/T,55990.0
2024,20240103115218,Chevrolet,S10 LTZ 2.8 CTDI 4x4 A/T,59490.0
2024,20240103115218,Chevrolet,S10 High Country 2.8 CTDI 4x4 A/T,63990.0
2024,20240103115218,Chevrolet,Silverado 1500 Crew Cab LTZ 3.0TD L6 Duramax 4x4 A/T,89990.0
2024,20240103115218,Citroën,C3 1.2 M/T Live,15990.0
2024,20240103115218,Citroën,C3 1.2 M/T Live Pack,16990.0
2024,20240103115218,Citroën,C3 1.2 M/T Feel,17990.0
2024,20240103115218,Citroën,C3 1.2 M/T Feel (bitono),18340.0
2024,20240103115218,Citroën,C3 1.6 16v AT6 Feel Pack,20690.0
2024,20240103115218,Citroën,C3 1.6 16v AT6 Feel Pack (bitono),21040.0
2024,20240103115218,Citroën,C4 Cactus 1.6 VTi 115 Feel Pack BVM5,24990.0
2024,20240103115218,Citroën,C4 Cactus 1.6 VTi 115 Feel Pack EAT6,26990.0
2024,20240103115218,Citroën,C4 Cactus 1.6 THP 165 Shine EAT6,30490.0
2024,20240103115218,Citroën,C5 Aircross Feel 1.6 THP 163 EAT6,48900.0
2024,20240103115218,Citroën,C5 Aircross Shine 1.6 THP 163 EAT6,53900.0
2024,20240103115218,Citroën,Berlingo M69 Essence 1.6,15990.0
2024,20240103115218,Citroën,Berlingo M69 Essence 1.6 HDi,22490.0
2024,20240103115218,Citroën,K9 1.6 115 L2,25790.0
2024,20240103115218,Citroën,K9 1.6 115 L2 (2 asientos y 2 puertas),26290.0
2024,20240103115218,Citroën,Berlingo Van K9 1.6 HDI 90 L2,31800.0
2024,20240103115218,Citroën,K9 1.6 HDI 90 L2 (2 asientos y 2 puertas),32300.0
2024,20240103115218,Dfsk,Glory 500 Comfort 1.5 M/T,22.0
2024,20240103115218,Dfsk,Glory 500 Luxury 1.5 M/T,254.0
2024,20240103115218,Dfsk,Glory 500 Luxury 1.5 A/T,264.0
2024,20240103115218,Dfsk,"Seres 3 S1 A/T (53,61 kWh)",41990.0
2024,20240103115218,Dfsk,"Seres 3 S2 A/T (53,61 kWh)",43990.0
2024,20240103115218,Dfsk,"Seres SF5 A/T AWD (34,5 kWh)",79950.0
2024,20240103115218,Dfsk,"EC35 EV Van (38,7 kWh)",36950.0
2024,20240103115218,Dfsk,"EC35 EV Pick-Up (38,7 kWh)",36950.0
2024,20240103115218,Dfsk,"EC31 EV Box (38,7 kWh)",38950.0
2024,20240103115218,Dfsk,Durango SXT 3.6 V6 RWD A/T,108000.0
2024,20240103115218,Dfsk,"Nano Box (27,2 kWh)",23990.0
2024,20240103115218,Dfsk,Rich 6 2.4 4x2 M/T,26990.0
2024,20240103115218,Dfsk,Rich 6 2.4 4x4 M/T,29121.0
2024,20240103115218,Dfsk,Rich 6 2.5 4x2 M/T Full,39894.0
2024,20240103115218,Dfsk,Rich 6 2.5 4x4 M/T Extra Full,43900.0
2024,20240103115218,Dfsk,Rich 6 2.5 4x4 A/T Extra Full,49800.0
2024,20240103115218,Fiat,Mobi Trekking 1.0,16390.0
2024,20240103115218,Fiat,Argo Drive 1.3 M/T,19990.0
2024,20240103115218,Fiat,Argo Trekking 1.3 M/T,20990.0
2024,20240103115218,Fiat,Pulse Drive 1.3 M/T,23990.0
2024,20240103115218,Fiat,Pulse Drive 1.3 CVT,25990.0
2024,20240103115218,Fiat,Pulse Impetus T200 1.0 CVT,29990.0
2024,20240103115218,Fiat,Fastback Audace T200 1.0 CVT,30990.0
2024,20240103115218,Fiat,Fastback Impetus T200 1.0 CVT,32690.0
2024,20240103115218,Fiat,Strada Endurance Cabina Plus 1.3 M/T,16690.0
2024,20240103115218,Fiat,Strada Freedom Cabina Doble 1.3 M/T,19290.0
2024,20240103115218,Fiat,Strada Volcano Cabina Doble 1.3 CVT,22490.0
2024,20240103115218,Fiat,Fiorino Endurance 1.4,16990.0
2024,20240103115218,Ford,Bronco Sport Big Bend 1.5 EcoBoost 4WD A/T,52900.0
2024,20240103115218,Ford,Bronco Sport Wildtrak 2.0 EcoBoost 4WD A/T,64900.0
2024,20240103115218,Ford,Ranger XLT BiT 2.0 4x4 AT10,72990.0
2024,20240103115218,Ford,Ranger Limited+ V6 3.0 4WD AT10,82990.0
2024,20240103115218,Ford,Ranger Raptor V6 3.0 EcoBoost 4x4 Cabina Doble A/T,99900.0
2024,20240103115218,Ford,Explorer 2.3 EcoBoost XLT AWD SelectShift,105900.0
2024,20240103115218,Ford,F-150 3.5 V6 EcoBoost XLT FX4 SelectShift,79900.0
2024,20240103115218,Ford,F-150 3.5 V6 EcoBoost Lariat FX4 SelectShift,89900.0
2024,20240103115218,Ford,F-150 Raptor 3.5 V6 EcoBoost 4x4 SelectShift,135900.0
2024,20240103115218,Foton,Tunland G7 2.0 CRDI 4x4 M/T,38450.0
2024,20240103115218,Foton,View Cargo Van 2.8 BJ6549B1PDA-1,26800.0
2024,20240103115218,Foton,"View EV Cargo Van (50,23 kWh)",51500.0
2024,20240103115218,Foton,Toano Cargo Van 2.8 BJ5038XXY-CC,33950.0
2024,20240103115218,Geely,GX3 Pro 1.5 GB M/T,19490.0
2024,20240103115218,Geely,GX3 Pro 1.5 GC M/T,20990.0
2024,20240103115218,Geely,1.5 GF CVT,22990.0
2024,20240103115218,Geely,Azkarra GF 1.5 TD EMS G-Power DCT 4WD,38990.0
2024,20240103115218,Gwm,"ORA 03 GT 400 (63,13 kWh)",49950.0
2024,20240103115218,Gwm,Wingle 5 Pick-Up 2.4 Luxury 4x2,19990.0
2024,20240103115218,Gwm,Wingle 5 Pick-Up 2.4 Luxury 4x4,22990.0
2024,20240103115218,Gwm,Wingle 5 2.4 Luxury 4x2,20990.0
2024,20240103115218,Gwm,Wingle 5 2.4 Dignity 4x2,22990.0
2024,20240103115218,Gwm,Wingle 5 2.4 Dignity 4x4,25490.0
2024,20240103115218,Gwm,Wingle5E Luxury 2.2 4x2,17450.0
2024,20240103115218,Gwm,Luxury 4x2,33450.0
2024,20240103115218,Gwm,Luxury 4x4,35950.0
2024,20240103115218,Gwm,Poer 2.0 T Tool 4x2 M/T,30950.0
2024,20240103115218,Gwm,Poer 2.0 T Family 4x4 A/T,42450.0
2024,20240103115218,Gwm,Jolion Top 1.5 GDIT 7DCT,34990.0
2024,20240103115218,Gwm,Jolion HEV 1.5 GDI DHT,42990.0
2024,20240103115218,Gwm,H6 High 2.0 GDIT 2WD 7DCT,42990.0
2024,20240103115218,Gwm,H6 Top 2.0 GDIT 4WD 7DCT,47990.0
2024,20240103115218,Gwm,H6 HEV 1.5 GDIT DHT,51990.0
2024,20240103115218,Gwm,Dargo 2.0 GDIT 2WD 7DCT,50990.0
2024,20240103115218,Gwm,Dargo 2.0 GDIT 4WD 7DCT,57990.0
2024,20240103115218,Honda,City Sedán LX 1.5 CVT,27900.0
2024,20240103115218,Honda,City Sedán EX-L 1.5 CVT,29900.0
2024,20240103115218,Honda,City Hatchback LX 1.5 CVT,25800.0
2024,20240103115218,Honda,City Hatchback EX-L 1.5 CVT,27500.0
2024,20240103115218,Honda,City Hatchback Touring 1.5 CVT,33500.0
2024,20240103115218,Honda,Civic Sedán e:HEV 2.0 E-CVT,55900.0
2024,20240103115218,Honda,Civic Type R 2.0 T M/T,89900.0
2024,20240103115218,Honda,WR-V LX 1.5 M/T,23900.0
2024,20240103115218,Honda,WR-V EX 1.5 CVT,27900.0
2024,20240103115218,Honda,WR-V EXL 1.5 CVT,31900.0
2024,20240103115218,Honda,HR-V EX 1.5 CVT,38900.0
2024,20240103115218,Honda,HR-V EX-L 1.5 CVT,41900.0
2024,20240103115218,Honda,ZR-V Touring 2.0 i-VTEC 2WD CVT,54900.0
2024,20240103115218,Honda,CR-V 1.5 Turbo i-VTEC EX-L AWD CVT,70900.0
2024,20240103115218,Honda,Pilot Elite 3.5 V6 AWD A/T,119000.0
2024,20240103115218,Honda,Ridgeline RTL 3.5 V6 AWD A/T,95600.0
2024,20240103115218,Honda,"Neta V (38,54 kWh)",27900.0
2024,20240103115218,Honda,U-Pro 400 (58 kWh),38250.0
2024,20240103115218,Hyundai,HB20 1.0 Comfort M/T,16990.0
2024,20240103115218,Hyundai,HB20 1.0 Comfort Special Edition M/T,18290.0
2024,20240103115218,Hyundai,HB20 1.0 Premium M/T,19990.0
2024,20240103115218,Hyundai,HB20 1.6 Premium M/T,22900.0
2024,20240103115218,Hyundai,HB20 1.6 Premium A/T,24990.0
2024,20240103115218,Hyundai,HB20 1.6 Unique M/T,25990.0
2024,20240103115218,Hyundai,HB20 1.6 Unique A/T,27990.0
2024,20240103115218,Hyundai,HB20S 1.0 Comfort M/T,18990.0
2024,20240103115218,Hyundai,HB20S 1.0 Premium M/T,20990.0
2024,20240103115218,Hyundai,HB20S 1.6 Premium M/T,23990.0
2024,20240103115218,Hyundai,HB20S 1.6 Premium A/T,25990.0
2024,20240103115218,Hyundai,HB20S 1.6 Unique M/T,26990.0
2024,20240103115218,Hyundai,HB20S 1.6 Unique A/T,28990.0
2024,20240103115218,Hyundai,Creta Safe 1.0 T-GDi M/T,29990.0
2024,20240103115218,Hyundai,Creta Safe 1.0 T-GDi A/T,32990.0
2024,20240103115218,Hyundai,Creta Limited 1.0 T-GDi A/T,36990.0
2024,20240103115218,Hyundai,Kona Hybrid Safe 1.6 GDi DCT,41990.0
2024,20240103115218,Hyundai,1.6 GDi DCT,46990.0
2024,20240103115218,Hyundai,Tucson Safe 1.6 T-GDi 2WD DCT,52990.0
2024,20240103115218,Hyundai,Hybrid Limited 1.6 T-GDi 2WD A/T,59990.0
2024,20240103115218,Hyundai,"Ioniq 5 Safe Long Range RWD (72,6 kWh)",63990.0
2024,20240103115218,Hyundai,"Ioniq 5 Limited Long Range RWD (72,6 kWh)",75990.0
2024,20240103115218,Hyundai,"Ioniq 5 Limited Long Range AWD (72,6 kWh)",79990.0
2024,20240103115218,Hyundai,Staria Furgón 3.5 V6 A/T,36900.0
2024,20240103115218,Hyundai,Staria Furgón 2.2 CRDi M/T,37900.0
2024,20240103115218,Hyundai,H-1 Staria Minibus 9 pasajeros 2.2 CRDi M/T,42900.0
2024,20240103115218,Hyundai,H-1 Staria Minibus 9 pasajeros 2.2 CRDi A/T,44900.0
2024,20240103115218,Hyundai,Staria Minibus 9 pasajeros 3.5 V6 A/T,57900.0
2024,20240103115218,Hyundai,H-1 Staria Premium 7 pasajeros 2.2 CRDi A/T 2WD,64990.0
2024,20240103115218,Hyundai,H-1 Staria Premium 7 pasajeros 2.2 CRDi A/T 4WD,66900.0
2024,20240103115218,Hyundai,H-1 Staria Premium 7 pasajeros 3.5 V6 A/T 4WD,89990.0
2024,20240103115218,Hyundai,H350 150 2.5 CRDi eVGT LWB,47900.0
2024,20240103115218,Hyundai,H350 150 Solati 2.5 CRDi eVGT LWB,49900.0
2024,20240103115218,Hyundai,H350 Minibus (sin asientos) 150 2.5 CRDi eVGT LWB,55500.0
2024,20240103115218,Hyundai,H350 Minibus 15 pasajeros 150 2.5 CRDi eVGT LWB,59900.0
2024,20240103115218,Hyundai,H350 Minibus 17+1 pasajeros 150 2.5 CRDi eVGT LWB,61900.0
2024,20240103115218,Hyundai,H350 Minibus 25 pasajeros (Escolares) 150 2.5 CRDi eVGT LWB,64500.0
2024,20240103115218,Iveco,Daily 55-130 Furgón 3.0,37600.0
2024,20240103115218,Iveco,Daily 30-130 Minibus Fretamento 3.0 (20+1),49990.0
2024,20240103115218,Iveco,Daily 30-130 Minibus Turismo 3.0 (18+1),50890.0
2024,20240103115218,Jac,"e-S1 ( 30,2 kWh )",24990.0
2024,20240103115218,Jac,"e-J7 (50,1 kWh)",37990.0
2024,20240103115218,Jac,e-S4 (55 kWh),40990.0
2024,20240103115218,Jac,T6 2.0 Comfort,22990.0
2024,20240103115218,Jac,T6 2.0 Luxury,23990.0
2024,20240103115218,Jac,T8 Pro Luxury 2.0 CTI 4x2 M/T,43990.0
2024,20240103115218,Jac,T8 Pro Luxury 2.0 CTI 4x4 M/T,45990.0
2024,20240103115218,Jac,Sunray Furgón 7.5 2.8,29990.0
2024,20240103115218,Jac,Sunray Furgón 2.8,39990.0
2024,20240103115218,Jac,Sunray Cabina Triple 2.8,39990.0
2024,20240103115218,Jac,Sunray Minibus 2.8,38990.0
2024,20240103115218,Jac,"Sunray EV (92,16 kWh)",59990.0
2024,20240103115218,Jac,F-Type Coupé R-Dynamic 2.0 A/T,169990.0
2024,20240103115218,Jeep,Renegade Longitude 1.3 T270 AT6 FWD,39490.0
2024,20240103115218,Jeep,Renegade Longitude Full 1.3 T270 AT6 FWD,42490.0
2024,20240103115218,Jeep,Compass Longitude 1.3 T270 AT6 FWD,48490.0
2024,20240103115218,Jeep,Compass Limited 1.3 T270 AT6 FWD,51490.0
2024,20240103115218,Jeep,Compass Limited Full 1.3 T270 AT6 FWD,53490.0
2024,20240103115218,Jeep,Commander Limited 1.3 T270 AT6 FWD,59700.0
2024,20240103115218,Jeep,Commander Overland 1.3 T270 AT6 FWD,63490.0
2024,20240103115218,Jeep,L Limited 3.6 V6 AT8 4WD,139900.0
2024,20240103115218,Jeep,Unlimited Rubicon 3.6 V6 AT8 4WD,129000.0
2024,20240103115218,Jeep,Gladiator Rubicon 3.6 V6 AT8 4WD,102000.0
2024,20240103115218,Jeep,Gladiator Rubicon Special Edition 3.6 V6 AT8 4WD,119000.0
2024,20240103115218,Jetour,Dashing 1.5 TCI DCT,37990.0
2024,20240103115218,Jetour,Dashing 1.6 TGDI DCT,43990.0
2024,20240103115218,Jetour,X70 Comfort 1.5T 240T M/T,28790.0
2024,20240103115218,Jetour,X70 Luxury 1.5T 240T DCT,31790.0
2024,20240103115218,Jetour,X70 Plus Luxury 1.5T DCT,35990.0
2024,20240103115218,Jetour,X90 Plus 1.6T 350T GDI DCT,48990.0
2024,20240103115218,Jmc,N520 2.8 TDi Touring Cargo Box SWB JX493ZLQ4,24998.0
2024,20240103115218,Jmc,N520 2.8 TDi Touring Cargo Box LWB JX493ZLQ4,30488.0
2024,20240103115218,Jmc,Vigus Work 1.8 GTDi 4x2 M/T,22990.0
2024,20240103115218,Jmc,"Vigus EV (60,16 kWh)",63428.0
2024,20240103115218,Kaiyi,"X3 Pro EV Full (53,6 kWh)",36990.0
2024,20240103115218,Kaiyi,"X3 Pro EV Deluxe (53,6 kWh)",38990.0
2024,20240103115218,Kaiyi,"X3 Pro EV Limited (53,6 kWh)",40990.0
2024,20240103115218,Karry,Q22L Cargo 1.2,12890.0
2024,20240103115218,Karry,KQ52 Cabina Doble 1.6,17490.0
2024,20240103115218,Kia,Carens EX Plus 1.5 A/T,38990.0
2024,20240103115218,Kia,Niro Hybrid LX Plus 1.6 GDi DCT,43990.0
2024,20240103115218,Kia,Niro Hybrid EX Plus 1.6 GDi DCT,46990.0
2024,20240103115218,Kia,Sportage X-Line 1.6 T-GDi 2WD DCT,54990.0
2024,20240103115218,Kia,Sportage X-Line Plus 1.6 T-GDi 2WD DCT,60990.0
2024,20240103115218,Kia,Carnival EX Plus 3.5 V6 A/T,89990.0
2024,20240103115218,Kia,Urus S 4.0 V8 Bi-Turbo 4WD,690990.0
2024,20240103115218,Land Rover,Range Rover Evoque SE AWD 2.0 Si4 P200 A/T,119990.0
2024,20240103115218,Land Rover,Range Rover Evoque SE AWD 1.5 PHEV P300e A/T,124990.0
2024,20240103115218,Land Rover,Range Rover Evoque SE AWD 2.0 Si4 P250 A/T,126990.0
2024,20240103115218,Land Rover,Range Rover Velar S P250 AWD 2.0 Si4 A/T,139990.0
2024,20240103115218,Land Rover,Range Rover Velar R-Dynamic S P400e PHEV AWD 2.0 Si4 A/T,147990.0
2024,20240103115218,Land Rover,Range Rover Sport Dynamic SE AWD 3.0 P400 A/T,249990.0
2024,20240103115218,Land Rover,Range Rover Sport Dynamic HSE AWD 3.0 P400 A/T,259990.0
2024,20240103115218,Land Rover,Range Rover SE AWD 3.0 P400 A/T,329990.0
2024,20240103115218,Land Rover,Defender 90 SE AWD 2.0 Si4 P300 A/T,169990.0
2024,20240103115218,Land Rover,Defender 110 S AWD 2.0 Si4 P300 A/T,184990.0
2024,20240103115218,Land Rover,Defender 110 S AWD 2.0 Si4 P300 A/T (c/techo solar),189990.0
2024,20240103115218,Leapmotor,"T03 Luxury (41,3 kWh)",26490.0
2024,20240103115218,Leapmotor,"C11 500 Smart (69,2 kWh)",52900.0
2024,20240103115218,Leapmotor,MC20 Cielo 3.0 V6 A/T,709990.0
2024,20240103115218,Leapmotor,Grecale GT Q4 2.0 MHEV A/T,152990.0
2024,20240103115218,Leapmotor,Grecale GT S Q4 2.0 MHEV A/T,162990.0
2024,20240103115218,Leapmotor,Grecale Trofeo Q4 3.0 V6 A/T,285000.0
2024,20240103115218,Leapmotor,Levante GT Hybrid Sport Q4 2.0 MHEV A/T,179900.0
2024,20240103115218,Maxus,Euniq 6 (70 kWh),55990.0
2024,20240103115218,Maxus,T60 2.4 Comfort 4x2 M/T,26990.0
2024,20240103115218,Maxus,T60 2.8 TDi Comfort 4x2 M/T,43990.0
2024,20240103115218,Maxus,T60 2.8 TDi Elite 4x4 M/T,46990.0
2024,20240103115218,Maxus,T60 2.8 TDi Luxury 4x4 A/T,53100.0
2024,20240103115218,Maxus,T90 2.0 Bi-TDi Luxury 4x4 A/T,55567.0
2024,20240103115218,Maxus,"T90 EV (88,5 kWh)",73188.0
2024,20240103115218,Maxus,eDeliver 3 SWB (chasis corto) (53 kWh),45150.0
2024,20240103115218,Maxus,eDeliver 3 Chassis (chasis cabina) (53 kWh),47600.0
2024,20240103115218,Maxus,eDeliver 3 LWB (chasis largo) (53 kWh),48800.0
2024,20240103115218,Maxus,"eDeliver 9 SWB L2H2 (51,5 kWh)",68350.0
2024,20240103115218,Maxus,"eDeliver 9 LWB L3H2 (88,5 kWh)",79300.0
2024,20240103115218,Maserati,MX-5 Soft Top 2.0 SKYACTIV-G M/T,68900.0
2024,20240103115218,Maserati,MX-5 Soft Top 2.0 SKYACTIV-G A/T,71900.0
2024,20240103115218,Maserati,MX-5 RF 2.0 SKYACTIV-G A/T,78900.0
2024,20240103115218,Maserati,CX-30 2.0 SKYACTIV-G 2WD Core A/T,39990.0
2024,20240103115218,Maserati,CX-30 2.0 SKYACTIV-G 2WD High A/T,43990.0
2024,20240103115218,Maserati,CX-30 2.5 SKYACTIV-G AWD High A/T,48990.0
2024,20240103115218,Maserati,CX-5 2.0 SKYACTIV-G 2WD High A/T,53990.0
2024,20240103115218,Maserati,CX-5 2.0 SKYACTIV-G AWD High A/T,58990.0
2024,20240103115218,Maserati,CX-5 2.5 SKYACTIV-G AWD High A/T,64990.0
2024,20240103115218,Maserati,BT-50 Cabina Extendida 1.9 High 4x4 M/T,62900.0
2024,20240103115218,Maserati,BT-50 Cabina Doble 3.0 High Plus 4x4 A/T,74500.0
2024,20240103115218,Mercedes-Benz,A 200 Progressive 7G-DCT,71990.0
2024,20240103115218,Mercedes-Benz,A 35 4MATIC AMG SPEEDSHIFT DCT 7G,89990.0
2024,20240103115218,Mercedes-Benz,A 45 S 4MATIC+ AMG SPEEDSHIFT DCT 8G,154990.0
2024,20240103115218,Mercedes-Benz,CLA 35 4MATIC AMG SPEEDSHIFT DCT 7G,104990.0
2024,20240103115218,Mercedes-Benz,C 200 Avantgarde EQ Boost 9G-TRONIC PLUS,64990.0
2024,20240103115218,Mercedes-Benz,C 300 AMG Line EQ Boost 9G-TRONIC PLUS,89990.0
2024,20240103115218,Mercedes-Benz,C 350 e AMG Line 9G-TRONIC PLUS,104990.0
2024,20240103115218,Mercedes-Benz,C 43 4MATIC AMG SPEEDSHIFT MCT 9G,144990.0
2024,20240103115218,Mercedes-Benz,C 63 S E Performance AMG SPEEDSHIFT MCT 9G,209990.0
2024,20240103115218,Mercedes-Benz,CLE 300 4MATIC Coupé Avantgarde EQ Boost 9G-TRONIC PLUS,99990.0
2024,20240103115218,Mercedes-Benz,CLE 300 4MATIC Coupé AMG Line EQ Boost 9G-TRONIC PLUS,124990.0
2024,20240103115218,Mercedes-Benz,SL 55 4MATIC+ AMG SPEEDSHIFT MCT 9G,379990.0
2024,20240103115218,Mercedes-Benz,"EQE 350+ Electric Art (90,6 kWh)",134990.0
2024,20240103115218,Mercedes-Benz,"EQS 450+ Electric Art (108,4 kWh)",184990.0
2024,20240103115218,Mercedes-Benz,"EQS 53 4MATIC+ (108,4 kWh)",249990.0
2024,20240103115218,Mercedes-Benz,GLA 200 Progressive 7G-DCT,77990.0
2024,20240103115218,Mercedes-Benz,GLA 35 4MATIC AMG SPEEDSHIFT DCT 8G,104990.0
2024,20240103115218,Mercedes-Benz,GLC 200 4MATIC Avantgarde EQ Boost 9G-TRONIC PLUS,89990.0
2024,20240103115218,Mercedes-Benz,GLC 200 4MATIC Avantgarde EQ Boost 9G-TRONIC PLUS,93990.0
2024,20240103115218,Mercedes-Benz,GLC 300 4MATIC Avantgarde EQ Boost 9G-TRONIC PLUS,107990.0
2024,20240103115218,Mercedes-Benz,GLC 350 e 4MATIC Avantgarde 9G-TRONIC PLUS,122490.0
2024,20240103115218,Mercedes-Benz,GLC 43 4MATIC AMG SPEEDSHIFT MCT 9G,154990.0
2024,20240103115218,Mercedes-Benz,GLC Coupé 200 4MATIC Avantgarde EQ Boost 9G-TRONIC PLUS,96500.0
2024,20240103115218,Mercedes-Benz,GLC Coupé 300 4MATIC Avantgarde EQ Boost 9G-TRONIC PLUS,117990.0
2024,20240103115218,Mercedes-Benz,GLE 350 de Plus 4MATIC 9G-TRONIC,159990.0
2024,20240103115218,Mercedes-Benz,GLE 450 4MATIC 9G-TRONIC,169990.0
2024,20240103115218,Mercedes-Benz,GLE 450 Plus 4MATIC 9G-TRONIC,189990.0
2024,20240103115218,Mercedes-Benz,GLE 450 4MATIC AMG Line Coupé 9G-TRONIC,179990.0
2024,20240103115218,Mercedes-Benz,GLS 450 4MATIC 9G-TRONIC,204990.0
2024,20240103115218,Mercedes-Benz,"EQA 350 4MATIC (66,5 kWh)",77990.0
2024,20240103115218,Mercedes-Benz,"350 4MATIC (66,5 kWh)",81990.0
2024,20240103115218,Mercedes-Benz,EQC 400 4MATIC AMG Line (80 kWh),99990.0
2024,20240103115218,Mercedes-Benz,"EQE SUV 350+ Electric Art (90,6 kWh)",164990.0
2024,20240103115218,Mercedes-Benz,Sprinter 311 2.1 CDI Furgón Compacto,43066.0
2024,20240103115218,Mercedes-Benz,Sprinter 415 2.1 CDI Furgón Estándar,51240.0
2024,20240103115218,Mercedes-Benz,Sprinter 415 2.1 CDI Furgón Largo,54046.0
2024,20240103115218,Mercedes-Benz,Sprinter 515 2.1 CDI Furgón Extra Largo Techo Elevado,59659.0
2024,20240103115218,Mercedes-Benz,Sprinter 415 Minibus 15+1 2.1 CDI Techo Elevado,61366.0
2024,20240103115218,Mg,"ZS EV Comfort 2WD (50,3 kWh)",37990.0
2024,20240103115218,Mg,"ZS EV Deluxe 2WD (50,3 kWh)",39990.0
2024,20240103115218,Mg,MG4 Deluxe 2WD (64 kWh),38990.0
2024,20240103115218,Mg,MG4 Deluxe AWD (64 kWh),42990.0
2024,20240103115218,Mg,E-HS Comfort EDU II AT10 2WD,48990.0
2024,20240103115218,Mg,E-HS Deluxe EDU II AT10 2WD,51990.0
2024,20240103115218,Mg,Marvel R Deluxe 2WD (70 kWh),56990.0
2024,20240103115218,Mini,Cooper Hatch 3 Door Essential 1.5 T M/T,43990.0
2024,20240103115218,Mini,Cooper Hatch 3 Door Essential 1.5 T Steptronic,47990.0
2024,20240103115218,Mini,Door Classic Plus 1.5 T Steptronic,54990.0
2024,20240103115218,Mini,"Cooper SE Hatch 3 Door Classic Plus A/T (32,6 kWh)",54990.0
2024,20240103115218,Mini,"Cooper SE Hatch 3 Door Iconic (32,6 kWh)",59990.0
2024,20240103115218,Mini,John Cooper Works 3 Door Hatch Spitfire 2.0 T Steptronic,72990.0
2024,20240103115218,Mini,Cooper S Hatch 5 Door Classic Plus 2.0 T Steptronic,65990.0
2024,20240103115218,Mini,Cooper S Cabrio Iconic 2.0 T DKG Steptronic,77990.0
2024,20240103115218,Mini,Cooper S Cabrio Resolute 2.0 T DKG Steptronic,80990.0
2024,20240103115218,Mini,Cooper Countryman Classic 1.5 T DKG Steptronic,58990.0
2024,20240103115218,Mini,Cooper Countryman Classic Plus 1.5 T DKG Steptronic,61990.0
2024,20240103115218,Mini,Cooper S Countryman Classic Plus 2.0 T DKG Steptronic,77990.0
2024,20240103115218,Mini,Cooper SE Countryman Classic 1.5 T Steptronic ALL4,67990.0
2024,20240103115218,Mini,Cooper SE Countryman Iconic 1.5 T Steptronic ALL4,75990.0
2024,20240103115218,Mitsubishi,Mirage 1.2 GLS CVT,21990.0
2024,20240103115218,Mitsubishi,Eclipse Cross 1.5 DIT 2WD GLS CVT,47990.0
2024,20240103115218,Mitsubishi,Eclipse Cross 1.5 DIT 4WD GLS CVT,51990.0
2024,20240103115218,Mitsubishi,Outlander 2.5 GDI 2WD GLS CVT,59990.0
2024,20240103115218,Mitsubishi,Outlander 2.5 GDI 4WD GLS CVT,69990.0
2024,20240103115218,Mitsubishi,L200 2.4 MPI GL 4x4 M/T,34990.0
2024,20240103115218,Mitsubishi,L200 2.4 Di-D GLX Hi-Rider 4x2 M/T,49990.0
2024,20240103115218,Mitsubishi,L200 2.4 Di-D GLS 4x4 M/T,59990.0
2024,20240103115218,Mitsubishi,L200 2.4 High Power Di-D GLS 4x4 A/T,69990.0
2024,20240103115218,Mitsubishi,L200 2.4 High Power Di-D Black Edition 4x4 A/T,71990.0
2024,20240103115218,Nissan,Versa 1.6 Sense M/T,25990.0
2024,20240103115218,Nissan,Versa 1.6 Advance M/T,27490.0
2024,20240103115218,Nissan,Versa 1.6 Advance CVT,28490.0
2024,20240103115218,Nissan,Versa 1.6 SR CVT,29490.0
2024,20240103115218,Nissan,Versa 1.6 Exclusive CVT,30490.0
2024,20240103115218,Nissan,Sentra 2.0 Advance CVT,34990.0
2024,20240103115218,Nissan,Sentra 2.0 SR CVT,37990.0
2024,20240103115218,Nissan,Sentra 2.0 Exclusive CVT,37990.0
2024,20240103115218,Nissan,Leaf Tekna (40 Kwh),47990.0
2024,20240103115218,Nissan,Kicks Sense 1.6 M/T,28990.0
2024,20240103115218,Nissan,Kicks Advance 1.6 M/T,30490.0
2024,20240103115218,Nissan,Kicks Advance 1.6 CVT,31990.0
2024,20240103115218,Nissan,Kicks Exclusive 1.6 CVT,34990.0
2024,20240103115218,Nissan,Qashqai 1.3 T Advance 2WD CVT,49990.0
2024,20240103115218,Nissan,Qashqai 1.3 T Exclusive AWD CVT,55990.0
2024,20240103115218,Nissan,X-Trail 1.5 e-Power e-4ORCE Advance,59990.0
2024,20240103115218,Nissan,Frontier C/S S 4x2 2.5 M/T,26828.0
2024,20240103115218,Nissan,Frontier C/D S 4x2 2.5 M/T,29888.0
2024,20240103115218,Nissan,Frontier C/D SE 4x2 2.5 M/T,32328.0
2024,20240103115218,Nissan,Frontier C/S S 4x2 2.5 DDTTi M/T,37818.0
2024,20240103115218,Nissan,Frontier C/D S 4x2 2.5 DDTTi M/T,42088.0
2024,20240103115218,Nissan,Frontier C/D SE 4x2 2.5 DDTTi M/T,44528.0
2024,20240103115218,Nissan,Frontier C/D XE 4x2 2.5 DDTTi High Power M/T,48188.0
2024,20240103115218,Nissan,Frontier C/D LE 4x2 2.5 DDTTi High Power M/T,52458.0
2024,20240103115218,Nissan,Frontier C/D XE 4x4 2.5 A/T,39028.0
2024,20240103115218,Nissan,Frontier C/D PRO-4X 4x4 2.5 A/T,46968.0
2024,20240103115218,Nissan,Frontier C/D S 4x4 2.5 DDTTi M/T,51238.0
2024,20240103115218,Nissan,Frontier C/D S 4x4 2.5 DDTTi A/T,54888.0
2024,20240103115218,Nissan,Frontier C/D SE 4x4 2.5 DDTTi High Power M/T,53678.0
2024,20240103115218,Nissan,Frontier C/D SE 4x4 2.5 DDTTi High Power A/T,57328.0
2024,20240103115218,Nissan,Frontier C/D XE 4x4 2.5 DDTTi High Power M/T,57338.0
2024,20240103115218,Nissan,Frontier C/D XE 4x4 2.5 DDTTi High Power A/T,60338.0
2024,20240103115218,Nissan,Frontier C/D LE 4x4 2.5 DDTTi High Power M/T,62828.0
2024,20240103115218,Nissan,Frontier C/D LE 4x4 2.5 DDTTi High Power A/T,66488.0
2024,20240103115218,Nissan,Frontier C/D PRO-4X 4x4 2.5 DDTTi High Power A/T,69538.0
2024,20240103115218,Opel,Corsa 1.2 T Elegance BVM6,27990.0
2024,20240103115218,Opel,Corsa 1.2 T Elegance EAT6,30990.0
2024,20240103115218,Opel,Crossland 1.2 T Elegance EAT6,31990.0
2024,20240103115218,Opel,Combo Cargo 1.6 115 L2,23690.0
2024,20240103115218,Opel,Combo Cargo 1.6 D 92 L2,30990.0
2024,20240103115218,Peugeot,208 Active 1.2 VTi 82 BVM5,19990.0
2024,20240103115218,Peugeot,208 Style 1.0 BVM5,20990.0
2024,20240103115218,Peugeot,208 Active 1.6 VTi Tiptronic,22490.0
2024,20240103115218,Peugeot,208 Allure 1.6 VTi BVM5,24000.0
2024,20240103115218,Peugeot,208 Allure 1.6 VTi Tiptronic,26000.0
2024,20240103115218,Peugeot,208 Féline 1.6 VTi Tiptronic,28490.0
2024,20240103115218,Peugeot,e-208 GT (50 kWh),43000.0
2024,20240103115218,Peugeot,2008 1.6 VTi Allure BVM5,22400.0
2024,20240103115218,Peugeot,2008 1.6 VTi Féline BVM5,25500.0
2024,20240103115218,Peugeot,2008 1.6 VTi Féline EAT6,27500.0
2024,20240103115218,Peugeot,2008 1.2 PureTech 130 Active EAT6,35500.0
2024,20240103115218,Peugeot,2008 1.2 PureTech 130 Allure EAT6,38900.0
2024,20240103115218,Peugeot,2008 1.2 PureTech 155 GT EAT8,44500.0
2024,20240103115218,Peugeot,e-2008 GT (50 kWh),52500.0
2024,20240103115218,Peugeot,3008 Active 1.2 PureTech 130 S&S EAT8,43990.0
2024,20240103115218,Peugeot,3008 GT 1.6 THP 165 EAT6,56990.0
2024,20240103115218,Peugeot,3008 HYbrid4 1.6 PureTech 300 GT e-EAT8,72000.0
2024,20240103115218,Peugeot,5008 GT 1.6 THP 165 EAT6,62990.0
2024,20240103115218,Peugeot,Landtrek 2.4 Turbo Active 4x2 BVM6,36990.0
2024,20240103115218,Peugeot,Landtrek 2.2 BlueHDi Active 4x2 BVM6,54000.0
2024,20240103115218,Peugeot,Landtrek 2.2 BlueHDi Active 4x4 BVM6,57000.0
2024,20240103115218,Peugeot,Landtrek 2.2 BlueHDi Active 4x4 BVA6,59000.0
2024,20240103115218,Peugeot,Landtrek 2.2 BlueHDi Action 4x4 BVA6,64000.0
2024,20240103115218,Peugeot,1.2 PureTech 130 S&S EAT8,42000.0
2024,20240103115218,Peugeot,Partner M69 Confort 1.6,15990.0
2024,20240103115218,Peugeot,Partner M69 Confort 1.6 HDi,22490.0
2024,20240103115218,Peugeot,Partner K9 1.6 115 L2,23990.0
2024,20240103115218,Peugeot,Partner K9 1.6 HDI 92 L2,30990.0
2024,20240103115218,Peugeot,e-Expert L3H1 A/T (75 kWh),53000.0
2024,20240103115218,Peugeot,Boxer L1H1 2.2 HDi,35990.0
2024,20240103115218,Peugeot,Boxer L1H1 2.2 HDi (c/reg.-lim. de velocidad+radio+Bluetooth+sensores est.),35890.0
2024,20240103115218,Peugeot,Boxer L2H2 2.2 HDi,37990.0
2024,20240103115218,Peugeot,Boxer L2H2 2.2 HDi (c/reg.-lim. de velocidad+radio+Bluetooth+sensores est.),37990.0
2024,20240103115218,Peugeot,Boxer L4H2 2.2 HDi,42990.0
2024,20240103115218,Peugeot,Boxer L4H2 2.2 HDi (c/reg.-lim. de velocidad+radio+Bluetooth+sensores est.),42990.0
2024,20240103115218,Porsche,718 Boxster 2.0 T PDK,155000.0
2024,20240103115218,Porsche,Cayman S 2.5 T PDK,167500.0
2024,20240103115218,Porsche,Boxster S 2.5 T PDK,178500.0
2024,20240103115218,Porsche,Boxster GTS 4.0 PDK,190000.0
2024,20240103115218,Porsche,"Taycan 4S ( 79,2 kWh )",198000.0
2024,20240103115218,Porsche,Taycan Turbo ( 93.4 kWh ),220000.0
2024,20240103115218,Porsche,"Taycan GTS ( 93,4 kWh )",249000.0
2024,20240103115218,Porsche,"Taycan Turbo Cross Turismo (93,4 kWh)",270000.0
2024,20240103115218,Porsche,Macan 2.0 turbo PDK,158000.0
2024,20240103115218,Porsche,Macan S 3.0 V6 bi-turbo PDK,200000.0
2024,20240103115218,Porsche,Macan GTS 2.9 V6 bi-turbo PDK,245000.0
2024,20240103115218,Porsche,Cayenne S 2.9 V6 Tiptronic S,210000.0
2024,20240103115218,Porsche,Cayenne Coupé 3.0 V6 Tiptronic S,200000.0
2024,20240103115218,Ram,1500 DS Laramie 5.7 V8 Crew Cab A/T 4x4,74000.0
2024,20240103115218,Ram,1500 DT Big Horn 3.6 V6 eTorque MHEV Crew Cab A/T 4x4,84990.0
2024,20240103115218,Ram,1500 DT Big Horn Black Edition 3.6 V6 eTorque MHEV Crew Cab A/T 4x4,92500.0
2024,20240103115218,Ram,1500 DT Laramie 3.6 V6 eTorque MHEV Crew Cab A/T 4x4,102000.0
2024,20240103115218,Ram,1500 TRX 6.2 Supercharged V8 HEMI Crew Cab A/T 4x4,176000.0
2024,20240103115218,Ram,2500 Laramie 6.4 V8 Crew Cab A/T 4x4,84900.0
2024,20240103115218,Renault,Kwid Zen 1.0,14490.0
2024,20240103115218,Renault,Kwid Intens 1.0,15490.0
2024,20240103115218,Renault,Kwid Outsider 1.0,16490.0
2024,20240103115218,Renault,"Kwid E-Tech Intens (26,8 kWh)",28990.0
2024,20240103115218,Renault,Clio Zen 1.0 TCe 100 M/T,26490.0
2024,20240103115218,Renault,Clio Intens 1.0 TCe 100 M/T,27990.0
2024,20240103115218,Renault,Stepway Zen 1.0,19990.0
2024,20240103115218,Renault,Stepway Zen 1.6 M/T,21990.0
2024,20240103115218,Renault,Stepway Intens 1.6 CVT,24990.0
2024,20240103115218,Renault,Duster Zen 1.6 SCe M/T,23990.0
2024,20240103115218,Renault,Duster Zen Techno 1.6 SCe M/T,25990.0
2024,20240103115218,Renault,Duster Intens 1.6 SCe M/T,25990.0
2024,20240103115218,Renault,Duster Intens 1.6 SCe CVT,26990.0
2024,20240103115218,Renault,Duster Intens Vision 1.6 SCe CVT,28490.0
2024,20240103115218,Renault,Duster Intens Outsider 1.6 SCe CVT,29490.0
2024,20240103115218,Renault,Duster Intens Vision 1.3 TCe CVT,29990.0
2024,20240103115218,Renault,Arkana Zen 1.3 TCe EDC,39990.0
2024,20240103115218,Renault,Arkana Intens 1.3 TCe EDC,43990.0
2024,20240103115218,Renault,Oroch Cargo 1.6 SCe M/T 2WD,20990.0
2024,20240103115218,Renault,Oroch Zen 1.6 SCe M/T 2WD,22490.0
2024,20240103115218,Renault,Oroch Intens Outsider 1.6 SCe M/T 2WD,23990.0
2024,20240103115218,Renault,Oroch Intens 1.3 TCe CVT 2WD,25490.0
2024,20240103115218,Renault,Oroch Intens Outsider 1.3 TCe CVT 2WD,27490.0
2024,20240103115218,Renault,Oroch Intens Outsider 1.3 TCe M/T 4WD,28990.0
2024,20240103115218,Renault,Kangoo Express 1.6 SCe 114 Profesional,18898.0
2024,20240103115218,Renault,Kangoo Express 1.6 SCe 114 Confort,19508.0
2024,20240103115218,Riddara,RD6 Standard 410 RWD (63 kWh),44042.0
2024,20240103115218,Riddara,RD6 Luxury 550 RWD (86 kWh),53070.0
2024,20240103115218,Seat,Ibiza 1.6 MPI Style A/T,31950.0
2024,20240103115218,Seat,Arona 1.6 Style A/T,34950.0
2024,20240103115218,Seat,Ateca 1.4 TSI Style Tiptronic,44950.0
2024,20240103115218,Subaru,Crosstrek 2.0i-L e-Boxer CVT EyeSight (LB),50800.0
2024,20240103115218,Subaru,Crosstrek 2.0i-S e-Boxer CVT EyeSight (JI),53800.0
2024,20240103115218,Subaru,Crosstrek 2.0i-L CVT EyeSight (WI),56000.0
2024,20240103115218,Subaru,Crosstrek 2.0i-S CVT EyeSight (JI),58800.0
2024,20240103115218,Subaru,WRX Sedán 2.4i-High M/T AWD,76800.0
2024,20240103115218,Subaru,Sedán 2.4i-High CVT AWD (ES),89800.0
2024,20240103115218,Subaru,Outback 2.5i-Touring CVT AWD (ES),88800.0
2024,20240103115218,Subaru,Outback 2.4R-Touring CVT AWD (US),92800.0
2024,20240103115218,Subaru,Forester 2.0i-L e-Boxer CVT AWD EyeSight (WR),57800.0
2024,20240103115218,Subaru,Forester 2.0i-S e-Boxer CVT AWD EyeSight (WR),62800.0
2024,20240103115218,Subaru,Forester 2.5i-S Sport CVT AWD EyeSight (WI),68800.0
2024,20240103115218,Subaru,Forester 2.5i-S CVT AWD EyeSight (WW),70800.0
2024,20240103115218,Suzuki,Alto 800 0.8 STD,11490.0
2024,20240103115218,Suzuki,Alto 800 0.8 GA,12490.0
2024,20240103115218,Suzuki,Alto 800 0.8 GL,13490.0
2024,20240103115218,Suzuki,Celerio 1.0 GL M/T,15990.0
2024,20240103115218,Suzuki,Celerio 1.0 GL AMT,17290.0
2024,20240103115218,Suzuki,Dzire 1.2 GL M/T,18690.0
2024,20240103115218,Suzuki,Dzire 1.2 GLX M/T,19990.0
2024,20240103115218,Suzuki,Swift 1.2 GL M/T,17490.0
2024,20240103115218,Suzuki,Swift 1.2 GL AMT,18990.0
2024,20240103115218,Suzuki,Swift Hybrid 1.2 Dualjet SHVS GLS M/T,22590.0
2024,20240103115218,Suzuki,Swift Sport 1.4 Boosterjet M/T,30590.0
2024,20240103115218,Suzuki,Swift Sport 1.4 Boosterjet A/T,33590.0
2024,20240103115218,Suzuki,Baleno 1.5 GL M/T,19990.0
2024,20240103115218,Suzuki,Baleno 1.5 GL A/T,21990.0
2024,20240103115218,Suzuki,Baleno 1.5 GLX M/T,25490.0
2024,20240103115218,Suzuki,Baleno 1.5 GLX A/T,26990.0
2024,20240103115218,Suzuki,Fronx Hybrid 1.5 Dualjet SHVS GLX M/T,27990.0
2024,20240103115218,Suzuki,Fronx Hybrid 1.5 Dualjet SHVS GLX A/T,29990.0
2024,20240103115218,Suzuki,Jimny 3 Puertas 1.5 GL M/T,27990.0
2024,20240103115218,Suzuki,3 Puertas 1.5 GLX A/T,32990.0
2024,20240103115218,Suzuki,Jimny 5 Puertas 1.5 GL M/T,31990.0
2024,20240103115218,Suzuki,Puertas 1.5 GLX A/T,34990.0
2024,20240103115218,Suzuki,Grand Vitara Hybrid 1.5 Dualjet SHVS GL M/T,29990.0
2024,20240103115218,Suzuki,Grand Vitara Hybrid 1.5 Dualjet SHVS GL A/T,32990.0
2024,20240103115218,Suzuki,Grand Vitara Hybrid 1.5 Dualjet SHVS GLX A/T,36990.0
2024,20240103115218,Suzuki,Grand Vitara Hybrid 1.5 Dualjet SHVS GLX A/T ALLGRIP,39990.0
2024,20240103115218,Toyota,Yaris Hatch 1.5 XS M/T,22990.0
2024,20240103115218,Toyota,Yaris Hatch 1.5 XLS CVT,26990.0
2024,20240103115218,Toyota,Yaris Hatch 1.5 XLS TSS CVT,27490.0
2024,20240103115218,Toyota,Yaris Sedán 1.5 XS M/T,23990.0
2024,20240103115218,Toyota,Yaris Sedán 1.5 XLS CVT,27990.0
2024,20240103115218,Toyota,Yaris Sedán 1.5 XLS TSS CVT,28490.0
2024,20240103115218,Toyota,Corolla Hybrid XEi 1.8 e-CVT,35990.0
2024,20240103115218,Toyota,Corolla Hybrid SE-G 1.8 e-CVT,39990.0
2024,20240103115218,Toyota,Corolla GR-Sport 2.0 CVT,45990.0
2024,20240103115218,Toyota,GR Corolla 1.6 Turbo GR-Four M/T,89990.0
2024,20240103115218,Toyota,Raize 1.2 GL M/T,26990.0
2024,20240103115218,Toyota,Raize 1.2 GL A/T,28990.0
2024,20240103115218,Toyota,Raize 1.0 T GLX M/T,30990.0
2024,20240103115218,Toyota,Raize 1.0 T GLX A/T,32990.0
2024,20240103115218,Toyota,Corolla Cross Hybrid XEi 1.8 e-CVT,38990.0
2024,20240103115218,Toyota,Corolla Cross Hybrid SE-G 1.8 e-CVT,42990.0
2024,20240103115218,Toyota,RAV4 Hybrid S 2.5 220H e-CVT 2WD,54990.0
2024,20240103115218,Toyota,RAV4 Hybrid S Plus 2.5 220H e-CVT 2WD,58990.0
2024,20240103115218,Toyota,RAV4 Hybrid Limited Plus 2.5 220H e-CVT 2WD,65990.0
2024,20240103115218,Toyota,RAV4 Hybrid Limited Plus 2.5 220H e-CVT AWD,69990.0
2024,20240103115218,Toyota,Fortuner 4.0 V6 SRX 4WD A/T,84990.0
2024,20240103115218,Toyota,Fortuner 4.0 V6 Diamond 4WD A/T,89990.0
2024,20240103115218,Toyota,4Runner 4.0 V6 Limited 4WD A/T,98900.0
2024,20240103115218,Toyota,4Runner 4.0 V6 Limited 4WD A/T (c/3 filas de asientos),101900.0
2024,20240103115218,Toyota,Hilux Cabina Doble 2.7 VVT-i DX 4x2,34990.0
2024,20240103115218,Toyota,Hilux Cabina Doble 2.7 VVT-i SR 4x2,37990.0
2024,20240103115218,Toyota,Hilux Cabina Doble 2.7 VVT-i DX 4x4,36490.0
2024,20240103115218,Toyota,Hilux Cabina Doble 2.7 VVT-i SRV 4x2,41990.0
2024,20240103115218,Toyota,Hilux Cabina Doble 2.7 VVT-i SR 4x4,40490.0
2024,20240103115218,Toyota,Hilux Cabina Doble 2.7 VVT-i SRV 4x4,43490.0
2024,20240103115218,Toyota,Hilux Cabina Doble 4.0 V6 VVT-i SRX 4x4 A/T,60490.0
2024,20240103115218,Toyota,Hilux Cabina Simple 2.4 D-4D DX 4x2,50490.0
2024,20240103115218,Toyota,Hilux Cabina Doble 2.4 D-4D DX 4x2,52490.0
2024,20240103115218,Toyota,Hilux Cabina Doble 2.4 D-4D SR 4x2,57490.0
2024,20240103115218,Toyota,Hilux Cabina Simple 2.4 D-4D DX 4x4,53490.0
2024,20240103115218,Toyota,Hilux Cabina Doble 2.4 D-4D DX 4x4,55490.0
2024,20240103115218,Toyota,Hilux Cabina Doble 2.8 D-4D SRV 4x2,57490.0
2024,20240103115218,Toyota,Hilux Cabina Doble 2.4 D-4D SR 4x4,62990.0
2024,20240103115218,Toyota,Hilux Cabina Doble 2.4 D-4D SR 4x4 A/T,65990.0
2024,20240103115218,Toyota,Hilux Cabina Doble 2.8 D-4D SRV 4x4 M/T,68490.0
2024,20240103115218,Toyota,Hilux Cabina Doble 2.8 D-4D SRV 4x4 A/T,71490.0
2024,20240103115218,Toyota,Hilux Cabina Doble 2.8 D-4D SRV Plus 4x4 A/T,72990.0
2024,20240103115218,Toyota,Hilux Cabina Doble 2.8 D-4D SRV Plus TSS 4x4 A/T,79490.0
2024,20240103115218,Toyota,Hilux Cabina Doble 2.8 D-4D Conquest 4x4 A/T TSS,81490.0
2024,20240103115218,Toyota,Hilux Cabina Doble 2.8 D-4D GR Sport 4x4 A/T TSS,85990.0
2024,20240103115218,Victory,GHT1025D 1.2 Pick-Up Cabina Simple (con a/a),10390.0
2024,20240103115218,Victory,GHT1025D 1.2 Pick-Up Cabina Simple (Box sin refrigeración),13490.0
2024,20240103115218,Victory,GHT1025D 1.2 Pick-Up Cabina Simple (Box refrigerado),16450.0
2024,20240103115218,Victory,GHT1025S 1.2 Pick-Up Cabina Doble (con a/a),12290.0
2024,20240103115218,Victory,SCH5020XXYD 1.2 Furgón (sin a/a),10990.0
2024,20240103115218,Victory,SCH5020XXYD 1.2 Furgón (con a/a),12790.0
2024,20240103115218,Victory,SCH6430 1.2 Mini Bus (11 pasajeros),16990.0
2024,20240103115218,Volkswagen,Polo Comfortline 170 TSI 1.0 Automatic,24490.0
2024,20240103115218,Volkswagen,Polo Highline 170 TSI 1.0 Automatic,26990.0
2024,20240103115218,Volkswagen,GTS 250 TSI 1.4 Automatic,33990.0
2024,20240103115218,Volkswagen,Virtus Trendline 170 TSI 1.0 Automatic,25690.0
2024,20240103115218,Volkswagen,Virtus Comfortline 170 TSI 1.0 Automatic,27690.0
2024,20240103115218,Volkswagen,Virtus Highline 170 TSI 1.0 Automatic,31990.0
2024,20240103115218,Volkswagen,Virtus Exclusive 250 TSI 1.4 Automatic,35990.0
2024,20240103115218,Volkswagen,Vento Comfortline 250 TSI 1.4 M/T,33990.0
2024,20240103115218,Volkswagen,Vento Highline 250 TSI 1.4 Automatic,40990.0
2024,20240103115218,Volkswagen,Vento GLI 350 TSI 2.0 DSG,50490.0
2024,20240103115218,Volkswagen,"e-up! ( 36,8 kWh) A/T",38990.0
2024,20240103115218,Volkswagen,Nivus Comfortline 170 TSI 1.0 M/T,25690.0
2024,20240103115218,Volkswagen,Nivus Comfortline 200 TSI 1.0 Automatic,28990.0
2024,20240103115218,Volkswagen,Nivus Highline 200 TSI 1.0 Automatic,32990.0
2024,20240103115218,Volkswagen,T-Cross Trendline 170 TSI M/T,27690.0
2024,20240103115218,Volkswagen,T-Cross Trendline 200 TSI 1.0 Automatic,30490.0
2024,20240103115218,Volkswagen,T-Cross Comfortline 200 TSI 1.0 Automatic,32490.0
2024,20240103115218,Volkswagen,T-Cross Highline 200 TSI 1.0 Automatic,35490.0
2024,20240103115218,Volkswagen,T-Cross Trendline Panoramic 200 TSI 1.0 Automatic,32490.0
2024,20240103115218,Volkswagen,T-Cross Comfortline Panoramic 200 TSI 1.0 Automatic,34490.0
2024,20240103115218,Volkswagen,T-Cross Highline + Innovation 200 TSI 1.0 Automatic,37940.0
2024,20240103115218,Volkswagen,Taos Comfortline 250 TSI 1.4 Automatic,41590.0
2024,20240103115218,Volkswagen,Taos Highline 250 TSI 1.4 Automatic,45990.0
2024,20240103115218,Volkswagen,Tiguan Allspace Life 250 TSI 1.4 Automatic,50990.0
2024,20240103115218,Volkswagen,Tiguan Allspace Elegance 250 TSI 1.4 Automatic,53990.0
2024,20240103115218,Volkswagen,Tiguan Allspace R-Line 350 TSI 2.0 4MOTION,73990.0
2024,20240103115218,Volkswagen,Saveiro 1.6 Cabina Simple,16690.0
2024,20240103115218,Volkswagen,Saveiro 1.6 Cabina Doble,18290.0
2024,20240103115218,Volkswagen,Saveiro 1.6 16v Cabina Doble Extreme,21890.0
2024,20240103115218,Volkswagen,Amarok 2.0 TDI Highline 4x2 M/T,46690.0
2024,20240103115218,Volkswagen,Amarok 2.0 TDI Highline 4x2 A/T,51990.0
2024,20240103115218,Volkswagen,Amarok 2.0 TDI Highline 4x4 M/T,53690.0
2024,20240103115218,Volkswagen,Amarok 2.0 TDI Highline 4x4 A/T,58990.0
2024,20240103115218,Volkswagen,Amarok 3.0 V6 258 TDI Highline 4x4 A/T,75990.0
2024,20240103115218,Volkswagen,Amarok 3.0 V6 TDI Black Edition 4x4 A/T,84990.0
2024,20240103115218,Volvo,EX30 Core Single Engine (E40) RWD (51 kWh),44990.0
2024,20240103115218,Volvo,EX30 Core Single Engine Extended Range (E60) RWD (69 kWh),52990.0
2024,20240103115218,Volvo,EX30 Ultra Single Engine Extended Range (E60) RWD (69 kWh),59990.0
2024,20240103115218,Volvo,XC40 Recharge P6 RWD (69 kWh),76990.0
2024,20240103115218,Volvo,XC40 Recharge P8 AWD (78 kWh),87990.0
2024,20240103115218,Volvo,C40 Recharge P6 RWD (69 kWh),78990.0
2024,20240103115218,Volvo,C40 Recharge Twin Ultimate AWD (78 kWh),89990.0
2024,20240103115218,Volvo,XC60 Recharge Plus T8 AWD 2.0 T A/T,106990.0
2024,20240103115218,Volvo,XC60 Recharge Ultimate T8 AWD 2.0 T A/T,122990.0
2024,20240103115218,Volvo,XC90 Recharge T8 AWD 2.0 T A/T,154990.0
2024,20240103115218,Volvo,Terralord 2.4 4x2 Luxury,23169.0
2024,20240103115218,Volvo,"YOYO EV (10,3 kWh)",18750.0
2024,20240103115218,Volvo,"YOYO EV Premium (10,3 kWh)",19900.0
2025,20250317054756,Audi,A3 Sportback 35 TFSI 1.4 tiptronic,55600.0
2025,20250317054756,Audi,A3 Sportback Advanced 35 TFSI 1.4 tiptronic,60500.0
2025,20250317054756,Audi,A3 Sportback Advanced Plus 35 TFSI 1.4 tiptronic,65900.0
2025,20250317054756,Audi,A3 Sportback S line 35 TFSI 1.4 tiptronic,68000.0
2025,20250317054756,Audi,A3 Sportback S line Plus 35 TFSI 1.4 tiptronic,72000.0
2025,20250317054756,Audi,S3 Sportback 2.0 TFSI quattro S tronic,112000.0
2025,20250317054756,Audi,A3 Sedán 35 TFSI 1.4 tiptronic,58000.0
2025,20250317054756,Audi,A3 Sedán Advanced 35 TFSI 1.4 tiptronic,63000.0
2025,20250317054756,Audi,A3 Sedán S line 35 TFSI 1.4 tiptronic,69500.0
2025,20250317054756,Audi,S3 Sedán 2.0 TFSI quattro S tronic,113000.0
2025,20250317054756,Audi,RS 3 Sedán 2.5 TFSI quattro S tronic,159500.0
2025,20250317054756,Audi,A6 S line 55 TFSI 3.0 MHEV S tronic quattro,149000.0
2025,20250317054756,Audi,S e-tron GT quattro (105 kWh),175000.0
2025,20250317054756,Audi,RS e-tron GT Performance quattro (105 kWh),220000.0
2025,20250317054756,Audi,Q2 Advanced 35 TFSI 1.4 A/T,50900.0
2025,20250317054756,Audi,Q2 Advanced Plus 35 TFSI 1.4 A/T,55900.0
2025,20250317054756,Audi,Q3 Advanced 35 TFSI 1.4 S tronic,57400.0
2025,20250317054756,Audi,Q3 Advanced Plus 35 TFSI 1.4 S tronic,66500.0
2025,20250317054756,Audi,Q3 Advanced Plus 40 TFSI 2.0 S tronic quattro,79200.0
2025,20250317054756,Audi,Q3 Sportback S line 1.4 TFSI S tronic,77200.0
2025,20250317054756,Audi,Q3 Sportback S line 2.0 TFSI S tronic quattro,89600.0
2025,20250317054756,Audi,Q5 45 TFSI 2.0 MHEV S tronic quattro,74200.0
2025,20250317054756,Audi,Q5 45 TFSI 2.0 MHEV Advanced S tronic quattro,81300.0
2025,20250317054756,Audi,Q5 45 TFSI 2.0 MHEV Advanced Plus S tronic quattro,91800.0
2025,20250317054756,Audi,Q5 45 TFSI 2.0 MHEV S line Plus S tronic quattro,94400.0
2025,20250317054756,Audi,SQ5 3.0 TFSI tiptronic quattro,138000.0
2025,20250317054756,Audi,Q5 Sportback 45 TFSI 2 .0 MHEV S line Plus S tronic quattro,99900.0
2025,20250317054756,Audi,Q7 45 TFSI 2.0 MHEV tiptronic quattro,138500.0
2025,20250317054756,Audi,Q7 55 TFSI 3.0 MHEV tiptronic quattro,172000.0
2025,20250317054756,Audi,Q7 55 TFSI 3.0 MHEV S line tiptronic quattro,188000.0
2025,20250317054756,Audi,Q8 55 TFSI 3.0 MHEV S tronic quattro,208000.0
2025,20250317054756,Audi,Q6 e-tron (83 kWh),84000.0
2025,20250317054756,Audi,Q6 e-tron performance (100 kWh),96000.0
2025,20250317054756,Audi,Q6 e-tron quattro S line (100 kWh),112000.0
2025,20250317054756,Audi,Q8 e-tron 55 quattro (106 kWh),126000.0
2025,20250317054756,Audi,Q8 e-tron Sportback S line 55 quattro (106 kWh),136000.0
2025,20250317054756,Audi,"Pony Cargo EV (13,7 kWh)",11490.0
2025,20250317054756,Bestune,B70S 1.5 30TD Commander 7DCT,33900.0
2025,20250317054756,Bestune,B70S 1.5 30TD Ares 7DCT,36900.0
2025,20250317054756,Bestune,NAT Van (55 kWh),27490.0
2025,20250317054756,Bestune,NAT Luxury (55 kWh),29900.0
2025,20250317054756,Bmw,118 Sport 1.5 T DKG Steptronic,59990.0
2025,20250317054756,Bmw,118 M Sport 1.5 T DKG Steptronic,67990.0
2025,20250317054756,Bmw,220i Sport 2.0 T Steptronic Sport,83990.0
2025,20250317054756,Bmw,M240i xDrive 3.0 T Steptronic Sport,123990.0
2025,20250317054756,Bmw,M2 3.0 T M Steptronic Drivelogic,199990.0
2025,20250317054756,Bmw,330e 2.0 T City Steptronic,69990.0
2025,20250317054756,Bmw,330e 2.0 T Urban Steptronic,71990.0
2025,20250317054756,Bmw,330e 2.0 T Sport Steptronic,80990.0
2025,20250317054756,Bmw,330e 2.0 T M Sport Steptronic,93990.0
2025,20250317054756,Bmw,xDrive 3.0 T Steptronic Sport,146990.0
2025,20250317054756,Bmw,M3 Competition 3.0 T M Steptronic Drivelogic,234990.0
2025,20250317054756,Bmw,Coupé 2.0 T M Sport Steptronic Sport,119990.0
2025,20250317054756,Bmw,Coupé xDrive 3.0 T Steptronic Sport,157990.0
2025,20250317054756,Bmw,Cabrio 2.0 T Steptronic Sport,108990.0
2025,20250317054756,Bmw,Cabrio xDrive 3.0 T Steptronic Sport,167990.0
2025,20250317054756,Bmw,"i4 Gran Coupé eDrive40 M Sport (83,9 kWh)",124990.0
2025,20250317054756,Bmw,M4 Competition Coupé 3.0 T M Steptronic Drivelogic,244990.0
2025,20250317054756,Bmw,530e 2.0 T M Sport Steptronic,1.0
2025,20250317054756,Bmw,M850i Coupé xDrive 4.4 Steptronic,286990.0
2025,20250317054756,Bmw,Z4 sDrive20i 2.0 T Steptronic Sport,119990.0
2025,20250317054756,Bmw,Z4 M40i 3.0 T Steptronic Sport,182990.0
2025,20250317054756,Bmw,X1 xDrive25e City 1.5 T DKG Steptronic,67990.0
2025,20250317054756,Bmw,X1 sDrive18i xLine Plus 1.5 T DKG Steptronic,76990.0
2025,20250317054756,Bmw,X1 xDrive25e xLine Plus 1.5 T DKG Steptronic,78990.0
2025,20250317054756,Bmw,X1 xDrive25e M Sport 1.5 T DKG Steptronic,83990.0
2025,20250317054756,Bmw,X1 M35i xDrive 2.0 T DKG Steptronic,119990.0
2025,20250317054756,Bmw,"iX1 eDrive20 xLine (64,7 kWh)",68990.0
2025,20250317054756,Bmw,"iX1 eDrive20 xLine Plus (64,7 kWh)",76990.0
2025,20250317054756,Bmw,"iX1 eDrive20 M Sport (64,7 kWh)",79990.0
2025,20250317054756,Bmw,X2 M35i xDrive 2.0 T DKG Steptronic,129990.0
2025,20250317054756,Bmw,"iX2 xDrive30 City (64,8 kWh)",78990.0
2025,20250317054756,Bmw,"iX2 xDrive30 M Sport (64,8 kWh)",89990.0
2025,20250317054756,Bmw,"iX2 xDrive30 M Sport Pro (64,8 kWh)",99990.0
2025,20250317054756,Bmw,X3 20 xDrive 2.0 T Urban Steptronic,79990.0
2025,20250317054756,Bmw,X3 20 xDrive 2.0 T xLine Steptronic,82990.0
2025,20250317054756,Bmw,X3 20d xDrive 2.0 T Urban Steptronic,84990.0
2025,20250317054756,Bmw,X3 20 xDrive 2.0 T xLine Plus Steptronic,94990.0
2025,20250317054756,Bmw,X3 20 xDrive 2.0 T M Sport Steptronic,100990.0
2025,20250317054756,Bmw,X3 20d xDrive 2.0 T xLine Plus Steptronic,100990.0
2025,20250317054756,Bmw,X3 20 xDrive 2.0 T M Sport Pro Steptronic,104990.0
2025,20250317054756,Bmw,X3 30e xDrive 2.0 T xLine Steptronic,91990.0
2025,20250317054756,Bmw,X3 30e xDrive 2.0 T xLine Plus Steptronic,104990.0
2025,20250317054756,Bmw,X3 30e xDrive 2.0 T M Sport Steptronic,110990.0
2025,20250317054756,Bmw,X3 20d xDrive 2.0 T M Sport Pro Steptronic,110990.0
2025,20250317054756,Bmw,X3 30e xDrive 2.0 T M Sport Pro Steptronic,114990.0
2025,20250317054756,Bmw,X3 M50 xDrive 3.0 T M Sport Pro Steptronic,159990.0
2025,20250317054756,Bmw,X3 M Competition 3.0 T M xDrive M Steptronic Drivelogic,239990.0
2025,20250317054756,Bmw,"iX3 M Sport Inspiring (80,0 kWh)",99990.0
2025,20250317054756,Bmw,X4 xDrive20i M Sport X 2.0 T Steptronic Sport,112990.0
2025,20250317054756,Bmw,X4 xDrive30i M Sport X 2.0 T Steptronic Sport,127990.0
2025,20250317054756,Bmw,X4 M40i xDrive 3.0 T Steptronic Sport,175990.0
2025,20250317054756,Bmw,X4 M Competition 3.0 T M xDrive M Steptronic Drivelogic,249990.0
2025,20250317054756,Bmw,X5 xDrive40i xLine 3.0 Steptronic,159990.0
2025,20250317054756,Bmw,X5 xDrive40i xLine Plus 3.0 Steptronic,169990.0
2025,20250317054756,Bmw,X5 xDrive40i M Sport 3.0 Steptronic,173990.0
2025,20250317054756,Bmw,X5 xDrive50e M Sport 3.0 T Steptronic,199990.0
2025,20250317054756,Bmw,4.4 T Steptronic,232990.0
2025,20250317054756,Bmw,X5 M Competition 4.4 T M xDrive M Steptronic Drivelogic,344990.0
2025,20250317054756,Bmw,X6 xDrive40i M Sport 3.0 Steptronic,188990.0
2025,20250317054756,Bmw,X6 M60i xDrive 4.4 T Steptronic,249990.0
2025,20250317054756,Bmw,X6 M Competition 4.4 T M xDrive M Steptronic Drivelogic,354990.0
2025,20250317054756,Bmw,X7 xDrive40i Urban 3.0 Steptronic,194990.0
2025,20250317054756,Bmw,X7 xDrive40i Excellence 3.0 Steptronic,209990.0
2025,20250317054756,Bmw,X7 xDrive40i M Sport 3.0 Steptronic,222990.0
2025,20250317054756,Bmw,X7 M60i xDrive 4.4 Steptronic,286990.0
2025,20250317054756,Bmw,"iX xDrive40 Luxury (76,6 kWh)",149990.0
2025,20250317054756,Bmw,"iX xDrive50 Luxury (111,5 kWh)",174990.0
2025,20250317054756,Byd,"Seagull EV300 GLI (30,08 kWh)",21990.0
2025,20250317054756,Byd,"Seagull EV380 GSI (38,00 kWh)",23990.0
2025,20250317054756,Byd,"New e2 GS (44,9 kWh)",27990.0
2025,20250317054756,Byd,"Seal EV460 RWD (61,44 kWh)",50990.0
2025,20250317054756,Byd,"Seal EV520 AWD (82,56 kWh)",62990.0
2025,20250317054756,Byd,"Han EV700 GS FWD (85,4 kWh)",69990.0
2025,20250317054756,Byd,"Han EV600 GS AWD (85,4 kWh)",75990.0
2025,20250317054756,Byd,"D1 GS (53,5 kWh)",32990.0
2025,20250317054756,Byd,"Yuan Pro GS (45,12 kWh)",30990.0
2025,20250317054756,Byd,"Yuan Plus EV400 GL (49,92 kWh)",39990.0
2025,20250317054756,Byd,Song Pro DM-i 1.5 GL EHS,39990.0
2025,20250317054756,Byd,Song Pro DM-i 1.5 GS EHS,44990.0
2025,20250317054756,Byd,Song Plus DM-i 1.5T GL EHS,49990.0
2025,20250317054756,Byd,Song Plus DM-i 1.5T GS EHS,51490.0
2025,20250317054756,Byd,"Sealion 7 EV AWD (82,5 kWh)",55990.0
2025,20250317054756,Byd,"New Tang EV530 GS AWD (108,8 kWh)",80990.0
2025,20250317054756,Byd,"T3 GL (44,9 kWh)",42990.0
2025,20250317054756,Byd,Shark 1.5 T DMO GL A/T 4WD,69490.0
2025,20250317054756,Byd,Shark 1.5 T DMO GS A/T 4WD,72990.0
2025,20250317054756,Changan,CS35 Plus 1.4 280T Comfort DCT,30490.0
2025,20250317054756,Changan,CS35 Plus 1.4 280T Luxury DCT,32490.0
2025,20250317054756,Changan,CS55 Plus 1.5 300T Luxury DCT,35990.0
2025,20250317054756,Changan,CS55 Plus 1.5 300T Elite DCT,38990.0
2025,20250317054756,Changan,UNI-T 1.5 300T GDI Evolution DCT,34990.0
2025,20250317054756,Changan,UNI-T 1.5 300T GDI Techno DCT,37990.0
2025,20250317054756,Changan,X7 Plus 1.5 260T GDI Luxury M/T,27990.0
2025,20250317054756,Changan,X7 Plus 1.5 300T GDI Luxury DCT,31990.0
2025,20250317054756,Changan,X7 Plus 1.5 300T GDI Elite DCT,34990.0
2025,20250317054756,Changan,Star MD201 1.2 Pick-Up Cabina Simple (sin a/a),10490.0
2025,20250317054756,Changan,Star MD201 1.2 Pick-Up Cabina Simple (con a/a),11490.0
2025,20250317054756,Changan,Star MD201 1.2 Pick-Up Cabina Doble (sin a/a),11990.0
2025,20250317054756,Changan,1.2 Pick-Up Cabina Doble (con a/a),12990.0
2025,20250317054756,Changan,Star MD201 1.2 Box (sin a/a),12990.0
2025,20250317054756,Changan,Star MD201 1.2 Box (con a/a),13990.0
2025,20250317054756,Changan,Star MD201 1.2 Box Refrigerado (con a/a),17490.0
2025,20250317054756,Changan,Star M201 1.2 Cargo (sin a/a),11490.0
2025,20250317054756,Changan,Star M201 1.2 Cargo (con a/a),12490.0
2025,20250317054756,Chery,"eQ1 (30,8 kWh)",17990.0
2025,20250317054756,Chery,Tiggo 2 Pro Comfort 1.5 M/T,16990.0
2025,20250317054756,Chery,Tiggo 2 Pro Comfort 1.0 T M/T,19990.0
2025,20250317054756,Chery,Tiggo 2 Pro Comfort 1.5 CVT,21990.0
2025,20250317054756,Chery,Tiggo 2 Pro Luxury 1.0 T M/T,23990.0
2025,20250317054756,Chery,Tiggo 2 Pro Luxury 1.0 T CVT,24990.0
2025,20250317054756,Chery,Tiggo 4 Comfort 1.5 M/T,24490.0
2025,20250317054756,Chery,Tiggo 4 Comfort 1.5 CVT,26490.0
2025,20250317054756,Chery,Tiggo 4 Pro Luxury 1.5T MHEV CVT,29990.0
2025,20250317054756,Chery,Pro Comfort 1.5T MHEV CVT,30990.0
2025,20250317054756,Chery,Tiggo 7 Pro Luxury 1.5T MHEV CVT,35990.0
2025,20250317054756,Chery,Tiggo 8 Pro Luxury 1.6T 290 T GDI DCT,46990.0
2025,20250317054756,Chery,Tiggo 8 Pro e+ Luxury 1.5T GDI DHT,55000.0
2025,20250317054756,Chery,"eQ7 (67,12 kWh)",39990.0
2025,20250317054756,Chevrolet,Onix LS 1.0,17490.0
2025,20250317054756,Chevrolet,Onix LT 1.0,18990.0
2025,20250317054756,Chevrolet,Onix LTZ 1.0 Turbo M/T,22690.0
2025,20250317054756,Chevrolet,Onix RS 1.0 Turbo M/T,23690.0
2025,20250317054756,Chevrolet,Onix Premier 1.0 Turbo A/T,25190.0
2025,20250317054756,Chevrolet,Onix Plus LT 1.0,19690.0
2025,20250317054756,Chevrolet,Onix Plus LT2 1.0,20990.0
2025,20250317054756,Chevrolet,Onix Plus LTZ 1.0 Turbo M/T,23690.0
2025,20250317054756,Chevrolet,Onix Plus Premier 1.0 Turbo A/T,26490.0
2025,20250317054756,Chevrolet,Groove LTZ 1.5 M/T,24990.0
2025,20250317054756,Chevrolet,Groove Premier 1.5 M/T,26990.0
2025,20250317054756,Chevrolet,Tracker LS 1.2 Turbo M/T,27990.0
2025,20250317054756,Chevrolet,Tracker LTZ 1.2 Turbo A/T,30490.0
2025,20250317054756,Chevrolet,Tracker RS 1.2 Turbo A/T,33490.0
2025,20250317054756,Chevrolet,Tracker Premier 1.2 Turbo A/T,34490.0
2025,20250317054756,Chevrolet,Captiva XL Premier 1.5 T FWD CVT,36990.0
2025,20250317054756,Chevrolet,Equinox 1.5 T RS FWD A/T,45990.0
2025,20250317054756,Chevrolet,Equinox 1.5 T Premier AWD A/T,48990.0
2025,20250317054756,Chevrolet,Equinox EV eAWD (85 kWh),65990.0
2025,20250317054756,Chevrolet,Blazer EV RS (102 kWh),74990.0
2025,20250317054756,Chevrolet,Montana LS 1.2 Turbo M/T,21290.0
2025,20250317054756,Chevrolet,Montana LT 1.2 Turbo M/T,22590.0
2025,20250317054756,Chevrolet,Montana Premier 1.2 Turbo M/T,25590.0
2025,20250317054756,Chevrolet,Montana Premier 1.2 Turbo A/T,27590.0
2025,20250317054756,Chevrolet,Montana RS 1.2 Turbo A/T,27990.0
2025,20250317054756,Chevrolet,S10 WT 2.8 CTDI 4x2 M/T,47568.0
2025,20250317054756,Chevrolet,S10 WT 2.8 CTDI 4x4 M/T,51990.0
2025,20250317054756,Chevrolet,S10 WT 2.8 CTDI 4x4 AT8,55990.0
2025,20250317054756,Chevrolet,S10 Z71 2.8 CTDI 4x4 AT8,59990.0
2025,20250317054756,Chevrolet,S10 LTZ 2.8 CTDI 4x4 AT8,65990.0
2025,20250317054756,Chevrolet,S10 High Country 2.8 CTDI 4x4 AT8,67990.0
2025,20250317054756,Chevrolet,Silverado LT Trail Boss Z71 5.3 V8 4x4 A/T,73990.0
2025,20250317054756,Chevrolet,Silverado 1500 Crew Cab LTZ 3.0TD L6 Duramax 4x4 A/T,93990.0
2025,20250317054756,Chevrolet,N400 Max 1.5 M/T,18990.0
2025,20250317054756,Citroën,C3 1.0 M/T Live,14990.0
2025,20250317054756,Citroën,C3 1.0 M/T Live Pack,16990.0
2025,20250317054756,Citroën,C3 1.0 M/T Feel,17990.0
2025,20250317054756,Citroën,C3 1.6 16v Feel Pack AT6,19990.0
2025,20250317054756,Citroën,C3 You! 1.0 Turbo 200 CVT,22990.0
2025,20250317054756,Citroën,C4 Cactus 1.6 VTi 115 Feel Pack BVM5,24490.0
2025,20250317054756,Citroën,C4 Cactus 1.6 VTi 115 Feel Pack EAT6,26490.0
2025,20250317054756,Citroën,C4 Cactus 1.6 THP 165 Shine EAT6,30490.0
2025,20250317054756,Citroën,C3 Aircross 1.6 M/T Feel,23490.0
2025,20250317054756,Citroën,C3 Aircross 1.6 M/T Shine,25840.0
2025,20250317054756,Citroën,C3 Aircross 1.0 Turbo 200 CVT Shine,27340.0
2025,20250317054756,Citroën,C3 Aircross 7 1.0 Turbo 200 CVT Shine,27990.0
2025,20250317054756,Citroën,C4 1.2 PureTech 130 Shine EAT8,39990.0
2025,20250317054756,Citroën,C5 Aircross 1.6 THP 163 Feel EAT6,45500.0
2025,20250317054756,Citroën,C5 Aircross 1.6 THP 163 Shine EAT6,53900.0
2025,20250317054756,Citroën,C5 Aircross 1.6 PureTech 225 Shine ë-EAT8,64900.0
2025,20250317054756,Citroën,Berlingo M69 Essence 1.6,15990.0
2025,20250317054756,Citroën,Berlingo M69 Essence 1.6 HDi,22490.0
2025,20250317054756,Citroën,Berlingo Van 1.6 HDI 92 L2,33490.0
2025,20250317054756,Deepal,"S7 REEV (31,7 kWh)",46990.0
2025,20250317054756,Deepal,"S7 BEV (79,97 kWh)",47990.0
2025,20250317054756,Dfsk,500 Comfort 1.5 M/T,22.0
2025,20250317054756,Dfsk,500 Luxury 1.5 M/T,254.0
2025,20250317054756,Dfsk,500 Luxury 1.5 A/T,264.0
2025,20250317054756,Dfsk,"Seres 3 S1 A/T (53,61 kWh)",41990.0
2025,20250317054756,Dfsk,"Seres 3 S2 A/T (53,61 kWh)",43990.0
2025,20250317054756,Dfsk,E5 DE-i 1.5 M1 DHT300,38990.0
2025,20250317054756,Dfsk,E5 DE-i 1.5 M2 DHT300,44950.0
2025,20250317054756,Dfsk,"EC35 EV Van (38,7 kWh)",36950.0
2025,20250317054756,Dfsk,"EC35 EV Pick-Up (38,7 kWh)",36950.0
2025,20250317054756,Dfsk,"EC31 EV Box (38,7 kWh)",38950.0
2025,20250317054756,Dfsk,"Nano Box (27,2 kWh)",17990.0
2025,20250317054756,Dfsk,Rich 6 2.4 4x2 M/T,26990.0
2025,20250317054756,Dfsk,Rich 6 2.4 4x4 M/T,29121.0
2025,20250317054756,Dfsk,Rich 6 2.5 4x2 M/T Full,39894.0
2025,20250317054756,Dfsk,Rich 6 2.5 4x4 M/T Extra Full,43900.0
2025,20250317054756,Dfsk,Rich 6 2.5 4x4 A/T Extra Full,49800.0
2025,20250317054756,Fiat,Mobi Like 1.0,14390.0
2025,20250317054756,Fiat,Mobi Trekking 1.0,16390.0
2025,20250317054756,Fiat,Argo Drive 1.3 M/T,19990.0
2025,20250317054756,Fiat,Argo Trekking 1.3 M/T,20990.0
2025,20250317054756,Fiat,Argo Trekking 1.3 CVT,22490.0
2025,20250317054756,Fiat,Pulse Drive 1.3 M/T,23990.0
2025,20250317054756,Fiat,Pulse Drive 1.3 CVT,25990.0
2025,20250317054756,Fiat,Pulse Impetus T200 1.0 CVT,28990.0
2025,20250317054756,Fiat,Fastback Audace T200 1.0 CVT,28990.0
2025,20250317054756,Fiat,Fastback Impetus T200 1.0 CVT,30990.0
2025,20250317054756,Fiat,Strada Endurance Cabina Plus 1.3 M/T,16690.0
2025,20250317054756,Fiat,Strada Freedom Cabina Doble 1.3 M/T,19290.0
2025,20250317054756,Fiat,Strada Volcano Cabina Doble 1.3 CVT,22490.0
2025,20250317054756,Fiat,Strada Ultra Cabina Doble Turbo 200 1.0 CVT,24490.0
2025,20250317054756,Fiat,Fiorino Endurance 1.4,16990.0
2025,20250317054756,Fiat,Bronco Sport Big Bend 1.5 EcoBoost 4WD A/T,45990.0
2025,20250317054756,Fiat,Bronco Sport Wildtrak 2.0 EcoBoost 4WD A/T,59990.0
2025,20250317054756,Fiat,Territory Titanium 1.8 EcoBoost GTDi DCT,56990.0
2025,20250317054756,Fiat,Maverick Lariat FX4 2.0 EcoBoost AWD A/T,49990.0
2025,20250317054756,Fiat,Ranger XL SiT 2.0 4x4 M/T,58900.0
2025,20250317054756,Fiat,Ranger XLS SiT 2.0 4x4 M/T,62900.0
2025,20250317054756,Fiat,Ranger XLT BiT 2.0 4x4 AT10,71990.0
2025,20250317054756,Fiat,Ranger XLS V6 3.0 4WD AT10,71990.0
2025,20250317054756,Fiat,Ranger Limited+ V6 3.0 4WD AT10,82990.0
2025,20250317054756,Fiat,Ranger Raptor V6 3.0 EcoBoost 4x4 Cabina Doble A/T,99900.0
2025,20250317054756,Fiat,Explorer 2.3 EcoBoost XLT AWD SelectShift,105900.0
2025,20250317054756,Fiat,F-150 3.5 V6 EcoBoost Lariat SelectShift,109900.0
2025,20250317054756,Fiat,F-150 Raptor 3.5 V6 EcoBoost High-Output SelectShift,159900.0
2025,20250317054756,Foton,Wonder Cabina Doble 1.6,14750.0
2025,20250317054756,Foton,Truck Mate T25 Pick-Up 1.6,17950.0
2025,20250317054756,Foton,Truck Mate T25 Doble Cabina 1.6,18950.0
2025,20250317054756,Foton,Tunland V7 Standard 2.0 CRDI 4x2 M/T,34950.0
2025,20250317054756,Foton,Tunland V7 Standard 2.0 CRDI 4x4 M/T,36950.0
2025,20250317054756,Foton,Tunland V7 Elite 2.0 CRDI 4x2 M/T,36950.0
2025,20250317054756,Foton,Tunland V7 Elite 2.0 CRDI 4x4 M/T,39950.0
2025,20250317054756,Foton,Tunland V7 Luxury 2.0 CRDI 4x2 M/T,40950.0
2025,20250317054756,Foton,Tunland V7 Luxury 2.0 CRDI 4x4 M/T,43950.0
2025,20250317054756,Foton,Tunland V9 Flagship 2.0 CRDI 4x2 AT8,44950.0
2025,20250317054756,Foton,Tunland V9 Ultimate 2.0 CRDI 4x2 AT8,48950.0
2025,20250317054756,Foton,Tunland V9 Ultimate 2.0 CRDI 4x4 AT8,51950.0
2025,20250317054756,Foton,View Cargo Van 2.8 BJ6549B1PDA-1,26800.0
2025,20250317054756,Foton,"View EV Cargo Van (50,23 kWh)",51500.0
2025,20250317054756,Foton,Toano Cargo Van 2.8 BJ5038XXY-CC,33950.0
2025,20250317054756,Gac,Emkoo HEV 2.0 T GE DHT,37990.0
2025,20250317054756,Gac,GS8 2.0 T GT 2WD A/T,55490.0
2025,20250317054756,Gac,"Aion ES (55,2 kWh)",26990.0
2025,20250317054756,Gac,"Aion Y Plus (63,2 kWh)",34990.0
2025,20250317054756,Geely,GX3 Pro 1.5 GB M/T,17690.0
2025,20250317054756,Geely,GX3 Pro 1.5 GC M/T,18990.0
2025,20250317054756,Geely,1.5 GF CVT,21990.0
2025,20250317054756,Geely,"Geometry E (39,4 kWh)",23990.0
2025,20250317054756,Geely,Geometry C GF+ (70 kWh),39990.0
2025,20250317054756,Gwm,"ORA 03 Skin (47,8 kWh)",25990.0
2025,20250317054756,Gwm,2.0 GDIT 4WD 9HAT,58990.0
2025,20250317054756,Gwm,Wingle 5 Luxury 2.4 4x2 CS,21990.0
2025,20250317054756,Gwm,Poer 2.0 T Tool Elite 4x2 M/T,28990.0
2025,20250317054756,Gwm,Poer 2.0 T Tool Elite 4x4 M/T,30990.0
2025,20250317054756,Gwm,Poer 2.0 TDI Tool Elite 4x2 M/T CS,40990.0
2025,20250317054756,Gwm,Poer 2.0 TDI Tool Elite 4x2 M/T,40990.0
2025,20250317054756,Gwm,Poer 2.0 T Tool Elite 4x2 M/T,39990.0
2025,20250317054756,Gwm,Poer 2.0 T Tool Elite 4x4 M/T,41990.0
2025,20250317054756,Gwm,Poer 2.0 T Family Elite 4x4 A/T,38990.0
2025,20250317054756,Gwm,Poer 2.0 T Family Deluxe 4x4 A/T,39990.0
2025,20250317054756,Gwm,Poer 2.0 TDI Family Luxury 4x4 A/T,51990.0
2025,20250317054756,Gwm,Poer 2.0 TDI Family Elite 4x4 A/T,52990.0
2025,20250317054756,Gwm,Poer 2.0 TDI Family Deluxe 4x4 A/T,53990.0
2025,20250317054756,Gwm,Jolion Elite 1.5 GDIT M/T,27990.0
2025,20250317054756,Gwm,Jolion Deluxe 1.5 GDIT 7DCT,29990.0
2025,20250317054756,Gwm,Jolion Pro HEV Elite 1.5 GDI DHT,33990.0
2025,20250317054756,Gwm,Jolion Pro HEV Deluxe 1.5 GDI DHT,36490.0
2025,20250317054756,Gwm,H6 HEV Elite 1.5 GDIT DHT,39990.0
2025,20250317054756,Gwm,H6 HEV Deluxe 1.5 GDIT DHT,42990.0
2025,20250317054756,Honda,Civic Sedán e:HEV 2.0 E-CVT,55900.0
2025,20250317054756,Honda,Civic Type R 2.0 T M/T,89900.0
2025,20250317054756,Honda,WR-V LX 1.5 M/T,21900.0
2025,20250317054756,Honda,WR-V LX 1.5 CVT,23900.0
2025,20250317054756,Honda,WR-V EX 1.5 CVT,27900.0
2025,20250317054756,Honda,HR-V EX-L 1.5 CVT,39900.0
2025,20250317054756,Honda,ZR-V Touring 2.0 i-VTEC 2WD CVT,54900.0
2025,20250317054756,Honda,CR-V e:HEV 2.0 E-CVT AWD,68900.0
2025,20250317054756,Honda,Pilot Elite 3.5 V6 AWD A/T,122500.0
2025,20250317054756,Hyundai,HB20 1.0 Comfort M/T,16990.0
2025,20250317054756,Hyundai,HB20 1.0 Premium M/T,19990.0
2025,20250317054756,Hyundai,HB20 1.6 Premium M/T,22900.0
2025,20250317054756,Hyundai,HB20 1.6 Premium A/T,24990.0
2025,20250317054756,Hyundai,HB20 1.6 Unique M/T,25990.0
2025,20250317054756,Hyundai,HB20 1.6 Unique A/T,27990.0
2025,20250317054756,Hyundai,HB20S 1.0 Comfort M/T,18990.0
2025,20250317054756,Hyundai,HB20S 1.0 Premium M/T,20990.0
2025,20250317054756,Hyundai,HB20S 1.6 Premium M/T,23990.0
2025,20250317054756,Hyundai,HB20S 1.6 Premium A/T,25990.0
2025,20250317054756,Hyundai,HB20S 1.6 Unique M/T,26990.0
2025,20250317054756,Hyundai,HB20S 1.6 Unique A/T,28990.0
2025,20250317054756,Hyundai,Creta Safe 1.0 T-GDi M/T,29990.0
2025,20250317054756,Hyundai,Creta Safe 1.0 T-GDi A/T,32990.0
2025,20250317054756,Hyundai,Creta Limited 1.0 T-GDi A/T,36990.0
2025,20250317054756,Hyundai,Kona Hybrid Safe 1.6 GDi DCT,41990.0
2025,20250317054756,Hyundai,1.6 GDi DCT,46990.0
2025,20250317054756,Hyundai,"Kona Electric Limited Standard Range (48,4 kWh)",44990.0
2025,20250317054756,Hyundai,Hybrid Limited 1.6 T-GDi 2WD A/T,59990.0
2025,20250317054756,Hyundai,Santa Fe Hybrid Limited 1.6 T-GDi A/T 2WD,69990.0
2025,20250317054756,Hyundai,Santa Fe Hybrid Calligraphy 1.6 T-GDi A/T AWD,78990.0
2025,20250317054756,Hyundai,"Ioniq 5 Safe Long Range RWD (84,0 kWh)",55990.0
2025,20250317054756,Hyundai,"Ioniq 5 Limited Long Range RWD (84,0 kWh)",65990.0
2025,20250317054756,Hyundai,Staria Furgón 3.5 V6 A/T,36900.0
2025,20250317054756,Hyundai,Staria Furgón 2.2 CRDi M/T,37900.0
2025,20250317054756,Hyundai,H-1 Staria Minibus 9 pasajeros 2.2 CRDi M/T,42900.0
2025,20250317054756,Hyundai,H-1 Staria Minibus 9 pasajeros 2.2 CRDi A/T,44900.0
2025,20250317054756,Hyundai,Staria Minibus 9 pasajeros 3.5 V6 A/T,57900.0
2025,20250317054756,Hyundai,H-1 Staria Premium 7 pasajeros 2.2 CRDi A/T 2WD,64990.0
2025,20250317054756,Hyundai,H-1 Staria Premium 7 pasajeros 2.2 CRDi A/T 4WD,66900.0
2025,20250317054756,Hyundai,H-1 Staria Premium 7 pasajeros 3.5 V6 A/T 4WD,89990.0
2025,20250317054756,Hyundai,H350 150 2.5 CRDi eVGT LWB,47900.0
2025,20250317054756,Hyundai,H350 150 Solati 2.5 CRDi eVGT LWB,49900.0
2025,20250317054756,Hyundai,H350 Minibus (sin asientos) 150 2.5 CRDi eVGT LWB,55500.0
2025,20250317054756,Hyundai,H350 Minibus 15 pasajeros 150 2.5 CRDi eVGT LWB,59900.0
2025,20250317054756,Hyundai,H350 Minibus 17+1 pasajeros 150 2.5 CRDi eVGT LWB,61900.0
2025,20250317054756,Hyundai,H350 Minibus 25 pasajeros (Escolares) 150 2.5 CRDi eVGT LWB,64500.0
2025,20250317054756,Iveco,Daily 55-130 Furgón 3.0,37600.0
2025,20250317054756,Iveco,Daily 30-130 Minibus Fretamento 3.0 (20+1),49990.0
2025,20250317054756,Iveco,Daily 30-130 Minibus Turismo 3.0 (18+1),50890.0
2025,20250317054756,Jac,"e-S1 ( 30,2 kWh )",17990.0
2025,20250317054756,Jac,E-S3 Ytterby (41 kWh),23990.0
2025,20250317054756,Jac,"e-J7 (50,1 kWh)",32990.0
2025,20250317054756,Jac,e-S4 (55 kWh),29990.0
2025,20250317054756,Jac,JS8 Pro Flagship 1.5 T DCT,35990.0
2025,20250317054756,Jac,JS8 Pro Flagship Plus 1.5 T DCT,39990.0
2025,20250317054756,Jac,T6 2.0 Comfort,22990.0
2025,20250317054756,Jac,T6 2.0 Luxury,23990.0
2025,20250317054756,Jac,T8 Pro Comfort 2.4 CTI 4x4 M/T,41990.0
2025,20250317054756,Jac,T8 Pro Luxury 2.4 CTI 4x4 M/T,45990.0
2025,20250317054756,Jac,T8 Pro Luxury 2.0 CTI 4x4 A/T,49990.0
2025,20250317054756,Jac,Sunray Furgón 7.5 2.8,29990.0
2025,20250317054756,Jac,Sunray Furgón 2.8,39990.0
2025,20250317054756,Jac,Sunray Cabina Triple 2.8,39990.0
2025,20250317054756,Jac,Sunray Minibus 2.8,38990.0
2025,20250317054756,Jac,"Sunray EV (92,16 kWh)",59990.0
2025,20250317054756,Jeep,Renegade Longitude 1.3 T270 AT6 FWD,36990.0
2025,20250317054756,Jeep,Renegade Longitude Full 1.3 T270 AT6 FWD,41490.0
2025,20250317054756,Jeep,Compass Sport 1.3 T270 AT6 FWD,39990.0
2025,20250317054756,Jeep,Compass Longitude 1.3 T270 AT6 FWD,46490.0
2025,20250317054756,Jeep,Compass Limited 1.3 T270 AT6 FWD,48990.0
2025,20250317054756,Jeep,Compass Limited Full 1.3 T270 AT6 FWD,51490.0
2025,20250317054756,Jeep,Commander Limited 1.3 T270 AT6 FWD,56990.0
2025,20250317054756,Jeep,Commander Overland 1.3 T270 AT6 FWD,60990.0
2025,20250317054756,Jeep,Grand Cherokee Limited 3.6 V6 AT8 4WD,136000.0
2025,20250317054756,Jeep,L Limited 3.6 V6 AT8 4WD,139900.0
2025,20250317054756,Jeep,L Summit Reserve 3.6 V6 AT8 4WD,169900.0
2025,20250317054756,Jeep,Gladiator Rubicon 3.6 V6 AT8 4WD,119900.0
2025,20250317054756,Jetour,Dashing Young 1.5 TCI DCT,35990.0
2025,20250317054756,Jetour,Dashing Travel 1.6 TGDI DCT,39990.0
2025,20250317054756,Jetour,X70 Luxury 1.5T M/T,29990.0
2025,20250317054756,Jetour,X70 Luxury 1.5T DCT,32990.0
2025,20250317054756,Jetour,X70 Plus Luxury 1.5T DCT,36990.0
2025,20250317054756,Jetour,X90 Plus 1.6T 350T GDI DCT,45990.0
2025,20250317054756,Jetour,T2 Traveller 2.0T 390T GDI 7DCT XWD,52990.0
2025,20250317054756,Jmc,"JMEV EV3 (31,9 kWh)",17990.0
2025,20250317054756,Jmc,JMEV GSE Family (60 kWh),29990.0
2025,20250317054756,Jmc,JMEV GSE Luxury (60 kWh),34418.0
2025,20250317054756,Jmc,N520 2.8 TDi Touring Cargo Box SWB JX493ZLQ4,24998.0
2025,20250317054756,Jmc,N520 2.8 TDi Touring Cargo Box LWB JX493ZLQ4,30488.0
2025,20250317054756,Jmc,Vigus Work 1.8 GTDi 4x2 M/T,22990.0
2025,20250317054756,Jmc,"Vigus EV (60,16 kWh)",63428.0
2025,20250317054756,Kaiyi,"X3 Pro EV Full (53,6 kWh)",36990.0
2025,20250317054756,Kaiyi,"X3 Pro EV Deluxe (53,6 kWh)",38990.0
2025,20250317054756,Kaiyi,"X3 Pro EV Limited (53,6 kWh)",40990.0
2025,20250317054756,Karry,Q22L Cargo 1.2,12890.0
2025,20250317054756,Karry,KQ52 Cabina Doble 1.6,17490.0
2025,20250317054756,Kia,K3 Sedán EX 1.4 A/T,28490.0
2025,20250317054756,Kia,K3 Sedán GT-Line 1.4 A/T,31990.0
2025,20250317054756,Kia,K3 Cross EX 1.4 A/T,29490.0
2025,20250317054756,Kia,K3 Cross GT-Line 1.4 A/T,32990.0
2025,20250317054756,Kia,Carens EX Plus 1.5 A/T,38990.0
2025,20250317054756,Kia,Niro Hybrid LX Plus 1.6 GDi DCT,43990.0
2025,20250317054756,Kia,Niro Hybrid EX Plus 1.6 GDi DCT,46990.0
2025,20250317054756,Kia,Sportage X-Line 1.6 T-GDi 2WD DCT,56990.0
2025,20250317054756,Kia,Sportage X-Line Plus 1.6 T-GDi 2WD DCT,65990.0
2025,20250317054756,Kia,Carnival EX Plus 3.5 V6 A/T,114990.0
2025,20250317054756,Land Rover,Range Rover Velar R-Dynamic HSE P400e PHEV AWD 2.0 Si4 A/T,186900.0
2025,20250317054756,Land Rover,Range Rover Sport Dynamic HSE PHEV AWD 3.0 P400 A/T,285900.0
2025,20250317054756,Land Rover,Range Rover HSE AWD 3.0 MHEV P400 A/T,328900.0
2025,20250317054756,Land Rover,Defender 110 SE P400e PHEV AWD 2.0 Si4 A/T,162900.0
2025,20250317054756,Land Rover,Defender 110 HSE P400e PHEV AWD 2.0 Si4 A/T,168900.0
2025,20250317054756,Leapmotor,"T03 Luxury (41,3 kWh)",19990.0
2025,20250317054756,Leapmotor,"C11 500 Smart (69,2 kWh)",43990.0
2025,20250317054756,Lynk & Co,06 Core Plus 1.5TD 7DCT,34990.0
2025,20250317054756,Lynk & Co,06 Hyper Pro 1.5TD 7DCT,37990.0
2025,20250317054756,Lynk & Co,06 Hyper Halo 1.5TD 7DCT,39990.0
2025,20250317054756,Lynk & Co,PHEV Louder 1.5TD 7DCT-H,49990.0
2025,20250317054756,Lynk & Co,03+ 2.0TD T5 AT8,69990.0
2025,20250317054756,Lynk & Co,MHEV Halo 2.0TD T5 BSG AT8 AWD,76990.0
2025,20250317054756,Lynk & Co,MC20 Cielo 3.0 V6 A/T,709990.0
2025,20250317054756,Lynk & Co,Grecale Folgore (105 kWh),169990.0
2025,20250317054756,Lynk & Co,Grecale GT S Q4 2.0 MHEV A/T,174990.0
2025,20250317054756,Lynk & Co,Grecale Trofeo Q4 3.0 V6 A/T,295000.0
2025,20250317054756,Maxus,Euniq 6 (70 kWh),55990.0
2025,20250317054756,Maxus,D90 2.0 Bi-TDi Elite 4x4 AT8,66990.0
2025,20250317054756,Maxus,D90 2.0 Bi-TDi Luxury 4x4 AT8,71990.0
2025,20250317054756,Maxus,D90 2.0 Bi-TDi Flagship 4x4 AT8,77990.0
2025,20250317054756,Maxus,T60 2.4 Comfort 4x2 M/T,26990.0
2025,20250317054756,Maxus,T60 2.8 TDi Comfort 4x2 M/T,43990.0
2025,20250317054756,Maxus,T60 2.8 TDi Elite 4x4 M/T,46990.0
2025,20250317054756,Maxus,T60 2.8 TDi Luxury 4x4 A/T,53100.0
2025,20250317054756,Maxus,T90 2.0 Bi-TDi Luxury 4x4 A/T,55567.0
2025,20250317054756,Maxus,"T90 EV (88,5 kWh)",73188.0
2025,20250317054756,Maxus,eDeliver 3 SWB (chasis corto) (53 kWh),45150.0
2025,20250317054756,Maxus,eDeliver 3 Chassis (chasis cabina) (53 kWh),47600.0
2025,20250317054756,Maxus,eDeliver 3 LWB (chasis largo) (53 kWh),48800.0
2025,20250317054756,Maxus,Deliver 9 L3H3 2.0 VGT,50008.0
2025,20250317054756,Maxus,"eDeliver 9 SWB L2H2 (51,5 kWh)",68350.0
2025,20250317054756,Maxus,"eDeliver 9 LWB L3H2 (88,5 kWh)",79300.0
2025,20250317054756,Mazda,MX-5 Soft Top 2.0 SKYACTIV-G M/T,69900.0
2025,20250317054756,Mazda,MX-5 Soft Top 2.0 SKYACTIV-G A/T,71900.0
2025,20250317054756,Mazda,MX-5 RF 2.0 SKYACTIV-G A/T,78900.0
2025,20250317054756,Mazda,CX-30 2.0 SKYACTIV-G 2WD Carbon Edition Core Plus A/T,40990.0
2025,20250317054756,Mazda,CX-30 2.0 SKYACTIV-G 2WD Carbon Edition High Plus A/T,45990.0
2025,20250317054756,Mazda,CX-30 2.5 SKYACTIV-G AWD Carbon Edition High Plus A/T,50990.0
2025,20250317054756,Mazda,CX-5 2.0 SKYACTIV-G 2WD Carbon Edition Core Plus A/T,56990.0
2025,20250317054756,Mazda,CX-5 2.0 SKYACTIV-G 2WD Carbon Edition High Plus A/T,60990.0
2025,20250317054756,Mazda,CX-5 2.5 SKYACTIV-G AWD Carbon Edition High Plus A/T,66990.0
2025,20250317054756,Mazda,BT-50 Cabina Extendida 1.9 High 4x4 M/T,62900.0
2025,20250317054756,Mazda,BT-50 Cabina Doble 3.0 High Plus 4x4 A/T,74500.0
2025,20250317054756,Mercedes-Benz,A 200 Progressive 7G-DCT,72990.0
2025,20250317054756,Mercedes-Benz,A 35 4MATIC AMG SPEEDSHIFT DCT 8G,94990.0
2025,20250317054756,Mercedes-Benz,A 45 S 4MATIC+ AMG SPEEDSHIFT DCT 8G,162990.0
2025,20250317054756,Mercedes-Benz,CLA 35 4MATIC Coupé AMG SPEEDSHIFT DCT 8G,107990.0
2025,20250317054756,Mercedes-Benz,C 200 Avantgarde EQ Boost 9G-TRONIC PLUS,69990.0
2025,20250317054756,Mercedes-Benz,C 300 AMG Line EQ Boost 9G-TRONIC PLUS,99990.0
2025,20250317054756,Mercedes-Benz,C 350e AMG Line 9G-TRONIC PLUS,117990.0
2025,20250317054756,Mercedes-Benz,C 43 4MATIC AMG SPEEDSHIFT MCT 9G,134990.0
2025,20250317054756,Mercedes-Benz,C 63 S E Performance AMG SPEEDSHIFT MCT 9G,214990.0
2025,20250317054756,Mercedes-Benz,CLE 200 4MATIC Coupé Avantgarde EQ Boost 9G-TRONIC PLUS,86990.0
2025,20250317054756,Mercedes-Benz,CLE 300 4MATIC Coupé Avantgarde EQ Boost 9G-TRONIC PLUS,99990.0
2025,20250317054756,Mercedes-Benz,CLE 300 4MATIC Coupé AMG Line EQ Boost 9G-TRONIC PLUS,129990.0
2025,20250317054756,Mercedes-Benz,CLE 53 4MATIC+ Coupé AMG SPEEDSHIFT TCT 9G,199990.0
2025,20250317054756,Mercedes-Benz,CLE 200 4MATIC Cabrio Avantgarde EQ Boost 9G-TRONIC PLUS,99990.0
2025,20250317054756,Mercedes-Benz,CLE 300 4MATIC Cabrio Avantgarde EQ Boost 9G-TRONIC PLUS,112990.0
2025,20250317054756,Mercedes-Benz,CLE 300 4MATIC Cabrio AMG Line EQ Boost 9G-TRONIC PLUS,136990.0
2025,20250317054756,Mercedes-Benz,CLE 53 4MATIC+ Cabrio AMG SPEEDSHIFT TCT 9G,214990.0
2025,20250317054756,Mercedes-Benz,E 300 Avantgarde EQ Boost 9G-TRONIC,107990.0
2025,20250317054756,Mercedes-Benz,E 350e Avantgarde 9G-TRONIC,122990.0
2025,20250317054756,Mercedes-Benz,E 450 4MATIC AMG Line EQ Boost 9G-TRONIC,184990.0
2025,20250317054756,Mercedes-Benz,SL 55 4MATIC+ AMG SPEEDSHIFT MCT 9G,379990.0
2025,20250317054756,Mercedes-Benz,"EQE 350+ Electric Art (90,6 kWh)",129990.0
2025,20250317054756,Mercedes-Benz,"EQS 450+ Electric Art (108,4 kWh)",189990.0
2025,20250317054756,Mercedes-Benz,Progressive 8G-DCT,79990.0
2025,20250317054756,Mercedes-Benz,GLA 35 4MATIC AMG SPEEDSHIFT DCT 8G,107990.0
2025,20250317054756,Mercedes-Benz,Progressive 8G-DCT,69990.0
2025,20250317054756,Mercedes-Benz,GLB 250 4MATIC Progressive Plus 8G-DCT,79990.0
2025,20250317054756,Mercedes-Benz,GLC 200 4MATIC Avantgarde EQ Boost 9G-TRONIC PLUS,89990.0
2025,20250317054756,Mercedes-Benz,GLC 300 4MATIC Avantgarde EQ Boost 9G-TRONIC PLUS,107990.0
2025,20250317054756,Mercedes-Benz,GLC 350e 4MATIC Avantgarde 9G-TRONIC PLUS,127990.0
2025,20250317054756,Mercedes-Benz,GLC 43 4MATIC AMG SPEEDSHIFT MCT 9G,157990.0
2025,20250317054756,Mercedes-Benz,GLC 63 S E Performance AMG SPEEDSHIFT MCT 9G,229990.0
2025,20250317054756,Mercedes-Benz,GLC Coupé 200 4MATIC Avantgarde EQ Boost 9G-TRONIC PLUS,99500.0
2025,20250317054756,Mercedes-Benz,GLC Coupé 300 4MATIC Avantgarde EQ Boost 9G-TRONIC PLUS,122990.0
2025,20250317054756,Mercedes-Benz,GLC Coupé 350e 4MATIC Avantgarde 9G-TRONIC PLUS,137990.0
2025,20250317054756,Mercedes-Benz,Coupé 4MATIC AMG SPEEDSHIFT MCT 9G,162990.0
2025,20250317054756,Mercedes-Benz,Coupé AMG SPEEDSHIFT MCT 9G,239990.0
2025,20250317054756,Mercedes-Benz,GLE 300 d 4MATIC 9G-TRONIC,134990.0
2025,20250317054756,Mercedes-Benz,GLE 450 4MATIC 9G-TRONIC,174990.0
2025,20250317054756,Mercedes-Benz,GLE 450 Plus 4MATIC 9G-TRONIC,204990.0
2025,20250317054756,Mercedes-Benz,GLE 300 d 4MATIC Coupé 9G-TRONIC,149990.0
2025,20250317054756,Mercedes-Benz,GLE 450 4MATIC AMG Line Coupé 9G-TRONIC,179990.0
2025,20250317054756,Mercedes-Benz,GLS 450 4MATIC 9G-TRONIC,249990.0
2025,20250317054756,Mercedes-Benz,"EQA 350 4MATIC (66,5 kWh)",84990.0
2025,20250317054756,Mercedes-Benz,"350 4MATIC (66,5 kWh)",89990.0
2025,20250317054756,Mercedes-Benz,"EQE SUV 350+ Electric Art (90,6 kWh)",169990.0
2025,20250317054756,Mercedes-Benz,G 580 AMG Line (116 kWh),295000.0
2025,20250317054756,Mercedes-Benz,Sprinter 311 2.1 CDI Furgón Compacto,43066.0
2025,20250317054756,Mercedes-Benz,Sprinter 415 2.1 CDI Furgón Estándar,51240.0
2025,20250317054756,Mercedes-Benz,Sprinter 415 2.1 CDI Furgón Largo,54046.0
2025,20250317054756,Mercedes-Benz,Sprinter 515 2.1 CDI Furgón Extra Largo Techo Elevado,59659.0
2025,20250317054756,Mercedes-Benz,Sprinter 415 Minibus 15+1 2.1 CDI Techo Elevado,61366.0
2025,20250317054756,Mg,MG4 Standard 2WD (51 kWh),32900.0
2025,20250317054756,Mg,MG4 Deluxe 2WD (64 kWh),39990.0
2025,20250317054756,Mg,MG4 Deluxe AWD (64 kWh),42990.0
2025,20250317054756,Mg,ZS Standard 1.5 A/T 2WD,22900.0
2025,20250317054756,Mg,"ZS EV Comfort 2WD (50,3 kWh)",31990.0
2025,20250317054756,Mg,"ZS EV Deluxe 2WD (50,3 kWh)",34990.0
2025,20250317054756,Mg,E-HS Deluxe 1.5 TGI EDU II AT10 2WD,45990.0
2025,20250317054756,Mg,Marvel R Deluxe 2WD (70 kWh),48990.0
2025,20250317054756,Mini,"(40,7 kWh)",43990.0
2025,20250317054756,Mini,"(54,2 kWh)",50990.0
2025,20250317054756,Mini,Cooper C Classic 1.5 T DKG Steptronic,57990.0
2025,20250317054756,Mini,Cooper C Favoured 1.5 T DKG Steptronic,61990.0
2025,20250317054756,Mini,Cooper C John Cooper Works 1.5 T DKG Steptronic,69990.0
2025,20250317054756,Mini,John Cooper Works 2.0 T DKG Steptronic,79990.0
2025,20250317054756,Mini,Cooper Cabrio C Classic 2.0 T DKG Steptronic,67990.0
2025,20250317054756,Mini,Cooper Cabrio S Favoured 2.0 T DKG Steptronic,73990.0
2025,20250317054756,Mini,Cooper Cabrio C Classic 2.0 T DKG Steptronic,73990.0
2025,20250317054756,Mini,Cooper Cabrio S John Cooper Works Trim 2.0 T DKG Steptronic,80990.0
2025,20250317054756,Mini,John Cooper Works Cabrio 2.0 T DKG Steptronic,91990.0
2025,20250317054756,Mini,"Aceman E Classic (40,7 kWh)",44990.0
2025,20250317054756,Mini,"Aceman SE Favoured (54,2 kWh)",51990.0
2025,20250317054756,Mini,Countryman C Classic 1.5 T DKG Steptronic,59990.0
2025,20250317054756,Mini,Countryman C Classic Plus 1.5 T DKG Steptronic,63990.0
2025,20250317054756,Mini,Countryman C Favoured 1.5 T DKG Steptronic,69990.0
2025,20250317054756,Mini,"Countryman E Classic Plus (64,6 kWh)",61990.0
2025,20250317054756,Mini,"Countryman E Favoured (64,6 kWh)",67990.0
2025,20250317054756,Mini,"Countryman SE ALL4 Favoured (64,6 kWh)",75990.0
2025,20250317054756,Mitsubishi,Eclipse Cross 1.5 DIT 2WD GLS CVT,43990.0
2025,20250317054756,Mitsubishi,Eclipse Cross 1.5 DIT 4WD GLS CVT,51990.0
2025,20250317054756,Mitsubishi,Outlander 2.5 GDI 2WD GLS CVT,59990.0
2025,20250317054756,Mitsubishi,Outlander 2.5 GDI 4WD GLS CVT,63990.0
2025,20250317054756,Mitsubishi,Outlander 2.5 GDI 4WD GLS Plus CVT,69990.0
2025,20250317054756,Mitsubishi,L200 GLX 2.4 MPI M/T 2WD,37808.0
2025,20250317054756,Mitsubishi,L200 GLX 2.4 DI-D M/T 2WD,54888.0
2025,20250317054756,Mitsubishi,L200 GLS 2.4 DI-D High Power A/T 4WD,71968.0
2025,20250317054756,Mitsubishi,"330 (31,4 kWh)",19990.0
2025,20250317054756,Mitsubishi,"430 (42,3 kWh)",22990.0
2025,20250317054756,Nissan,Versa 1.6 Sense M/T,25990.0
2025,20250317054756,Nissan,Versa 1.6 Advance M/T,27990.0
2025,20250317054756,Nissan,Versa 1.6 Advance CVT,28490.0
2025,20250317054756,Nissan,Versa 1.6 SR CVT,29490.0
2025,20250317054756,Nissan,Versa 1.6 Exclusive CVT,30490.0
2025,20250317054756,Nissan,Sentra 2.0 Advance CVT,35490.0
2025,20250317054756,Nissan,Sentra 2.0 Exclusive CVT,36990.0
2025,20250317054756,Nissan,Sentra 2.0 SR CVT,37990.0
2025,20250317054756,Nissan,Kicks Play Sense 1.6 M/T,26990.0
2025,20250317054756,Nissan,Play Advance 1.6 M/T,29490.0
2025,20250317054756,Nissan,Play Advance 1.6 CVT,30490.0
2025,20250317054756,Nissan,Play Exclusive 1.6 CVT,32490.0
2025,20250317054756,Nissan,Qashqai 1.3 T Exclusive AWD CVT,57990.0
2025,20250317054756,Nissan,X-Trail 1.5 e-Power e-4ORCE Advance,56990.0
2025,20250317054756,Nissan,Pathfinder Exclusive 3.5 V6 9AT 4WD,109990.0
2025,20250317054756,Nissan,Frontier C/S S 4x2 2.5 M/T,29990.0
2025,20250317054756,Nissan,Frontier C/D S 4x2 2.5 M/T,32990.0
2025,20250317054756,Nissan,Frontier C/D SE 4x2 2.5 M/T,34990.0
2025,20250317054756,Nissan,Frontier C/D XE 4x4 2.5 A/T,39990.0
2025,20250317054756,Nissan,Frontier C/S S 4x2 2.5 DDTTi M/T,41990.0
2025,20250317054756,Nissan,Frontier C/D S 4x2 2.5 DDTTi M/T,44990.0
2025,20250317054756,Nissan,Frontier C/D PRO-4X 4x4 2.5 A/T,46990.0
2025,20250317054756,Nissan,Frontier C/D SE 4x2 2.5 DDTTi M/T,46990.0
2025,20250317054756,Nissan,Frontier C/D XE 4x2 2.5 DDTTi High Power M/T,49990.0
2025,20250317054756,Nissan,Frontier C/D LE 4x2 2.5 DDTTi High Power M/T,50990.0
2025,20250317054756,Nissan,Frontier C/D S 4x4 2.5 DDTTi M/T,53990.0
2025,20250317054756,Nissan,Frontier C/D SE 4x4 2.5 DDTTi High Power M/T,55990.0
2025,20250317054756,Nissan,Frontier C/D XE 4x4 2.5 DDTTi High Power M/T,56990.0
2025,20250317054756,Nissan,Frontier C/D XE 4x4 2.5 DDTTi High Power A/T,58990.0
2025,20250317054756,Nissan,Frontier C/D SE 4x4 2.5 DDTTi High Power A/T,59990.0
2025,20250317054756,Nissan,Frontier C/D LE 4x4 2.5 DDTTi High Power M/T,63990.0
2025,20250317054756,Nissan,Frontier C/D PRO-4X 4x4 2.5 DDTTi High Power A/T,64990.0
2025,20250317054756,Nissan,Frontier C/D LE 4x4 2.5 DDTTi High Power A/T,66990.0
2025,20250317054756,Nissan,Omoda C5 1.5T MHEV 230T CVT,29990.0
2025,20250317054756,Nissan,"Jaecoo 6 EV Luxury 2WD (65,69 kWh)",42990.0
2025,20250317054756,Nissan,"Jaecoo 6 EV Flagship iWD (69,77 kWh)",46990.0
2025,20250317054756,Nissan,Jaecoo 7 PHEV 1.5T GDI DHT,54990.0
2025,20250317054756,Opel,e-Mokka GS Line (50 kWh),33990.0
2025,20250317054756,Opel,Combo Cargo 1.6 D 92 L2,33490.0
2025,20250317054756,Peugeot,208 Active 1.0 BVM5,18990.0
2025,20250317054756,Peugeot,208 Style 1.0 BVM5,21990.0
2025,20250317054756,Peugeot,208 Allure 1.6 VTi BVM5,24990.0
2025,20250317054756,Peugeot,208 Allure 1.0 Turbo 200 CVT,25990.0
2025,20250317054756,Peugeot,208 GT 1.0 Turbo 200 CVT,29490.0
2025,20250317054756,Peugeot,308 Hybrid 1.2 136 Allure e-DCS6,37990.0
2025,20250317054756,Peugeot,2008 Active 1.0 Turbo 200 CVT,29990.0
2025,20250317054756,Peugeot,2008 Allure 1.0 Turbo 200 CVT,32990.0
2025,20250317054756,Peugeot,2008 GT 1.0 Turbo 200 CVT,34990.0
2025,20250317054756,Peugeot,E-2008 GT (54 kWh),54000.0
2025,20250317054756,Peugeot,3008 1.6T 180 GT EAT6,59990.0
2025,20250317054756,Peugeot,Landtrek 2.2 BlueHDi Active 4x2 BVM6,46990.0
2025,20250317054756,Peugeot,Landtrek 2.2 BlueHDi Active 4x4 BVM6,51990.0
2025,20250317054756,Peugeot,Landtrek 2.2 BlueHDi Active 4x4 BVA6,53990.0
2025,20250317054756,Peugeot,Landtrek 2.2 BlueHDi Action 4x4 BVA6,58990.0
2025,20250317054756,Peugeot,Partner M69 Confort 1.6,15990.0
2025,20250317054756,Peugeot,Partner M69 Confort 1.6 HDi,22490.0
2025,20250317054756,Peugeot,1.2 PureTech 130 S&S EAT8,42000.0
2025,20250317054756,Peugeot,Partner 1.6 HDI 92 L2,33490.0
2025,20250317054756,Peugeot,e-Partner L1 (50 kWh),42990.0
2025,20250317054756,Peugeot,e-Expert L3H1 (75 kWh),53000.0
2025,20250317054756,Peugeot,Boxer L1H1 2.2 HDi,35990.0
2025,20250317054756,Peugeot,Boxer L1H1 2.2 HDi (c/reg.-lim. de velocidad+radio+Bluetooth+sensores est.),35890.0
2025,20250317054756,Peugeot,Boxer L2H2 2.2 HDi,37990.0
2025,20250317054756,Peugeot,Boxer L2H2 2.2 HDi (c/reg.-lim. de velocidad+radio+Bluetooth+sensores est.),37990.0
2025,20250317054756,Peugeot,Boxer L4H2 2.2 HDi,42990.0
2025,20250317054756,Peugeot,Boxer L4H2 2.2 HDi (c/reg.-lim. de velocidad+radio+Bluetooth+sensores est.),42990.0
2025,20250317054756,Ram,Rampage R/T 2.0 GME T4 AT9 4x4,58.0
2025,20250317054756,Ram,1500 Big Horn Black Edition 3.6 V6 eTorque A/T 4x4,92500.0
2025,20250317054756,Ram,1500 Laramie 3.0 Hurricane SST SO A/T 4x4,114900.0
2025,20250317054756,Ram,1500 RHO 3.0 Hurricane SST HO A/T 4x4,182900.0
2025,20250317054756,Ram,2500 Laramie 6.4 V8 Crew Cab A/T 4x4,92500.0
2025,20250317054756,Renault,Kwid Zen 1.0,14800.0
2025,20250317054756,Renault,Kwid Intens 1.0,15600.0
2025,20250317054756,Renault,Kwid Bitono 1.0,16000.0
2025,20250317054756,Renault,Kwid Outsider 1.0,16500.0
2025,20250317054756,Renault,Stepway Zen 1.0,20500.0
2025,20250317054756,Renault,Kardian Evolution 1.0 TCe 120 EDC,27000.0
2025,20250317054756,Renault,Kardian Techno 1.0 TCe 120 EDC,28500.0
2025,20250317054756,Renault,Kardian Première Edition 1.0 TCe 120 EDC,30500.0
2025,20250317054756,Renault,Duster Intens Plus 1.6 SCe M/T,26000.0
2025,20250317054756,Renault,Duster Intens Plus 1.6 SCe CVT,28000.0
2025,20250317054756,Renault,Duster Iconic Plus 1.6 SCe CVT,29490.0
2025,20250317054756,Renault,Duster Iconic Plus 1.3 TCe CVT,31500.0
2025,20250317054756,Renault,Oroch Cargo 1.6 SCe M/T 2WD,21000.0
2025,20250317054756,Renault,Oroch Zen 1.6 SCe M/T 2WD,23000.0
2025,20250317054756,Renault,Oroch Intens Outsider 1.6 SCe M/T 2WD,25000.0
2025,20250317054756,Renault,Oroch Intens 1.3 TCe CVT 2WD,26500.0
2025,20250317054756,Renault,Oroch Intens Outsider 1.3 TCe CVT 2WD,28000.0
2025,20250317054756,Renault,Oroch Intens Outsider 1.3 TCe M/T 4WD,30000.0
2025,20250317054756,Renault,Kangoo Express 1.6 SCe 114 Comfort,22500.0
2025,20250317054756,Riddara,RD6 Standard 410 RWD (63 kWh),39490.0
2025,20250317054756,Riddara,RD6 Luxury 550 RWD (86 kWh),50990.0
2025,20250317054756,Riddara,Horizon Pro 4WD (73 kWh),52990.0
2025,20250317054756,Riddara,Horizon Ultra 4WD (86 kWh),57990.0
2025,20250317054756,Seat,Ibiza 1.0 MPI Style M/T,22990.0
2025,20250317054756,Seat,Ibiza 1.6 MPI Style A/T,31950.0
2025,20250317054756,Seat,Ibiza 1.0 TSI FR A/T,28490.0
2025,20250317054756,Seat,León FR 1.4 TSI Tiptronic,54950.0
2025,20250317054756,Seat,Arona 1.0 TSI Style A/T,28990.0
2025,20250317054756,Seat,Arona 1.0 TSI Xperience A/T,31990.0
2025,20250317054756,Seat,Arona 1.0 TSI FR A/T,33990.0
2025,20250317054756,Seat,Ateca 1.4 TSI Style Tiptronic,39950.0
2025,20250317054756,Subaru,Crosstrek 2.0i-L e-Boxer CVT EyeSight (LB),50800.0
2025,20250317054756,Subaru,Crosstrek 2.0i-S e-Boxer CVT EyeSight (JI),53800.0
2025,20250317054756,Subaru,Crosstrek 2.0i-L CVT EyeSight (WI),56000.0
2025,20250317054756,Subaru,Crosstrek 2.0i-S CVT EyeSight (JI),58800.0
2025,20250317054756,Subaru,WRX Sedán 2.4i High EyeSight M/T AWD (HF),79800.0
2025,20250317054756,Subaru,Sedán 2.4i tS EyeSight CVT AWD (QF),84800.0
2025,20250317054756,Subaru,Sedán 2.4i Performance EyeSight M/T AWD (RW),92800.0
2025,20250317054756,Subaru,Outback 2.4R-Touring CVT AWD (US),92800.0
2025,20250317054756,Subaru,Forester 2.0i-L e-Boxer CVT AWD EyeSight (WR),57800.0
2025,20250317054756,Subaru,Forester 2.0i-S e-Boxer CVT AWD EyeSight (WR),62800.0
2025,20250317054756,Subaru,Forester 2.5i-S CVT AWD EyeSight (WW),72800.0
2025,20250317054756,Suzuki,Alto 1.0 GL M/T,14490.0
2025,20250317054756,Suzuki,Celerio 1.0 GL M/T,16490.0
2025,20250317054756,Suzuki,Celerio 1.0 GL AMT,17790.0
2025,20250317054756,Suzuki,Dzire 1.2 GL M/T,18690.0
2025,20250317054756,Suzuki,Dzire 1.2 GLX M/T,19990.0
2025,20250317054756,Suzuki,Swift Hybrid 1.2 GLX M/T,22990.0
2025,20250317054756,Suzuki,Swift Hybrid 1.2 GLX CVT,24990.0
2025,20250317054756,Suzuki,Swift Sport 1.4 Boosterjet M/T,30590.0
2025,20250317054756,Suzuki,Swift Sport 1.4 Boosterjet A/T,33590.0
2025,20250317054756,Suzuki,Fronx Hybrid 1.5 Dualjet SHVS GL M/T,24990.0
2025,20250317054756,Suzuki,Fronx Hybrid 1.5 Dualjet SHVS GL A/T,26990.0
2025,20250317054756,Suzuki,Fronx Hybrid 1.5 Dualjet SHVS GLX M/T,27990.0
2025,20250317054756,Suzuki,Fronx Hybrid 1.5 Dualjet SHVS GLX A/T,29990.0
2025,20250317054756,Suzuki,Jimny 3 Puertas 1.5 GL M/T,27990.0
2025,20250317054756,Suzuki,3 Puertas 1.5 GLX A/T,32990.0
2025,20250317054756,Suzuki,Jimny 5 Puertas 1.5 GL M/T,31990.0
2025,20250317054756,Suzuki,Puertas 1.5 GLX A/T,34990.0
2025,20250317054756,Suzuki,Grand Vitara Hybrid 1.5 Dualjet SHVS GL M/T,29990.0
2025,20250317054756,Suzuki,Grand Vitara Hybrid 1.5 Dualjet SHVS GL A/T,32990.0
2025,20250317054756,Suzuki,Grand Vitara Hybrid 1.5 Dualjet SHVS GLX A/T,36990.0
2025,20250317054756,Suzuki,Grand Vitara Hybrid 1.5 Dualjet SHVS GLX A/T ALLGRIP,39990.0
2025,20250317054756,Toyota,Yaris Hatch 1.5 XS M/T,22990.0
2025,20250317054756,Toyota,Yaris Hatch 1.5 XLS CVT,26990.0
2025,20250317054756,Toyota,Yaris Hatch 1.5 XLS TSS CVT,27490.0
2025,20250317054756,Toyota,Yaris Sedán 1.5 XS M/T,23990.0
2025,20250317054756,Toyota,Yaris Sedán 1.5 XLS CVT,27990.0
2025,20250317054756,Toyota,Yaris Sedán 1.5 XLS TSS CVT,28490.0
2025,20250317054756,Toyota,Corolla Hybrid XEi 1.8 e-CVT,35990.0
2025,20250317054756,Toyota,Corolla Hybrid SE-G 1.8 e-CVT,39990.0
2025,20250317054756,Toyota,Corolla XEi 2.0 CVT,40990.0
2025,20250317054756,Toyota,Corolla SE-G 2.0 CVT,44990.0
2025,20250317054756,Toyota,Corolla GR-Sport 2.0 CVT,45990.0
2025,20250317054756,Toyota,GR Corolla 1.6 Turbo GR-Four M/T,89990.0
2025,20250317054756,Toyota,Corolla Cross Hybrid XEi 1.8 e-CVT,40990.0
2025,20250317054756,Toyota,Corolla Cross Hybrid SE-G 1.8 e-CVT,44990.0
2025,20250317054756,Toyota,Corolla Cross SE-G 2.0 CVT,48990.0
2025,20250317054756,Toyota,RAV4 Hybrid S 2.5 220H e-CVT 2WD,54990.0
2025,20250317054756,Toyota,RAV4 Hybrid S Plus 2.5 220H e-CVT 2WD,58990.0
2025,20250317054756,Toyota,RAV4 Hybrid Limited Plus 2.5 220H e-CVT 2WD,67990.0
2025,20250317054756,Toyota,RAV4 Hybrid Limited Plus 2.5 220H e-CVT AWD,70990.0
2025,20250317054756,Toyota,Hilux 2.7 VVT-i DX 4x2,34990.0
2025,20250317054756,Toyota,Hilux 2.7 VVT-i SR 4x2,37990.0
2025,20250317054756,Toyota,Hilux 2.7 VVT-i DX 4x4,39990.0
2025,20250317054756,Toyota,Hilux 2.7 VVT-i SRV 4x2,41990.0
2025,20250317054756,Toyota,Hilux 2.7 VVT-i SRV 4x4,46990.0
2025,20250317054756,Toyota,Hilux Cabina Simple 2.4 D-4D DX 4x2,490.0
2025,20250317054756,Toyota,Hilux 2.4 D-4D DX 4x2,52490.0
2025,20250317054756,Toyota,Hilux Cabina Simple 2.4 D-4D DX 4x4,56990.0
2025,20250317054756,Toyota,Hilux 2.4 D-4D SR 4x2,57490.0
2025,20250317054756,Toyota,Hilux 2.4 D-4D DX 4x4,55490.0
2025,20250317054756,Toyota,Hilux 2.8 D-4D SRV 4x2,61490.0
2025,20250317054756,Toyota,Hilux 2.4 D-4D SR 4x4,62990.0
2025,20250317054756,Toyota,Hilux 2.4 D-4D SR 4x4 A/T,65990.0
2025,20250317054756,Toyota,Hilux 2.8 D-4D SRV 4x4 M/T,68490.0
2025,20250317054756,Toyota,Hilux 2.8 D-4D SRV 4x4 A/T,71490.0
2025,20250317054756,Toyota,Hilux 2.8 D-4D SRV Plus 4x4 A/T,76490.0
2025,20250317054756,Toyota,Hilux 2.8 D-4D SRV Plus TSS 4x4 A/T,79490.0
2025,20250317054756,Toyota,Hilux 2.8 D-4D Conquest 4x4 A/T TSS,81490.0
2025,20250317054756,Toyota,Hilux 2.8 D-4D SRX 4x4 A/T TSS,82990.0
2025,20250317054756,Toyota,Hilux 2.8 D-4D GR Sport 4x4 A/T TSS,85990.0
2025,20250317054756,Victory,GHT1025D 1.2 Pick-Up Cabina Simple (con a/a),10390.0
2025,20250317054756,Victory,GHT1025D 1.2 Pick-Up Cabina Simple (Box sin refrigeración),13490.0
2025,20250317054756,Victory,GHT1025D 1.2 Pick-Up Cabina Simple (Box refrigerado),16450.0
2025,20250317054756,Victory,GHT1025S 1.2 Pick-Up Cabina Doble (con a/a),12290.0
2025,20250317054756,Victory,SCH5020XXYD 1.2 Furgón (sin a/a),10990.0
2025,20250317054756,Victory,SCH5020XXYD 1.2 Furgón (con a/a),12790.0
2025,20250317054756,Victory,SCH6430 1.2 Mini Bus (11 pasajeros),16990.0
2025,20250317054756,Volkswagen,Polo Track 1.6 MSI,19990.0
2025,20250317054756,Volkswagen,Polo Comfortline 170 TSI 1.0 Automatic,24490.0
2025,20250317054756,Volkswagen,Polo Highline 170 TSI 1.0 Automatic,26990.0
2025,20250317054756,Volkswagen,GTS 250 TSI 1.4 Automatic,33990.0
2025,20250317054756,Volkswagen,Virtus Trendline 170 TSI 1.0 Automatic,25690.0
2025,20250317054756,Volkswagen,Virtus Comfortline 170 TSI 1.0 Automatic,27690.0
2025,20250317054756,Volkswagen,Virtus Highline 170 TSI 1.0 Automatic,31990.0
2025,20250317054756,Volkswagen,Virtus Exclusive 250 TSI 1.4 Automatic,35990.0
2025,20250317054756,Volkswagen,Vento Highline 250 TSI 1.4 A/T,47190.0
2025,20250317054756,Volkswagen,Vento GLI 350 TSI 2.0 DSG,54390.0
2025,20250317054756,Volkswagen,T-Cross Trendline 170 TSI 1.0 M/T,28190.0
2025,20250317054756,Volkswagen,T-Cross Trendline 200 TSI 1.0 A/T,30490.0
2025,20250317054756,Volkswagen,T-Cross Comfortline 200 TSI 1.0 A/T,33290.0
2025,20250317054756,Volkswagen,T-Cross Highline 200 TSI 1.0 A/T,36490.0
2025,20250317054756,Volkswagen,Taos Comfortline 250 TSI 1.4 Automatic,41590.0
2025,20250317054756,Volkswagen,Taos Highline 250 TSI 1.4 Automatic,45990.0
2025,20250317054756,Volkswagen,Tiguan Allspace Life 250 TSI 1.4 Automatic,50990.0
2025,20250317054756,Volkswagen,Tiguan Allspace Elegance 250 TSI 1.4 Automatic,56590.0
2025,20250317054756,Volkswagen,Tiguan Allspace R-Line 350 TSI 2.0 4MOTION,75290.0
2025,20250317054756,Volkswagen,Saveiro Cabina Simple 1.6,17590.0
2025,20250317054756,Volkswagen,1.6,19290.0
2025,20250317054756,Volkswagen,Saveiro Cabina Doble Extreme 1.6,21890.0
2025,20250317054756,Volkswagen,Saveiro Cabina Doble Extreme Plus 1.6,23490.0
2025,20250317054756,Volkswagen,Amarok 2.0 TDI Highline 4x2 M/T,57490.0
2025,20250317054756,Volkswagen,Amarok 2.0 TDI Highline 4x2 A/T,61690.0
2025,20250317054756,Volkswagen,Amarok 3.0 V6 TDI Highline 4x4 A/T,79990.0
2025,20250317054756,Volvo,EX30 Core Single Engine (E40) RWD (51 kWh),44900.0
2025,20250317054756,Volvo,EX30 Core Single Engine Extended Range (E60) RWD (69 kWh),49900.0
2025,20250317054756,Volvo,EX30 Plus Single Engine Extended Range (E60) RWD (69 kWh),56900.0
2025,20250317054756,Volvo,EX30 Ultra Single Engine Extended Range (E60) RWD (69 kWh),59900.0
2025,20250317054756,Volvo,XC40 Recharge P6 RWD (69 kWh),66900.0
2025,20250317054756,Volvo,XC40 Recharge P8 AWD (78 kWh),76900.0
2025,20250317054756,Volvo,C40 Recharge P6 RWD (69 kWh),69900.0
2025,20250317054756,Volvo,C40 Recharge Twin Ultimate AWD (78 kWh),79900.0
2025,20250317054756,Volvo,XC60 Recharge Plus T8 AWD 2.0 T A/T,94900.0
2025,20250317054756,Volvo,XC60 Recharge Ultimate T8 AWD 2.0 T A/T,104900.0
2025,20250317054756,Volvo,XC60 Recharge T8 Polestar Engineered AWD 2.0 T A/T,117900.0
2025,20250317054756,Volvo,XC90 Recharge Plus T8 AWD 2.0 T A/T,129900.0
2025,20250317054756,Volvo,XC90 Recharge Ultimate Bright T8 AWD 2.0 T A/T,139900.0
2025,20250317054756,Volvo,XC90 Recharge Ultimate Dark T8 AWD 2.0 T A/T,159900.0
2025,20250317054756,Zeekr,"X P remium RWD (69,05 kWh)",49990.0
2025,20250317054756,Zeekr,"X Flagship AWD (69,05 kWh)",55990.0
2025,20250317054756,Zeekr,001 Long Range RWD (100 kWh),74990.0
2025,20250317054756,Zeekr,001 Flagship AWD (100 kWh),84990.0
2026,20260227063951,Audi,A3 Sportback 35 TFSI 1.4 tiptronic,55600.0
2026,20260227063951,Audi,A3 Sportback Advanced 35 TFSI 1.4 tiptronic,60500.0
2026,20260227063951,Audi,A3 Sportback Advanced Plus 35 TFSI 1.4 tiptronic,65900.0
2026,20260227063951,Audi,A3 Sportback S line 35 TFSI 1.4 tiptronic,68000.0
2026,20260227063951,Audi,A3 Sportback S line Plus 35 TFSI 1.4 tiptronic,71000.0
2026,20260227063951,Audi,S3 Sportback 2.0 TFSI quattro S tronic,113600.0
2026,20260227063951,Audi,A3 Sedán 35 TFSI 1.4 tiptronic,58000.0
2026,20260227063951,Audi,A3 Sedán Advanced 35 TFSI 1.4 tiptronic,63000.0
2026,20260227063951,Audi,A3 Sedán S line 35 TFSI 1.4 tiptronic,69500.0
2026,20260227063951,Audi,S3 Sedán 2.0 TFSI quattro S tronic,114600.0
2026,20260227063951,Audi,RS 3 Sedán 2.5 TFSI quattro S tronic,161100.0
2026,20260227063951,Audi,S5 Sedán 3.0 TFSI quattro S tronic,164000.0
2026,20260227063951,Audi,A6 Design 3.0 TFSI MHEV S tronic quattro,141000.0
2026,20260227063951,Audi,A6 Sportback e-tron Performance (100 kWh),118000.0
2026,20260227063951,Audi,RS 6 Avant Performance 4.0 TFSI tiptronic quattro,298000.0
2026,20260227063951,Audi,S e-tron GT quattro (105 kWh),175000.0
2026,20260227063951,Audi,RS e-tron GT Performance quattro (105 kWh),224000.0
2026,20260227063951,Audi,Q2 Advanced 35 TFSI 1.4 A/T,51900.0
2026,20260227063951,Audi,Q2 Advanced Plus 35 TFSI 1.4 A/T,56900.0
2026,20260227063951,Audi,Q3 Advanced 1.4 TFSI S tronic,68000.0
2026,20260227063951,Audi,Q3 Advanced Plus 1.4 TFSI S tronic,76000.0
2026,20260227063951,Audi,Q3 Sportback S line 1.4 TFSI S tronic,84000.0
2026,20260227063951,Audi,Q5 2.0 TFSI S tronic,81700.0
2026,20260227063951,Audi,Q5 Advanced 2.0 TFSI quattro S tronic,93900.0
2026,20260227063951,Audi,Q5 S line 2.0 TFSI quattro S tronic,106400.0
2026,20260227063951,Audi,Q5 S line Plus 2.0 TFSI e-hybrid quattro S tronic,116000.0
2026,20260227063951,Audi,SQ5 3.0 TFSI quattro S tronic,172000.0
2026,20260227063951,Audi,Q5 Sportback S line 2.0 TFSI quattro S tronic,111000.0
2026,20260227063951,Audi,SQ5 Sportback 3.0 TFSI quattro S tronic,178000.0
2026,20260227063951,Audi,Q7 45 TFSI 2.0 MHEV tiptronic quattro,140900.0
2026,20260227063951,Audi,Q7 55 TFSI 3.0 MHEV tiptronic quattro,174800.0
2026,20260227063951,Audi,Q7 55 TFSI 3.0 MHEV S line tiptronic quattro,190900.0
2026,20260227063951,Audi,Q8 55 TFSI 3.0 MHEV S tronic quattro,212000.0
2026,20260227063951,Audi,RS Q8 Performance 4.0 TFSI tiptronic quattro,312000.0
2026,20260227063951,Audi,Q6 e-tron (83 kWh),86000.0
2026,20260227063951,Audi,Q6 e-tron performance (100 kWh),96000.0
2026,20260227063951,Audi,Q6 e-tron quattro S line (100 kWh),112000.0
2026,20260227063951,Audi,Q6 Sportback e-tron (83 kWh),89500.0
2026,20260227063951,Audi,Q6 Sportback e-tron performance (100 kWh),99500.0
2026,20260227063951,Audi,Q6 Sportback e-tron quattro S line (100 kWh),118000.0
2026,20260227063951,Audi,"Pony Cargo EV (13,7 kWh)",10990.0
2026,20260227063951,Bestune,B70S 1.5 30TD Commander 7DCT,31900.0
2026,20260227063951,Bestune,B70S 1.5 30TD Ares 7DCT,33400.0
2026,20260227063951,Bestune,NAT Van (55 kWh),25490.0
2026,20260227063951,Bestune,NAT Luxury (55 kWh),25990.0
2026,20260227063951,Bestune,"Joy 03 Exclusive Edition ( 48,35 kWh )",26900.0
2026,20260227063951,Bestune,"Joy 03 Premium Edition (61,47 kWh)",34900.0
2026,20260227063951,Bmw,118 Sport 1.5 T DKG Steptronic,59990.0
2026,20260227063951,Bmw,118 M Sport 1.5 T DKG Steptronic,62990.0
2026,20260227063951,Bmw,Gran Coupé Sport 1.5 T DKG Steptronic,65990.0
2026,20260227063951,Bmw,Gran Coupé M Sport 1.5 T DKG Steptronic,72990.0
2026,20260227063951,Bmw,M235 xDrive Gran Coupé M Sport 2.0 T DKG Steptronic,127990.0
2026,20260227063951,Bmw,220i Sport 2.0 T Steptronic Sport,85990.0
2026,20260227063951,Bmw,220i M Sport 2.0 T Steptronic Sport,94990.0
2026,20260227063951,Bmw,M240i xDrive 3.0 T Steptronic Sport,129990.0
2026,20260227063951,Bmw,M2 3.0 T M Steptronic Drivelogic,199990.0
2026,20260227063951,Bmw,330e 2.0 T Street Steptronic,73990.0
2026,20260227063951,Bmw,330e 2.0 T Sport Steptronic,85990.0
2026,20260227063951,Bmw,330e 2.0 T M Sport Steptronic,99990.0
2026,20260227063951,Bmw,xDrive 3.0 T Steptronic Sport,151990.0
2026,20260227063951,Bmw,M3 Competition 3.0 T M Steptronic Drivelogic,233990.0
2026,20260227063951,Bmw,Coupé 2.0 T M Sport Steptronic Sport,116990.0
2026,20260227063951,Bmw,Coupé xDrive 3.0 T Steptronic Sport,161990.0
2026,20260227063951,Bmw,Cabrio Sport 2.0 T Steptronic Sport,109990.0
2026,20260227063951,Bmw,Cabrio M Sport 2.0 T Steptronic Sport,130990.0
2026,20260227063951,Bmw,Cabrio xDrive 3.0 T Steptronic Sport,170990.0
2026,20260227063951,Bmw,"i4 Gran Coupé eDrive40 M Sport Pro (83,9 kWh)",119990.0
2026,20260227063951,Bmw,M4 Competition Coupé 3.0 T M Steptronic Drivelogic,246990.0
2026,20260227063951,Bmw,M4 Competition Cabrio 3.0 T M Steptronic Drivelogic,256990.0
2026,20260227063951,Bmw,530e 2.0 T M Sport Steptronic,1.0
2026,20260227063951,Bmw,M850i Coupé xDrive 4.4 Steptronic,309990.0
2026,20260227063951,Bmw,Z4 M40i 3.0 T Steptronic Sport,190990.0
2026,20260227063951,Bmw,X1 xDrive25e City 1.5 T DKG Steptronic,68990.0
2026,20260227063951,Bmw,X1 xDrive25e xLine 1.5 T DKG Steptronic,74990.0
2026,20260227063951,Bmw,X1 xDrive25e xLine Plus 1.5 T DKG Steptronic,79990.0
2026,20260227063951,Bmw,X1 sDrive18i xLine Plus 1.5 T DKG Steptronic,80990.0
2026,20260227063951,Bmw,X1 xDrive25e M Sport Pro 1.5 T DKG Steptronic,85990.0
2026,20260227063951,Bmw,X1 M35i xDrive 2.0 T DKG Steptronic,119990.0
2026,20260227063951,Bmw,"iX1 eDrive20 xLine (64,7 kWh)",68990.0
2026,20260227063951,Bmw,"iX1 eDrive20 xLine Plus (64,7 kWh)",76990.0
2026,20260227063951,Bmw,"iX1 eDrive20 M Sport (64,7 kWh)",79990.0
2026,20260227063951,Bmw,"iX1 xDrive30 xLine Plus (64,7 kWh)",84990.0
2026,20260227063951,Bmw,X2 M35i xDrive 2.0 T DKG Steptronic,131990.0
2026,20260227063951,Bmw,"iX2 xDrive30 City (64,8 kWh)",78990.0
2026,20260227063951,Bmw,"iX2 xDrive30 M Sport (64,8 kWh)",89990.0
2026,20260227063951,Bmw,"iX2 xDrive30 M Sport Pro (64,8 kWh)",99990.0
2026,20260227063951,Bmw,X3 20 2.0 T Urban Steptronic,79990.0
2026,20260227063951,Bmw,X3 20 2.0 T xLine Steptronic,83990.0
2026,20260227063951,Bmw,X3 20d xDrive 2.0 T Urban Steptronic,86990.0
2026,20260227063951,Bmw,X3 20d xDrive 2.0 T xLine Steptronic,89990.0
2026,20260227063951,Bmw,X3 20 2.0 T xLine Plus Steptronic,94990.0
2026,20260227063951,Bmw,X3 20 2.0 T M Sport Steptronic,100990.0
2026,20260227063951,Bmw,X3 20d xDrive 2.0 T xLine Plus Steptronic,102990.0
2026,20260227063951,Bmw,X3 20 2.0 T M Sport Pro Steptronic,104990.0
2026,20260227063951,Bmw,X3 30e xDrive 2.0 T xLine Steptronic,93990.0
2026,20260227063951,Bmw,X3 30e xDrive 2.0 T xLine Plus Steptronic,106990.0
2026,20260227063951,Bmw,X3 30e xDrive 2.0 T M Sport Steptronic,112990.0
2026,20260227063951,Bmw,X3 20d xDrive 2.0 T M Sport Pro Steptronic,112990.0
2026,20260227063951,Bmw,X3 30e xDrive 2.0 T M Sport Pro Steptronic,116990.0
2026,20260227063951,Bmw,X3 M50 xDrive 3.0 T M Sport Pro Steptronic,161990.0
2026,20260227063951,Bmw,X4 xDrive20i M Sport X 2.0 T Steptronic Sport,115990.0
2026,20260227063951,Bmw,X4 xDrive30i M Sport X 2.0 T Steptronic Sport,132990.0
2026,20260227063951,Bmw,X4 M40i xDrive 3.0 T Steptronic Sport,181990.0
2026,20260227063951,Bmw,X5 xDrive40i xLine Plus 3.0 Steptronic,172990.0
2026,20260227063951,Bmw,X5 xDrive40i M Sport 3.0 Steptronic,180990.0
2026,20260227063951,Bmw,X5 xDrive50e M Sport 3.0 T Steptronic,203990.0
2026,20260227063951,Bmw,4.4 T Steptronic,228990.0
2026,20260227063951,Bmw,X5 M Competition 4.4 T M xDrive M Steptronic Drivelogic,330990.0
2026,20260227063951,Bmw,X6 xDrive40i M Sport 3.0 Steptronic,192990.0
2026,20260227063951,Bmw,X6 M60i xDrive 4.4 T Steptronic,233990.0
2026,20260227063951,Bmw,X6 M Competition 4.4 T M xDrive M Steptronic Drivelogic,340990.0
2026,20260227063951,Bmw,X7 xDrive40i Urban 3.0 Steptronic,197990.0
2026,20260227063951,Bmw,X7 xDrive40i Excellence 3.0 Steptronic,212990.0
2026,20260227063951,Bmw,X7 xDrive40i M Sport 3.0 Steptronic,223990.0
2026,20260227063951,Bmw,X7 M60i xDrive 4.4 Steptronic,282990.0
2026,20260227063951,Bmw,"iX xDrive45 Luxury (94,3 kWh)",139990.0
2026,20260227063951,Bmw,iX xDrive60 M Sport Pro (108 kWh),169990.0
2026,20260227063951,Bmw,iX M70 xDrive (108 kWh),226990.0
2026,20260227063951,Byd,"Seagull EV300 GLi (30,08 kWh)",19990.0
2026,20260227063951,Byd,"Seagull EV380 GSi (38,00 kWh)",21990.0
2026,20260227063951,Byd,"Seagull Surf (43,2 kWh)",23990.0
2026,20260227063951,Byd,"New e2 GS (44,9 kWh)",25990.0
2026,20260227063951,Byd,"New e2 GSi Plus (44,9 kWh)",27990.0
2026,20260227063951,Byd,"Seal EV460 RWD (61,44 kWh)",50990.0
2026,20260227063951,Byd,"Seal EV520 AWD (82,56 kWh)",59990.0
2026,20260227063951,Byd,"Han EV700 GS FWD (85,4 kWh)",69990.0
2026,20260227063951,Byd,"Han EV600 GS AWD (85,4 kWh)",75990.0
2026,20260227063951,Byd,"D1 GS (53,5 kWh)",32990.0
2026,20260227063951,Byd,"Yuan Pro GS (45,12 kWh)",27990.0
2026,20260227063951,Byd,"Yuan Pro GSi Plus (45,12 kWh)",30990.0
2026,20260227063951,Byd,Song Pro DM-i 1.5 GL EHS,39990.0
2026,20260227063951,Byd,Song Pro DM-i 1.5 GS EHS,44990.0
2026,20260227063951,Byd,"Song Plus EV GS (71,8 kWh)",46990.0
2026,20260227063951,Byd,Song Plus DM-i 1.5T GS EHS,46990.0
2026,20260227063951,Byd,"Sealion 7 EV AWD (82,5 kWh)",55990.0
2026,20260227063951,Byd,Atto 8 DM-i 1.5T GL FWD (19 kWh),67990.0
2026,20260227063951,Byd,"Atto 8 DM-p 1.5T GS AWD (35,6 kWh)",73990.0
2026,20260227063951,Byd,"Tang EV530 GS AWD (108,8 kWh)",80990.0
2026,20260227063951,Byd,Shark 1.5 T DMO GL A/T 4WD,67490.0
2026,20260227063951,Byd,Shark 1.5 T DMO GS A/T 4WD,72990.0
2026,20260227063951,Changan,Eado Plus iDD 1.5 PHEV Luxury E-CVT,29990.0
2026,20260227063951,Changan,Eado Plus iDD 1.5 PHEV Elite E-CVT,32990.0
2026,20260227063951,Changan,CS55 Plus 1.5 300T Luxury DCT,29990.0
2026,20260227063951,Changan,CS55 Plus 1.5 300T Elite DCT,32990.0
2026,20260227063951,Changan,CS55 Plus iDD 1.5 PHEV Elite E-CVT,32990.0
2026,20260227063951,Changan,UNI-T 1.5 300T GDI Techno DCT,37990.0
2026,20260227063951,Changan,X7 Plus 1.5 260T GDI Luxury M/T,27990.0
2026,20260227063951,Changan,X7 Plus 1.5 300T GDI Luxury DCT,31990.0
2026,20260227063951,Changan,X7 Plus 1.5 300T GDI Elite DCT,34990.0
2026,20260227063951,Changan,Hunter REEV 2.0T Luxury 4x2 A/T,39028.0
2026,20260227063951,Changan,Hunter REEV 2.0T Elite 4x4 A/T,46348.0
2026,20260227063951,Chery,Tiggo 2 Pro Comfort 1.5 M/T,16990.0
2026,20260227063951,Chery,Tiggo 2 Pro Comfort 1.5 CVT,21990.0
2026,20260227063951,Chery,Tiggo 4 CSH Luxury 1.5 DHT,27990.0
2026,20260227063951,Chery,Tiggo 4 CSH Premium 1.5 DHT,30990.0
2026,20260227063951,Chery,Tiggo 7 CSH 1.5T DHT,35990.0
2026,20260227063951,Chery,M7 1.5T M/T,26990.0
2026,20260227063951,Chery,M7 1.5T DCT,29990.0
2026,20260227063951,Chery,"eQ7 (67,12 kWh)",35990.0
2026,20260227063951,Chery,Himla 2.3 4x2 M/T,31990.0
2026,20260227063951,Chery,Himla 2.3 4x4 M/T,35990.0
2026,20260227063951,Chery,Himla 2.3 4x4 A/T,39990.0
2026,20260227063951,Chevrolet,Onix LT 1.0,18990.0
2026,20260227063951,Chevrolet,Onix LTZ 1.0 Turbo M/T,22490.0
2026,20260227063951,Chevrolet,Onix Premier 1.0 Turbo A/T,24790.0
2026,20260227063951,Chevrolet,Onix RS 1.0 Turbo A/T,24990.0
2026,20260227063951,Chevrolet,Onix Plus LT 1.0,19990.0
2026,20260227063951,Chevrolet,Onix Plus LTZ 1.0 Turbo M/T,23490.0
2026,20260227063951,Chevrolet,Onix Plus Premier 1.0 Turbo A/T,25990.0
2026,20260227063951,Chevrolet,Groove LTZ 1.5 M/T,24990.0
2026,20260227063951,Chevrolet,Groove Premier 1.5 M/T,26990.0
2026,20260227063951,Chevrolet,Tracker LT 1.2 Turbo A/T,27990.0
2026,20260227063951,Chevrolet,Tracker LTZ 1.2 Turbo A/T,31990.0
2026,20260227063951,Chevrolet,Tracker Premier 1.2 Turbo A/T,33790.0
2026,20260227063951,Chevrolet,Tracker RS 1.2 Turbo A/T,33990.0
2026,20260227063951,Chevrolet,Captiva XL Premier 1.5 T FWD CVT,36990.0
2026,20260227063951,Chevrolet,Equinox 1.5 T RS FWD A/T,45990.0
2026,20260227063951,Chevrolet,Equinox 1.5 T Premier AWD A/T,48990.0
2026,20260227063951,Chevrolet,"Spark EUV Activ (41,9 kWh)",24990.0
2026,20260227063951,Chevrolet,Captiva EV Premier (60 kWh),33990.0
2026,20260227063951,Chevrolet,Captiva PHEV Premier 1.5 DHT,39990.0
2026,20260227063951,Chevrolet,Equinox EV eAWD (85 kWh),65990.0
2026,20260227063951,Chevrolet,Blazer EV RS (102 kWh),74990.0
2026,20260227063951,Chevrolet,Montana Premier 1.2 Turbo A/T,26990.0
2026,20260227063951,Chevrolet,Montana RS 1.2 Turbo A/T,27490.0
2026,20260227063951,Chevrolet,S10 WT 2.8 CTDI 4x2 M/T,47568.0
2026,20260227063951,Chevrolet,S10 WT 2.8 CTDI 4x4 M/T,51990.0
2026,20260227063951,Chevrolet,S10 WT 2.8 CTDI 4x4 AT8,55990.0
2026,20260227063951,Chevrolet,S10 Z71 2.8 CTDI 4x4 AT8,59990.0
2026,20260227063951,Chevrolet,S10 LTZ 2.8 CTDI 4x4 AT8,65990.0
2026,20260227063951,Chevrolet,S10 High Country 2.8 CTDI 4x4 AT8,67990.0
2026,20260227063951,Chevrolet,Silverado LT Trail Boss Z71 5.3 V8 4x4 A/T,73990.0
2026,20260227063951,Chevrolet,Silverado 1500 Crew Cab LTZ 3.0TD L6 Duramax 4x4 A/T,93990.0
2026,20260227063951,Chevrolet,N400 Max 1.5 M/T,18990.0
2026,20260227063951,Citroën,C3 1.0 M/T Live,15490.0
2026,20260227063951,Citroën,C3 1.0 M/T Live Pack,16490.0
2026,20260227063951,Citroën,C3 1.0 M/T Feel,17490.0
2026,20260227063951,Citroën,C3 1.6 16v Feel Pack AT6,20490.0
2026,20260227063951,Citroën,C3 You! 1.0 Turbo 200 CVT,22990.0
2026,20260227063951,Citroën,Basalt 1.0 M/T Live Pack,19990.0
2026,20260227063951,Citroën,Basalt 1.0 M/T Feel,20990.0
2026,20260227063951,Citroën,Basalt 1.6 M/T Feel,22990.0
2026,20260227063951,Citroën,Basalt 1.0 Turbo 200 CVT Shine,24990.0
2026,20260227063951,Citroën,C4 Cactus 1.6 VTi 115 Feel Pack BVM5,24990.0
2026,20260227063951,Citroën,C4 Cactus 1.6 VTi 115 Feel Pack EAT6,26990.0
2026,20260227063951,Citroën,C4 Cactus 1.6 THP 165 Shine EAT6,29490.0
2026,20260227063951,Citroën,C3 Aircross 1.6 M/T Feel,23490.0
2026,20260227063951,Citroën,C3 Aircross 7 1.6 M/T Feel Pack,24990.0
2026,20260227063951,Citroën,C3 Aircross 1.6 M/T Shine,25490.0
2026,20260227063951,Citroën,C3 Aircross 1.0 Turbo 200 CVT Shine,27490.0
2026,20260227063951,Citroën,C3 Aircross 7 1.0 Turbo 200 CVT Shine,28990.0
2026,20260227063951,Citroën,C4 1.2 PureTech 130 Shine EAT8,43990.0
2026,20260227063951,Citroën,C5 Aircross Feel 1.6 THP 163 EAT6,45500.0
2026,20260227063951,Citroën,C5 Aircross Shine 1.6 THP 163 EAT6,53900.0
2026,20260227063951,Citroën,C5 Aircross Shine 1.6 PureTech Hybrid 225 ë-EAT8,64900.0
2026,20260227063951,Citroën,Berlingo M69 Essence 1.6 HDi,25990.0
2026,20260227063951,Citroën,Berlingo Van 1.6 HDI 92 L2,35490.0
2026,20260227063951,Deepal,"S5 REEV (27,28 kWh)",38990.0
2026,20260227063951,Deepal,"S5 BEV (56,12 kWh)",39990.0
2026,20260227063951,Deepal,"S7 REEV (31,7 kWh)",46990.0
2026,20260227063951,Deepal,"S7 BEV (79,97 kWh)",47990.0
2026,20260227063951,Deepal,"G318 REEV AWD (35,1 kWh)",54900.0
2026,20260227063951,Dfsk,E5 DE-i 1.5 M1 DHT300,38990.0
2026,20260227063951,Dfsk,E5 DE-i 1.5 M2 DHT300,44950.0
2026,20260227063951,Dfsk,"EC35 EV Van (38,7 kWh)",33950.0
2026,20260227063951,Dfsk,"Nammi 330 (31,4 kWh)",19990.0
2026,20260227063951,Dfsk,"Nammi 430 (42,3 kWh)",22990.0
2026,20260227063951,Dfsk,"Vigo E2 (44,94 kWh)",25990.0
2026,20260227063951,Dfsk,"Vigo E2+ (51,87 kWh)",28990.0
2026,20260227063951,Dfsk,"Mage EV (50,82 kWh)",26990.0
2026,20260227063951,Dfsk,Huge HEV 1.5TD e-CVT,33990.0
2026,20260227063951,Dfsk,Rich 6 2.4 4x2 M/T,21490.0
2026,20260227063951,Dfsk,Rich 6 2.5 4x2 M/T Full,31900.0
2026,20260227063951,Fiat,Mobi Like 1.0,14390.0
2026,20260227063951,Fiat,Mobi Trekking 1.0,16390.0
2026,20260227063951,Fiat,Argo Endurance 1.3 M/T,17990.0
2026,20260227063951,Fiat,Argo Trekking 1.3 M/T,20990.0
2026,20260227063951,Fiat,Argo Trekking 1.3 CVT,22490.0
2026,20260227063951,Fiat,Pulse Drive 1.3 M/T,23990.0
2026,20260227063951,Fiat,Pulse Drive 1.3 CVT,25990.0
2026,20260227063951,Fiat,Pulse Impetus T200 1.0 CVT,28990.0
2026,20260227063951,Fiat,Fastback Audace T200 1.0 CVT,28990.0
2026,20260227063951,Fiat,Fastback Impetus T200 1.0 CVT,30990.0
2026,20260227063951,Fiat,600e (54 kWh),37990.0
2026,20260227063951,Fiat,Strada Endurance Cabina Plus 1.3 M/T,16690.0
2026,20260227063951,Fiat,Strada Freedom Cabina Doble 1.3 M/T,19290.0
2026,20260227063951,Fiat,Strada Volcano Cabina Doble 1.3 CVT,22290.0
2026,20260227063951,Fiat,Strada Ultra Cabina Doble Turbo 200 1.0 CVT,23990.0
2026,20260227063951,Fiat,Fiorino Endurance 1.3,17490.0
2026,20260227063951,Fiat,Mustang GT Performance 5.0 V8 AT10,155000.0
2026,20260227063951,Fiat,Territory Titanium Hybrid 1.5 T 2DHT,45990.0
2026,20260227063951,Fiat,Bronco Sport Big Bend 1.5 EcoBoost 4WD A/T,45990.0
2026,20260227063951,Fiat,Bronco Sport Wildtrak 2.0 EcoBoost 4WD A/T,59990.0
2026,20260227063951,Fiat,Everest Titanium 2.3 GTDi EcoBoost 4WD AT10,99990.0
2026,20260227063951,Fiat,Explorer 2.3 EcoBoost Platinum 4WD SelectShift,119990.0
2026,20260227063951,Fiat,Bronco Badlands 2.7 EcoBoost 4WD AT10,159990.0
2026,20260227063951,Fiat,Maverick XLT 2.0 EcoBoost AWD AT8,44990.0
2026,20260227063951,Fiat,Maverick Lariat 2.0 EcoBoost AWD AT8,49990.0
2026,20260227063951,Fiat,Maverick Lariat 2.5 Hybrid AWD eCVT,53490.0
2026,20260227063951,Fiat,Maverick Tremor 2.0 EcoBoost 4WD AT8,56990.0
2026,20260227063951,Fiat,Ranger XL SiT 2.0 4x4 M/T,58900.0
2026,20260227063951,Fiat,Ranger XLS SiT 2.0 4x4 M/T,62900.0
2026,20260227063951,Fiat,Ranger XLT BiT 2.0 4x4 AT10,71990.0
2026,20260227063951,Fiat,Ranger XLS V6 3.0 4WD AT10,71990.0
2026,20260227063951,Fiat,Ranger Limited+ V6 3.0 4WD AT10,82990.0
2026,20260227063951,Fiat,Ranger Raptor V6 3.0 EcoBoost 4x4 Cabina Doble A/T,99900.0
2026,20260227063951,Fiat,F-150 3.5 V6 EcoBoost Lariat SelectShift,109900.0
2026,20260227063951,Fiat,F-150 Raptor 3.5 V6 EcoBoost High-Output SelectShift,159900.0
2026,20260227063951,Fiat,"T5 Friday Luxury (49,27 kWh)",27990.0
2026,20260227063951,Fiat,T5 HEV Luxury 1.5TD 7DCT,36990.0
2026,20260227063951,Fiat,T5 HEV Exclusive 1.5TD 7DCT,39590.0
2026,20260227063951,Fiat,S7 Luxury (57 kWh),34990.0
2026,20260227063951,Fiat,S7 Exclusive (57 kWh),38990.0
2026,20260227063951,Foton,Wonder Cabina Doble 1.6,17950.0
2026,20260227063951,Foton,Truck Mate T25 Pick-Up 1.6,17950.0
2026,20260227063951,Foton,Truck Mate T25 Doble Cabina 1.6,18950.0
2026,20260227063951,Foton,Tunland G7 2.0 T 4x2 M/T,29990.0
2026,20260227063951,Foton,Tunland G7 2.0 T 4x4 M/T,32990.0
2026,20260227063951,Foton,Tunland V7 Standard 2.0 CRDI 4x2 M/T,34450.0
2026,20260227063951,Foton,Tunland V7 Standard 2.0 CRDI 4x4 M/T,38450.0
2026,20260227063951,Foton,Tunland V7 Elite 2.0 CRDI 4x2 M/T,37450.0
2026,20260227063951,Foton,Tunland V7 Elite 2.0 CRDI 4x4 M/T,40450.0
2026,20260227063951,Foton,Tunland V7 Luxury 2.0 CRDI 4x2 M/T,41450.0
2026,20260227063951,Foton,Tunland V7 Luxury 2.0 CRDI 4x4 M/T,44450.0
2026,20260227063951,Foton,Tunland V7 Luxury 2.0 CRDI 4x4 A/T,48950.0
2026,20260227063951,Foton,Tunland V9 Flagship 2.0 CRDI 4x2 AT8,45450.0
2026,20260227063951,Foton,Tunland V9 Ultimate 2.0 CRDI 4x2 AT8,49450.0
2026,20260227063951,Foton,Tunland V9 Ultimate 2.0 CRDI 4x4 AT8,52950.0
2026,20260227063951,Foton,View Cargo Van 2.8 BJ6549B1PDA-1,27950.0
2026,20260227063951,Foton,"View EV Cargo Van (50,23 kWh)",41950.0
2026,20260227063951,Foton,Toano Cargo Van 2.8 BJ5038XXY-CC,44950.0
2026,20260227063951,Foton,e-Toano Pro BJ5048XXY-EVE (77 kWh),57950.0
2026,20260227063951,Gac,Emkoo HEV 2.0 T GE DHT,33990.0
2026,20260227063951,Gac,GS8 2.0 T GT 2WD A/T,55490.0
2026,20260227063951,Gac,"Aion UT (44,12 kWh)",22490.0
2026,20260227063951,Gac,Aion UT Max (60 kWh),25990.0
2026,20260227063951,Gac,"Aion ES (55,2 kWh)",26990.0
2026,20260227063951,Gac,"Aion Y Plus (63,2 kWh)",31990.0
2026,20260227063951,Gac,"Aion V (76,23 kWh)",35490.0
2026,20260227063951,Gac,"Hyptec HT RWD (72,7 kWh)",49990.0
2026,20260227063951,Geely,GX3 Pro 1.5 GB M/T,16990.0
2026,20260227063951,Geely,GX3 Pro 1.5 GC M/T,17990.0
2026,20260227063951,Geely,1.5 GF CVT,20990.0
2026,20260227063951,Geely,"EX2 Pro (39,4 kWh)",20490.0
2026,20260227063951,Geely,"EX2 Max (39,4 kWh)",22490.0
2026,20260227063951,Geely,1.5 CVT,24990.0
2026,20260227063951,Geely,"EX5 Pro (60,22 kWh)",30990.0
2026,20260227063951,Geely,"EX5 Max (60,22 kWh)",35990.0
2026,20260227063951,Gwm,"ORA 03 Skin Bitono (47,8 kWh)",24990.0
2026,20260227063951,Gwm,Haval Jolion Elite 1.5 GDIT M/T,24990.0
2026,20260227063951,Gwm,Haval Jolion Deluxe 1.5 GDIT 7DCT,27990.0
2026,20260227063951,Gwm,Haval Jolion HEV Elite 1.5 GDI DHT,27990.0
2026,20260227063951,Gwm,Haval Jolion HEV Deluxe 1.5 GDI DHT,28990.0
2026,20260227063951,Gwm,Haval Jolion Pro HEV Elite 1.5 GDI DHT,29990.0
2026,20260227063951,Gwm,Haval Jolion Pro HEV Deluxe 1.5 GDI DHT,31990.0
2026,20260227063951,Gwm,Haval H6 HEV Elite 1.5 GDIT DHT,34990.0
2026,20260227063951,Gwm,Haval H6 HEV Deluxe 1.5 GDIT DHT,37990.0
2026,20260227063951,Gwm,Haval H6 PHEV Deluxe 1.5 GDIT DHT 2WD,40990.0
2026,20260227063951,Gwm,Haval H6 PHEV Deluxe 1.5 GDIT DHT AWD,43990.0
2026,20260227063951,Gwm,Haval H6 GT PHEV Deluxe 1.5 GDIT DHT AWD,56990.0
2026,20260227063951,Gwm,2.0 GDIT 4WD 9HAT,58990.0
2026,20260227063951,Gwm,Poer 2.0 T Tool Elite 4x2 M/T,28990.0
2026,20260227063951,Gwm,Poer 2.0 T Tool Elite 4x4 M/T,30990.0
2026,20260227063951,Gwm,Poer 2.0 TDI Tool Elite 4x2 M/T CS,40990.0
2026,20260227063951,Gwm,Poer 2.0 TDI Tool Elite 4x2 M/T,40990.0
2026,20260227063951,Gwm,Poer 2.0 T Tool Elite 4x2 M/T,39990.0
2026,20260227063951,Gwm,Poer 2.0 T Tool Elite 4x4 M/T,41990.0
2026,20260227063951,Gwm,Poer 2.0 T Family Elite 4x4 A/T,38990.0
2026,20260227063951,Gwm,Poer 2.0 T Family Deluxe 4x4 A/T,39990.0
2026,20260227063951,Gwm,Poer 2.0 TDI Family Luxury 4x4 A/T,51990.0
2026,20260227063951,Gwm,Poer 2.0 TDI Family Elite 4x4 A/T,52990.0
2026,20260227063951,Gwm,Poer 2.0 TDI Family Deluxe 4x4 A/T,53990.0
2026,20260227063951,Honda,Civic Type R 2.0 T M/T,89900.0
2026,20260227063951,Honda,WR-V EX-L 1.5 CVT,33900.0
2026,20260227063951,Honda,HR-V EX-L 1.5 CVT,37900.0
2026,20260227063951,Honda,ZR-V Touring 2.0 i-VTEC 2WD CVT,49900.0
2026,20260227063951,Honda,CR-V e:HEV 2.0 E-CVT AWD,68900.0
2026,20260227063951,Honda,Pilot Elite 3.5 V6 AWD A/T,122500.0
2026,20260227063951,Honda,Ridgeline RTL 3.5 V6 AWD A/T,69198.0
2026,20260227063951,Hyundai,HB20 1.0 Comfort M/T,16990.0
2026,20260227063951,Hyundai,HB20 1.0 Premium M/T,19990.0
2026,20260227063951,Hyundai,HB20 1.6 Premium M/T,22900.0
2026,20260227063951,Hyundai,HB20 1.6 Premium A/T,24990.0
2026,20260227063951,Hyundai,HB20 1.6 Unique M/T,25990.0
2026,20260227063951,Hyundai,HB20 1.6 Unique A/T,27990.0
2026,20260227063951,Hyundai,HB20S 1.0 Comfort M/T,18990.0
2026,20260227063951,Hyundai,HB20S 1.0 Premium M/T,20990.0
2026,20260227063951,Hyundai,HB20S 1.6 Premium M/T,23990.0
2026,20260227063951,Hyundai,HB20S 1.6 Premium A/T,25990.0
2026,20260227063951,Hyundai,HB20S 1.6 Unique M/T,26990.0
2026,20260227063951,Hyundai,HB20S 1.6 Unique A/T,28990.0
2026,20260227063951,Hyundai,Creta Safe 1.0 T-GDi A/T,31990.0
2026,20260227063951,Hyundai,Creta Limited 1.0 T-GDi A/T,34990.0
2026,20260227063951,Hyundai,Kona Hybrid Safe 1.6 GDi DCT,39990.0
2026,20260227063951,Hyundai,1.6 GDi DCT,46990.0
2026,20260227063951,Hyundai,"Kona Electric Limited Standard Range (48,4 kWh)",45990.0
2026,20260227063951,Hyundai,Hybrid Limited 1.6 T-GDi 2WD A/T,59990.0
2026,20260227063951,Hyundai,Hybrid Limited 1.6 T-GDi AWD A/T,64990.0
2026,20260227063951,Hyundai,Santa Fe Hybrid Limited 1.6 T-GDi A/T 2WD,69990.0
2026,20260227063951,Hyundai,Santa Fe Hybrid Calligraphy 1.6 T-GDi A/T AWD,78990.0
2026,20260227063951,Hyundai,"Ioniq 5 Safe Long Range RWD (84,0 kWh)",55990.0
2026,20260227063951,Hyundai,"Ioniq 5 Limited Long Range RWD (84,0 kWh)",65990.0
2026,20260227063951,Hyundai,Staria Furgón 3.5 V6 A/T,36900.0
2026,20260227063951,Hyundai,Staria Furgón 2.2 CRDi M/T,37900.0
2026,20260227063951,Hyundai,H-1 Staria Minibus 9 pasajeros 2.2 CRDi M/T,42900.0
2026,20260227063951,Hyundai,H-1 Staria Minibus 9 pasajeros 2.2 CRDi A/T,44900.0
2026,20260227063951,Hyundai,Staria Minibus 9 pasajeros 3.5 V6 A/T,57900.0
2026,20260227063951,Hyundai,H-1 Staria Premium 7 pasajeros 2.2 CRDi A/T 2WD,64990.0
2026,20260227063951,Hyundai,H-1 Staria Premium 7 pasajeros 2.2 CRDi A/T 4WD,66900.0
2026,20260227063951,Hyundai,H-1 Staria Premium 7 pasajeros 3.5 V6 A/T 4WD,89990.0
2026,20260227063951,Hyundai,H350 150 2.5 CRDi eVGT LWB,47900.0
2026,20260227063951,Hyundai,H350 150 Solati 2.5 CRDi eVGT LWB,49900.0
2026,20260227063951,Hyundai,H350 Minibus (sin asientos) 150 2.5 CRDi eVGT LWB,55500.0
2026,20260227063951,Hyundai,H350 Minibus 15 pasajeros 150 2.5 CRDi eVGT LWB,59900.0
2026,20260227063951,Hyundai,H350 Minibus 17+1 pasajeros 150 2.5 CRDi eVGT LWB,61900.0
2026,20260227063951,Hyundai,H350 Minibus 25 pasajeros (Escolares) 150 2.5 CRDi eVGT LWB,64500.0
2026,20260227063951,Iveco,Daily 55-130 Furgón 3.0,37600.0
2026,20260227063951,Iveco,Daily 30-130 Minibus Fretamento 3.0 (20+1),49990.0
2026,20260227063951,Iveco,Daily 30-130 Minibus Turismo 3.0 (18+1),50890.0
2026,20260227063951,Jac,"e-S1 ( 30,2 kWh )",17990.0
2026,20260227063951,Jac,Ytterby (41 kWh),21990.0
2026,20260227063951,Jac,JS8 Pro Luxury 1.5 T DCT,32990.0
2026,20260227063951,Jac,JS8 Pro Flagship 1.5 T DCT,36990.0
2026,20260227063951,Jac,JS8 Pro Flagship Plus 1.5 T DCT,39990.0
2026,20260227063951,Jac,RF8 PHEV 1.5 T 3-DHT,59990.0
2026,20260227063951,Jac,T6 2.0 Luxury,22990.0
2026,20260227063951,Jac,T8 Pro Comfort 2.4 CTI 4x4 M/T,41990.0
2026,20260227063951,Jac,T8 Pro Luxury 2.4 CTI 4x4 M/T,45990.0
2026,20260227063951,Jac,T8 Pro Luxury 2.0 CTI 4x4 A/T,49990.0
2026,20260227063951,Jac,"M3 EV ( 50,23 kWh )",39.0
2026,20260227063951,Jac,Sunray Furgón 7.5 2.8,31990.0
2026,20260227063951,Jac,Sunray Furgón 2.8,40990.0
2026,20260227063951,Jac,Sunray Minibus 2.8,43990.0
2026,20260227063951,Jac,"Sunray EV (92,16 kWh)",59990.0
2026,20260227063951,Jeep,Avenger Summit (54 kWh),41990.0
2026,20260227063951,Jeep,Renegade Altitude 1.3 T270 AT6 FWD,34950.0
2026,20260227063951,Jeep,Renegade Longitude 1.3 T270 AT6 FWD,36990.0
2026,20260227063951,Jeep,Renegade Longitude Full 1.3 T270 AT6 FWD,41490.0
2026,20260227063951,Jeep,Compass Sport 1.3 T270 AT6 FWD,39990.0
2026,20260227063951,Jeep,Compass Longitude 1.3 T270 AT6 FWD,42990.0
2026,20260227063951,Jeep,Compass Limited 1.3 T270 AT6 FWD,45590.0
2026,20260227063951,Jeep,Compass Limited Full 1.3 T270 AT6 FWD,47990.0
2026,20260227063951,Jeep,Commander Limited 1.3 T270 AT6 FWD,56990.0
2026,20260227063951,Jeep,Commander Overland 1.3 T270 AT6 FWD,60990.0
2026,20260227063951,Jeep,Grand Cherokee Limited 3.6 V6 AT8 4WD,136000.0
2026,20260227063951,Jeep,L Limited 3.6 V6 AT8 4WD,139900.0
2026,20260227063951,Jeep,L Summit Reserve 3.6 V6 AT8 4WD,169900.0
2026,20260227063951,Jeep,Gladiator Rubicon 3.6 V6 AT8 4WD,119900.0
2026,20260227063951,Jetour,X50 Premium 1.5T DCT,24990.0
2026,20260227063951,Jetour,Dashing Comfort 1.5 TCI DCT,27990.0
2026,20260227063951,Jetour,T1 1.5T 290T GDI 7DCT FWD,37990.0
2026,20260227063951,Jetour,T1 PHEV 1.5TD 1-DHT,40990.0
2026,20260227063951,Jetour,X70 Comfort 1.5T M/T,22990.0
2026,20260227063951,Jetour,X70 Luxury 1.5T M/T,26990.0
2026,20260227063951,Jetour,X70 Luxury 1.5T DCT,29990.0
2026,20260227063951,Jetour,T2 PHEV 1.5TD 3-DHT,49990.0
2026,20260227063951,Jetour,T2 Traveller 2.0T 390T GDI 7DCT XWD,52990.0
2026,20260227063951,Jmc,"JMEV 3 (31,9 kWh)",16990.0
2026,20260227063951,Jmc,JMEV GSE Family (60 kWh),29990.0
2026,20260227063951,Jmc,JMEV GSE Luxury (60 kWh),34418.0
2026,20260227063951,Jmc,L536 Touring SWB 2.0 TDi JX5045XXYTDA-L6,35368.0
2026,20260227063951,Jmc,Vigus Work 1.8 GTDi 4x2 M/T,22990.0
2026,20260227063951,Jmc,Grand Avenue GL 2.3 GTDi 4x2 M/T,36588.0
2026,20260227063951,Jmc,Grand Avenue GL 2.3 TDCi 4x4 M/T,39882.0
2026,20260227063951,Karry,Q22L Cargo 1.2,12890.0
2026,20260227063951,Karry,KQ51 Cabina Simple 1.6,17290.0
2026,20260227063951,Karry,KQ52 Cabina Doble 1.6,17490.0
2026,20260227063951,Kia,K3 Sedán LX 1.4 M/T,25990.0
2026,20260227063951,Kia,K3 Sedán EX 1.4 A/T,28990.0
2026,20260227063951,Kia,K3 Sedán GT-Line 1.4 A/T,32990.0
2026,20260227063951,Kia,K3 Cross LX 1.4 M/T,26990.0
2026,20260227063951,Kia,K3 Cross EX 1.4 A/T,29990.0
2026,20260227063951,Kia,K3 Cross GT-Line 1.4 A/T,32990.0
2026,20260227063951,Kia,Carens EX Plus 1.5 A/T,37990.0
2026,20260227063951,Kia,Niro Hybrid LX Plus 1.6 GDi DCT,37990.0
2026,20260227063951,Kia,Niro Hybrid EX Plus 1.6 GDi DCT,41990.0
2026,20260227063951,Kia,Sportage HEV X-Line Plus 1.6 T-GDi A/T 2WD,59990.0
2026,20260227063951,Kia,Sportage HEV X-Line Plus 1.6 T-GDi A/T AWD,64990.0
2026,20260227063951,Kia,"EV3 Light 2WD Standard Range (58,3 kWh)",44990.0
2026,20260227063951,Kia,"EV3 Light+ 2WD Long Range (81,4 kWh)",49990.0
2026,20260227063951,Kia,"EV5 Air 2WD Standard Range (64,2 kWh)",55990.0
2026,20260227063951,Kia,Carnival HEV EX Plus 1.6 T-GDi A/T,89990.0
2026,20260227063951,Kia,Carnival EX Plus 3.5 V6 A/T,114990.0
2026,20260227063951,Kgm,Tivoli DLX Plus 1.5 T-GDI A/T,45950.0
2026,20260227063951,Kgm,Torres Hybrid High 1.5 T-GDI 2WD e-DHT,48950.0
2026,20260227063951,Kgm,Torres Hybrid Limited 1.5 T-GDI 2WD e-DHT,53950.0
2026,20260227063951,Kgm,"Torres EVX 2WD (73,4 kWh)",54950.0
2026,20260227063951,Kgm,Actyon 1.5 T-GDI 2WD A/T,63950.0
2026,20260227063951,Kgm,Actyon 1.5 T-GDI AWD A/T,68950.0
2026,20260227063951,Kgm,Rexton 2.0 T-GDI 2WD A/T,67950.0
2026,20260227063951,Kgm,Rexton 2.0 T-GDI AWD A/T,72950.0
2026,20260227063951,Kgm,Musso Grand Entry 2.0 T-GDI 4x2 M/T,39950.0
2026,20260227063951,Kgm,Musso Grand DLX 2.0 T-GDI 4x2 M/T,42950.0
2026,20260227063951,Kgm,Musso Grand High 2.0 T-GDI 4x4 M/T,46950.0
2026,20260227063951,Kgm,Musso Grand Limited 2.0 T-GDI 4x4 A/T,53950.0
2026,20260227063951,Kgm,Musso Grand DLX 2.2 e-XDi 4x2 M/T,65950.0
2026,20260227063951,Kgm,Musso Grand High 2.2 e-XDi 4x4 M/T,69950.0
2026,20260227063951,Kgm,Musso Grand Limited 2.2 e-XDi 4x4 A/T,76950.0
2026,20260227063951,Land Rover,Range Rover Evoque S AWD 2.0 MHEV P200 A/T,89990.0
2026,20260227063951,Land Rover,Range Rover Evoque SE AWD 2.0 Si4 P200 A/T,119900.0
2026,20260227063951,Land Rover,Range Rover Evoque SE AWD 2.0 Si4 P250 A/T,132900.0
2026,20260227063951,Land Rover,Range Rover Velar R-Dynamic HSE P400e PHEV AWD 2.0 Si4 A/T,196900.0
2026,20260227063951,Land Rover,Range Rover Sport Dynamic HSE PHEV AWD 3.0 P400 A/T,299900.0
2026,20260227063951,Land Rover,Defender 110 S P400e PHEV AWD 2.0 Si4 A/T,169900.0
2026,20260227063951,Land Rover,Defender 110 X-Dynamic HSE P400e PHEV AWD 2.0 Si4 A/T,179900.0
2026,20260227063951,Leapmotor,"T03 Luxury (41,3 kWh)",19990.0
2026,20260227063951,Leapmotor,"B10 Design (67,1 kWh)",33990.0
2026,20260227063951,Leapmotor,"C10 (69,9 kWh)",36990.0
2026,20260227063951,Leapmotor,"C10 REEV (28,4 kWh)",36990.0
2026,20260227063951,Leapmotor,"C11 500 Smart (69,2 kWh)",39990.0
2026,20260227063951,Leapmotor,"C16 (67,7 kWh)",43990.0
2026,20260227063951,Lynk & Co,03+ 2.0TD T5 AT8,69990.0
2026,20260227063951,Lynk & Co,06 Core Plus 1.5TD 7DCT,31990.0
2026,20260227063951,Lynk & Co,06 Hyper Pro 1.5TD 7DCT,34990.0
2026,20260227063951,Lynk & Co,06 Hyper Halo 1.5TD 7DCT,36990.0
2026,20260227063951,Lynk & Co,02 Pro EV (66 kWh),36990.0
2026,20260227063951,Lynk & Co,02 Halo EV (66 kWh),39990.0
2026,20260227063951,Lynk & Co,PHEV Louder 1.5TD 7DCT-H,44990.0
2026,20260227063951,Lynk & Co,MHEV Halo 2.0TD T5 BSG AT8 AWD,69990.0
2026,20260227063951,Lynk & Co,MC20 Cielo 3.0 V6 A/T,709990.0
2026,20260227063951,Lynk & Co,Grecale GT S Q4 2.0 MHEV A/T,159900.0
2026,20260227063951,Lynk & Co,Grecale Folgore (105 kWh),169990.0
2026,20260227063951,Lynk & Co,Grecale Trofeo Q4 3.0 V6 A/T,279990.0
2026,20260227063951,Maxus,Euniq 6 (70 kWh),56117.0
2026,20260227063951,Maxus,D90 2.0 Bi-TDi Luxury 4x4 AT8,71990.0
2026,20260227063951,Maxus,eTerron 9 Luxury AWD (102 kWh),60987.0
2026,20260227063951,Maxus,(102 kWh),77977.0
2026,20260227063951,Maxus,Terron 9 Premium 2.5 TDi 4x4 A/T,79990.0
2026,20260227063951,Maxus,eDeliver 3 SWB (chasis corto) (53 kWh),45567.0
2026,20260227063951,Maxus,eDeliver 3 Chasis (chasis cabina) (53 kWh),50000.0
2026,20260227063951,Maxus,eDeliver 3 LWB (chasis largo) (53 kWh),51227.0
2026,20260227063951,Maxus,eDeliver 5 SWB L1H1 (64 kWh),51227.0
2026,20260227063951,Maxus,eDeliver 5 SWB L2H2 (64 kWh),57328.0
2026,20260227063951,Maxus,Deliver 9 L2H2 2.0 VGT,47567.0
2026,20260227063951,Maxus,Deliver 9 L3H2 2.0 VGT,50007.0
2026,20260227063951,Maxus,"eDeliver 9 SWB L2H2 (51,5 kWh)",63307.0
2026,20260227063951,Maxus,"eDeliver 9 LWB L3H2 (88,5 kWh)",76847.0
2026,20260227063951,Maxus,eDeliver 9 Chasis Cabina (65 kWh),73187.0
2026,20260227063951,Maxus,"eDeliver 9 Minibus L3H2 (88,5 kWh)",91487.0
2026,20260227063951,Maxus,"eDeliver 9 Minibus L3H3 (88,5 kWh)",96377.0
2026,20260227063951,Mazda,MX-5 Soft Top 2.0 SKYACTIV-G M/T,69990.0
2026,20260227063951,Mazda,CX-30 2.0 SKYACTIV-G 2WD Core A/T,39990.0
2026,20260227063951,Mazda,CX-30 2.0 SKYACTIV-G 2WD Carbon Edition Core Plus A/T,40990.0
2026,20260227063951,Mazda,CX-30 2.0 SKYACTIV-G 2WD High Plus A/T,44990.0
2026,20260227063951,Mazda,CX-30 2.0 SKYACTIV-G 2WD Carbon Edition High Plus A/T,45990.0
2026,20260227063951,Mazda,CX-30 2.5 SKYACTIV-G AWD High A/T,49990.0
2026,20260227063951,Mazda,CX-30 2.5 SKYACTIV-G AWD Carbon Edition High Plus A/T,50990.0
2026,20260227063951,Mazda,CX-5 2.0 SKYACTIV-G 2WD Urban A/T,49990.0
2026,20260227063951,Mazda,CX-5 2.0 SKYACTIV-G 2WD Signature A/T,56990.0
2026,20260227063951,Mazda,CX-5 2.0 SKYACTIV-G 2WD Carbon Edition Core Plus A/T,56990.0
2026,20260227063951,Mazda,CX-5 2.0 SKYACTIV-G 2WD Carbon Edition High Plus A/T,60990.0
2026,20260227063951,Mazda,CX-5 2.5 SKYACTIV-G AWD Signature Plus A/T,66990.0
2026,20260227063951,Mazda,CX-5 2.5 SKYACTIV-G AWD Carbon Edition High Plus A/T,66990.0
2026,20260227063951,Mazda,CX-9 2.5 Turbo SKYACTIV-G AWD High A/T,88990.0
2026,20260227063951,Mazda,BT-50 Cabina Extendida 1.9 High 4x4 M/T,62990.0
2026,20260227063951,Mazda,BT-50 Cabina Doble 3.0 High Plus 4x4 A/T,74990.0
2026,20260227063951,Mercedes-Benz,A 200 Progressive 7G-DCT,72990.0
2026,20260227063951,Mercedes-Benz,A 35 4MATIC AMG SPEEDSHIFT DCT 8G,94990.0
2026,20260227063951,Mercedes-Benz,A 45 S 4MATIC+ AMG SPEEDSHIFT DCT 8G,162990.0
2026,20260227063951,Mercedes-Benz,CLA 35 4MATIC Coupé AMG SPEEDSHIFT DCT 8G,107990.0
2026,20260227063951,Mercedes-Benz,C 200 Avantgarde EQ Boost 9G-TRONIC PLUS,69990.0
2026,20260227063951,Mercedes-Benz,C 220 d Avantgarde EQ Boost 9G-TRONIC PLUS,83500.0
2026,20260227063951,Mercedes-Benz,C 300 AMG Line EQ Boost 9G-TRONIC PLUS,99990.0
2026,20260227063951,Mercedes-Benz,C 350e AMG Line 9G-TRONIC PLUS,117990.0
2026,20260227063951,Mercedes-Benz,C 43 4MATIC AMG SPEEDSHIFT MCT 9G,134990.0
2026,20260227063951,Mercedes-Benz,C 63 S E Performance AMG SPEEDSHIFT MCT 9G,214990.0
2026,20260227063951,Mercedes-Benz,CLE 200 4MATIC Coupé Avantgarde EQ Boost 9G-TRONIC PLUS,86990.0
2026,20260227063951,Mercedes-Benz,CLE 300 4MATIC Coupé Avantgarde EQ Boost 9G-TRONIC PLUS,99990.0
2026,20260227063951,Mercedes-Benz,CLE 300 4MATIC Coupé AMG Line EQ Boost 9G-TRONIC PLUS,129990.0
2026,20260227063951,Mercedes-Benz,CLE 53 4MATIC+ Coupé AMG SPEEDSHIFT TCT 9G,199990.0
2026,20260227063951,Mercedes-Benz,CLE 200 4MATIC Cabrio Avantgarde EQ Boost 9G-TRONIC PLUS,99990.0
2026,20260227063951,Mercedes-Benz,CLE 300 4MATIC Cabrio Avantgarde EQ Boost 9G-TRONIC PLUS,112990.0
2026,20260227063951,Mercedes-Benz,CLE 300 4MATIC Cabrio AMG Line EQ Boost 9G-TRONIC PLUS,136990.0
2026,20260227063951,Mercedes-Benz,CLE 53 4MATIC+ Cabrio AMG SPEEDSHIFT TCT 9G,214990.0
2026,20260227063951,Mercedes-Benz,E 220 d Avantgarde EQ Boost 9G-TRONIC PLUS,97490.0
2026,20260227063951,Mercedes-Benz,E 300 Avantgarde EQ Boost 9G-TRONIC,107990.0
2026,20260227063951,Mercedes-Benz,E 350e Avantgarde 9G-TRONIC,122990.0
2026,20260227063951,Mercedes-Benz,E 450 4MATIC AMG Line EQ Boost 9G-TRONIC,184990.0
2026,20260227063951,Mercedes-Benz,SL 55 4MATIC+ AMG SPEEDSHIFT MCT 9G,379990.0
2026,20260227063951,Mercedes-Benz,"EQE 350+ Electric Art (90,6 kWh)",129990.0
2026,20260227063951,Mercedes-Benz,"EQS 450+ Electric Art (108,4 kWh)",189990.0
2026,20260227063951,Mercedes-Benz,Progressive 8G-DCT,79990.0
2026,20260227063951,Mercedes-Benz,GLA 35 4MATIC AMG SPEEDSHIFT DCT 8G,107990.0
2026,20260227063951,Mercedes-Benz,Progressive 8G-DCT,69990.0
2026,20260227063951,Mercedes-Benz,GLB 250 4MATIC Progressive Plus 8G-DCT,79990.0
2026,20260227063951,Mercedes-Benz,GLC 200 4MATIC Core EQ Boost 9G-TRONIC PLUS,79990.0
2026,20260227063951,Mercedes-Benz,GLC 220 d 4MATIC Core EQ Boost 9G-TRONIC PLUS,83500.0
2026,20260227063951,Mercedes-Benz,GLC 200 4MATIC Avantgarde EQ Boost 9G-TRONIC PLUS,89990.0
2026,20260227063951,Mercedes-Benz,GLC 220 d 4MATIC Avantgarde EQ Boost 9G-TRONIC PLUS,97490.0
2026,20260227063951,Mercedes-Benz,GLC 300 4MATIC Avantgarde EQ Boost 9G-TRONIC PLUS,107990.0
2026,20260227063951,Mercedes-Benz,GLC 350e 4MATIC Avantgarde 9G-TRONIC PLUS,127990.0
2026,20260227063951,Mercedes-Benz,GLC 43 4MATIC AMG SPEEDSHIFT MCT 9G,157990.0
2026,20260227063951,Mercedes-Benz,GLC 63 S E Performance AMG SPEEDSHIFT MCT 9G,229990.0
2026,20260227063951,Mercedes-Benz,GLC Coupé 200 4MATIC Core EQ Boost 9G-TRONIC PLUS,88500.0
2026,20260227063951,Mercedes-Benz,GLC Coupé 200 4MATIC Avantgarde EQ Boost 9G-TRONIC PLUS,99500.0
2026,20260227063951,Mercedes-Benz,GLC Coupé 300 4MATIC Avantgarde EQ Boost 9G-TRONIC PLUS,122990.0
2026,20260227063951,Mercedes-Benz,GLC Coupé 350e 4MATIC AMG Line 9G-TRONIC PLUS,137990.0
2026,20260227063951,Mercedes-Benz,Coupé 4MATIC AMG SPEEDSHIFT MCT 9G,162990.0
2026,20260227063951,Mercedes-Benz,Coupé AMG SPEEDSHIFT MCT 9G,239990.0
2026,20260227063951,Mercedes-Benz,GLE 300 d 4MATIC 9G-TRONIC,134990.0
2026,20260227063951,Mercedes-Benz,GLE 450 4MATIC 9G-TRONIC,174990.0
2026,20260227063951,Mercedes-Benz,GLE 450 Plus 4MATIC 9G-TRONIC,204990.0
2026,20260227063951,Mercedes-Benz,GLE 300 d 4MATIC Coupé 9G-TRONIC,149990.0
2026,20260227063951,Mercedes-Benz,GLE 450 4MATIC AMG Line Coupé 9G-TRONIC,179990.0
2026,20260227063951,Mercedes-Benz,GLS 450 4MATIC 9G-TRONIC,249990.0
2026,20260227063951,Mercedes-Benz,"EQA 250+ (70,5 kWh)",62990.0
2026,20260227063951,Mercedes-Benz,"EQE SUV 350+ Electric Art (90,6 kWh)",169990.0
2026,20260227063951,Mercedes-Benz,G 580 AMG Line (116 kWh),295000.0
2026,20260227063951,Mercedes-Benz,Sprinter 311 2.1 CDI Furgón Compacto,43066.0
2026,20260227063951,Mercedes-Benz,Sprinter 415 2.1 CDI Furgón Estándar,51240.0
2026,20260227063951,Mercedes-Benz,Sprinter 415 2.1 CDI Furgón Largo,54046.0
2026,20260227063951,Mercedes-Benz,Sprinter 515 2.1 CDI Furgón Extra Largo Techo Elevado,59659.0
2026,20260227063951,Mercedes-Benz,Sprinter 415 Minibus 15+1 2.1 CDI Techo Elevado,61366.0
2026,20260227063951,Mg,Hybrid+ 1.5 E-AT,24990.0
2026,20260227063951,Mg,MG4 Standard 2WD (51 kWh),29900.0
2026,20260227063951,Mg,MG4 Deluxe Extended Range 2WD (77 kWh),37900.0
2026,20260227063951,Mg,MG4 Deluxe AWD (64 kWh),39900.0
2026,20260227063951,Mg,Cyberster Deluxe AWD (77 kWh),85000.0
2026,20260227063951,Mg,ZS Standard 1.5 A/T 2WD,21900.0
2026,20260227063951,Mg,"ZS EV Comfort 2WD (50,3 kWh)",31900.0
2026,20260227063951,Mg,"ZS EV Deluxe 2WD (50,3 kWh)",34900.0
2026,20260227063951,Mg,E-HS Deluxe 1.5 TGI EDU II AT10 2WD,32990.0
2026,20260227063951,Mini,"(40,7 kWh)",42990.0
2026,20260227063951,Mini,"(54,2 kWh)",50990.0
2026,20260227063951,Mini,"John Cooper Works E (54,2 kWh)",57990.0
2026,20260227063951,Mini,Cooper C Classic 1.5 T DKG Steptronic,58990.0
2026,20260227063951,Mini,Cooper C Favoured 1.5 T DKG Steptronic,63990.0
2026,20260227063951,Mini,Cooper C John Cooper Works 1.5 T DKG Steptronic,69990.0
2026,20260227063951,Mini,John Cooper Works 2.0 T DKG Steptronic,79990.0
2026,20260227063951,Mini,Cooper C 5 Door Favoured 1.5 T DKG Steptronic,66990.0
2026,20260227063951,Mini,Cooper Cabrio S John Cooper Works Trim 2.0 T DKG Steptronic,83990.0
2026,20260227063951,Mini,John Cooper Works Cabrio 2.0 T DKG Steptronic,94990.0
2026,20260227063951,Mini,"Aceman E Classic (40,7 kWh)",44990.0
2026,20260227063951,Mini,"Aceman SE Favoured (54,2 kWh)",52990.0
2026,20260227063951,Mini,"John Cooper Works Aceman E (54,2 kWh)",59990.0
2026,20260227063951,Mini,Countryman C Classic 1.5 T DKG Steptronic,59990.0
2026,20260227063951,Mini,Countryman C Classic Plus 1.5 T DKG Steptronic,63990.0
2026,20260227063951,Mini,Countryman C Favoured 1.5 T DKG Steptronic,69990.0
2026,20260227063951,Mini,"Countryman E Classic Plus (64,6 kWh)",61990.0
2026,20260227063951,Mini,"Countryman E Favoured (64,6 kWh)",71990.0
2026,20260227063951,Mini,"Countryman SE ALL4 Favoured (64,6 kWh)",75990.0
2026,20260227063951,Mitsubishi,Eclipse Cross Black Edition 1.5 DIT 2WD CVT,39990.0
2026,20260227063951,Mitsubishi,Outlander 2.5 GDI 4WD GLS Plus CVT,69990.0
2026,20260227063951,Mitsubishi,L200 GLX 2.4 MPI M/T 2WD,35368.0
2026,20260227063951,Mitsubishi,L200 GLX 2.4 DI-D M/T 2WD,51228.0
2026,20260227063951,Mitsubishi,L200 GLS 2.4 DI-D High Power A/T 4WD,68308.0
2026,20260227063951,Nissan,Versa 1.6 Sense M/T,25990.0
2026,20260227063951,Nissan,Versa 1.6 Advance M/T,27990.0
2026,20260227063951,Nissan,Versa 1.6 Advance CVT,28490.0
2026,20260227063951,Nissan,Versa 1.6 SR CVT,29490.0
2026,20260227063951,Nissan,Versa 1.6 Exclusive CVT,30490.0
2026,20260227063951,Nissan,Sentra 2.0 Advance CVT,35490.0
2026,20260227063951,Nissan,Sentra 2.0 Exclusive CVT,36990.0
2026,20260227063951,Nissan,Sentra 2.0 SR CVT,37990.0
2026,20260227063951,Nissan,Magnite 1.0 Turbo Advance M/T,25990.0
2026,20260227063951,Nissan,Magnite 1.0 Turbo Advance CVT,27990.0
2026,20260227063951,Nissan,Magnite 1.0 Turbo Exclusive M/T,29990.0
2026,20260227063951,Nissan,Magnite 1.0 Turbo Exclusive CVT,31990.0
2026,20260227063951,Nissan,Kicks Play Sense 1.6 M/T,26990.0
2026,20260227063951,Nissan,Play Advance 1.6 M/T,29490.0
2026,20260227063951,Nissan,Play Advance 1.6 CVT,30490.0
2026,20260227063951,Nissan,Play Exclusive 1.6 CVT,32490.0
2026,20260227063951,Nissan,Kicks 1.0T Sense EDC,33990.0
2026,20260227063951,Nissan,Kicks 1.0T Advance EDC,35990.0
2026,20260227063951,Nissan,Kicks 1.0T Exclusive EDC,38990.0
2026,20260227063951,Nissan,Qashqai 1.3 T Exclusive AWD CVT,57990.0
2026,20260227063951,Nissan,X-Trail 1.5 e-Power e-4ORCE Advance,49990.0
2026,20260227063951,Nissan,Pathfinder Exclusive 3.5 V6 9AT 4WD,109990.0
2026,20260227063951,Nissan,Frontier C/S S 4x2 2.5 M/T,30990.0
2026,20260227063951,Nissan,Frontier C/D S 4x2 2.5 M/T,33990.0
2026,20260227063951,Nissan,Frontier C/D SE 4x2 2.5 M/T,35990.0
2026,20260227063951,Nissan,Frontier C/D XE 4x2 2.5 A/T,41990.0
2026,20260227063951,Nissan,Frontier C/D PRO-4X 4x4 2.5 A/T,45990.0
2026,20260227063951,Nissan,Frontier C/D S 4x2 2.3 DDTTi M/T,45990.0
2026,20260227063951,Nissan,Frontier C/D S 4x4 2.3 DDTTi M/T,52990.0
2026,20260227063951,Nissan,Frontier C/D S 4x4 2.3 DDTTi A/T,55990.0
2026,20260227063951,Nissan,Frontier C/D SE 4x4 2.3 DDTTi M/T,56990.0
2026,20260227063951,Nissan,Frontier C/D SE 4x4 2.3 DDTTi A/T,60990.0
2026,20260227063951,Nissan,Frontier C/D XE 4x4 2.3 DDTTi A/T,61990.0
2026,20260227063951,Nissan,Frontier C/D LE 4x4 2.3 DDTTi M/T,65990.0
2026,20260227063951,Nissan,Frontier C/D LE 4x4 2.3 DDTTi A/T,65990.0
2026,20260227063951,Nissan,Frontier C/D PRO-4X 4x4 2.3 DDTTi A/T,66990.0
2026,20260227063951,Nissan,"e-MCV DM20 (53,58 kWh)",29500.0
2026,20260227063951,Omoda/Jaecoo,Omoda 5 SHS Luxury 1.5T DHT,28990.0
2026,20260227063951,Omoda/Jaecoo,Omoda 5 SHS Premium 1.5T DHT,32990.0
2026,20260227063951,Omoda/Jaecoo,Omoda E5 Comfort (61 kWh),28990.0
2026,20260227063951,Omoda/Jaecoo,"Jaecoo 5 EV Luxury (58,9 kWh)",31990.0
2026,20260227063951,Omoda/Jaecoo,"Jaecoo 6 EV Luxury 2WD (65,69 kWh)",39990.0
2026,20260227063951,Omoda/Jaecoo,"Jaecoo 6 EV Flagship iWD (69,77 kWh)",43990.0
2026,20260227063951,Omoda/Jaecoo,Jaecoo 7 PHEV 1.5T GDI DHT,46990.0
2026,20260227063951,Opel,e-Mokka GS Line (50 kWh),29990.0
2026,20260227063951,Opel,Combo Cargo 1.6 D 92 L2,33490.0
2026,20260227063951,Peugeot,208 Active 1.0 BVM5,17990.0
2026,20260227063951,Peugeot,208 Style 1.0 BVM5,19990.0
2026,20260227063951,Peugeot,208 Allure 1.6 VTi BVM5,24990.0
2026,20260227063951,Peugeot,208 Allure 1.0 Turbo 200 CVT,25990.0
2026,20260227063951,Peugeot,208 GT 1.0 Turbo 200 CVT,28490.0
2026,20260227063951,Peugeot,Hybrid 1.2 145 GT e-DCS6,40990.0
2026,20260227063951,Peugeot,2008 Active 1.0 Turbo 200 CVT,28990.0
2026,20260227063951,Peugeot,2008 Allure 1.0 Turbo 200 CVT,32990.0
2026,20260227063951,Peugeot,2008 GT 1.0 Turbo 200 CVT,33990.0
2026,20260227063951,Peugeot,2008 Hybrid 1.2 145 GT e-DCS6,37990.0
2026,20260227063951,Peugeot,E-2008 GT (62 kWh),45990.0
2026,20260227063951,Peugeot,3008 Hybrid 1.2 145 Allure e-DCS6,44990.0
2026,20260227063951,Peugeot,3008 Hybrid 1.2 145 GT e-DCS6,49990.0
2026,20260227063951,Peugeot,5008 Hybrid 1.2 145 GT e-DCS6,54990.0
2026,20260227063951,Peugeot,Landtrek 2.2 BlueHDi Active 4x2 BVM6,46990.0
2026,20260227063951,Peugeot,Landtrek 2.2 BlueHDi Active 4x4 BVM6,51990.0
2026,20260227063951,Peugeot,Landtrek 2.2 BlueHDi Active 4x4 BVA6,53990.0
2026,20260227063951,Peugeot,Landtrek 2.2 BlueHDi Action 4x4 BVA6,58990.0
2026,20260227063951,Peugeot,Partner M69 Confort 1.6,15990.0
2026,20260227063951,Peugeot,Partner M69 Confort 1.6 HDi,22490.0
2026,20260227063951,Peugeot,Partner 1.6 HDI 92 L2,33490.0
2026,20260227063951,Peugeot,e-Partner L1 (50 kWh),39990.0
2026,20260227063951,Peugeot,E-Expert L3H1 (75 kWh),47990.0
2026,20260227063951,Peugeot,Boxer L1H1 2.2 HDi,35990.0
2026,20260227063951,Peugeot,Boxer L1H1 2.2 HDi (c/reg.-lim. de velocidad+radio+Bluetooth+sensores est.),35890.0
2026,20260227063951,Peugeot,Boxer L2H2 2.2 HDi,37990.0
2026,20260227063951,Peugeot,Boxer L2H2 2.2 HDi (c/reg.-lim. de velocidad+radio+Bluetooth+sensores est.),37990.0
2026,20260227063951,Peugeot,Boxer L4H2 2.2 HDi,42990.0
2026,20260227063951,Peugeot,Boxer L4H2 2.2 HDi (c/reg.-lim. de velocidad+radio+Bluetooth+sensores est.),42990.0
2026,20260227063951,Porsche,Taycan Black Edition (105 kWh),186700.0
2026,20260227063951,Porsche,Taycan 4 Black Edition (105 kWh),195400.0
2026,20260227063951,Porsche,Taycan 4S Black Edition (105 kWh),205700.0
2026,20260227063951,Porsche,Panamera 4 E-Hybrid 2.9 V6 bi-turbo PDK,327500.0
2026,20260227063951,Porsche,E-Hybrid 2.9 V6 bi-turbo PDK,327500.0
2026,20260227063951,Porsche,Panamera GTS 4.0 V8 bi-turbo PDK,431400.0
2026,20260227063951,Porsche,Panamera Turbo E-Hybrid 4.0 V8 bi-turbo PDK,427000.0
2026,20260227063951,Porsche,S E-Hybrid 4.0 V8 bi-turbo PDK,480800.0
2026,20260227063951,Porsche,718 Cayman 2.0 turbo PDK,181900.0
2026,20260227063951,Porsche,718 Cayman Style Edition 2.0 turbo PDK,193400.0
2026,20260227063951,Porsche,718 Cayman S 2.0 turbo PDK,217600.0
2026,20260227063951,Porsche,Cayman GTS 4.0 PDK,254100.0
2026,20260227063951,Porsche,718 Boxster 2.0 turbo PDK,189000.0
2026,20260227063951,Porsche,Boxster Style Edition 2.0 turbo PDK,200600.0
2026,20260227063951,Porsche,Boxster S 2.0 turbo PDK,225000.0
2026,20260227063951,Porsche,Boxster GTS 4.0 PDK,262300.0
2026,20260227063951,Porsche,718 Cayman GT4 RS 4.0 PDK,411300.0
2026,20260227063951,Porsche,718 Spyder RS 4.0 PDK,411300.0
2026,20260227063951,Porsche,911 Carrera Coupé 3.0 bi-turbo PDK,341600.0
2026,20260227063951,Porsche,911 Carrera T Coupé 3.0 bi-turbo M/T,370100.0
2026,20260227063951,Porsche,911 Carrera S Coupé 3.0 bi-turbo PDK,397300.0
2026,20260227063951,Porsche,911 Carrera 4S Coupé 3.0 bi-turbo PDK,416200.0
2026,20260227063951,Porsche,T-Hybrid Coupé 3.6 turbo PDK,431500.0
2026,20260227063951,Porsche,T-Hybrid Coupé 3.6 turbo PDK,450100.0
2026,20260227063951,Porsche,911 Carrera 4S Cabriolet 3.0 bi-turbo PDK,454100.0
2026,20260227063951,Porsche,T-Hybrid Cabriolet 3.6 turbo PDK,481400.0
2026,20260227063951,Porsche,911 Targa 4S 3.0 bi-turbo PDK,458500.0
2026,20260227063951,Porsche,911 Targa GTS T-Hybrid 3.6 turbo PDK,481400.0
2026,20260227063951,Porsche,911 GT3 4.0 M/T,561000.0
2026,20260227063951,Porsche,911 GT3 4.0 PDK,561000.0
2026,20260227063951,Porsche,911 GT3 Pack Touring 4.0 M/T,561000.0
2026,20260227063951,Porsche,911 GT3 Pack Touring 4.0 PDK,561000.0
2026,20260227063951,Porsche,T-Hybrid 3.6 turbo PDK,633400.0
2026,20260227063951,Porsche,T-Hybrid Cabriolet 3.6 turbo PDK,671300.0
2026,20260227063951,Porsche,Macan Electric (100 kWh),111100.0
2026,20260227063951,Porsche,Macan 4 Electric (100 kWh),115300.0
2026,20260227063951,Porsche,Macan 4S Electric (100 kWh),124200.0
2026,20260227063951,Porsche,Macan GTS Electric (100 kWh),138700.0
2026,20260227063951,Porsche,Macan Turbo Electric (100 kWh),150500.0
2026,20260227063951,Porsche,Macan 2.0 turbo PDK,145100.0
2026,20260227063951,Porsche,Macan T 2.0 turbo PDK,155300.0
2026,20260227063951,Porsche,Macan S 2.9 V6 bi-turbo PDK,210000.0
2026,20260227063951,Porsche,Macan GTS 2.9 V6 bi-turbo PDK,237100.0
2026,20260227063951,Porsche,Cayenne Electric (113 kWh),129900.0
2026,20260227063951,Porsche,Cayenne Turbo Electric (113 kWh),187900.0
2026,20260227063951,Porsche,Cayenne 3.0 V6 turbo Tiptronic S,209300.0
2026,20260227063951,Porsche,Cayenne Black Edition 3.0 V6 turbo Tiptronic S,232600.0
2026,20260227063951,Porsche,Cayenne E-Hybrid 3.0 V6 turbo Tiptronic S,247100.0
2026,20260227063951,Porsche,Cayenne E-Hybrid Black Edition 3.0 V6 turbo Tiptronic S,268500.0
2026,20260227063951,Porsche,E-Hybrid 3.0 V6 turbo Tiptronic S,274600.0
2026,20260227063951,Porsche,Cayenne S 4.0 V8 bi-turbo Tiptronic S,282600.0
2026,20260227063951,Porsche,Cayenne S E-Hybrid Black Edition 3.0 V6 turbo Tiptronic S,291100.0
2026,20260227063951,Porsche,Cayenne GTS 4.0 V8 bi-turbo Tiptronic S,328700.0
2026,20260227063951,Porsche,E-Hybrid 4.0 V8 bi-turbo Tiptronic S,394600.0
2026,20260227063951,Porsche,Cayenne Coupé 3.0 V6 turbo Tiptronic S,212700.0
2026,20260227063951,Porsche,Cayenne Coupé Black Edition 3.0 V6 turbo Tiptronic S,237000.0
2026,20260227063951,Porsche,Cayenne E-Hybrid Coupé Black Edition 3.0 V6 turbo Tiptronic S,271200.0
2026,20260227063951,Porsche,Cayenne E-Hybrid Coupé 3.0 V6 turbo Tiptronic S,276900.0
2026,20260227063951,Porsche,Cayenne S Coupé E-Hybrid 3.0 V6 turbo Tiptronic S,277200.0
2026,20260227063951,Porsche,Cayenne S Coupé 4.0 bi-turbo Tiptronic S,289500.0
2026,20260227063951,Porsche,Cayenne S Coupé E-Hybrid Black Edition 3.0 V6 turbo Tiptronic S,294100.0
2026,20260227063951,Porsche,Cayenne GTS Coupé 4.0 V8 bi-turbo Tiptronic S,326800.0
2026,20260227063951,Porsche,Cayenne Turbo E-Hybrid Coupé 4.0 V8 bi-turbo Tiptronic S,397600.0
2026,20260227063951,Porsche,Cayenne Turbo GT Coupé 4.0 V8 bi-turbo Tiptronic S,524300.0
2026,20260227063951,Ram,Rampage R/T 2.0 GME T4 AT9 4x4,58.0
2026,20260227063951,Ram,1500 Big Horn Black Edition 3.6 V6 eTorque A/T 4x4,92500.0
2026,20260227063951,Ram,1500 Laramie 3.0 Hurricane SST SO A/T 4x4,114900.0
2026,20260227063951,Ram,1500 RHO 3.0 Hurricane SST HO A/T 4x4,182900.0
2026,20260227063951,Ram,2500 Laramie 6.4 V8 Crew Cab A/T 4x4,92500.0
2026,20260227063951,Renault,Kwid Glassy 1.0,13990.0
2026,20260227063951,Renault,Kwid Zen 1.0,14600.0
2026,20260227063951,Renault,Kwid Intens 1.0,15600.0
2026,20260227063951,Renault,Kwid Bitono 1.0,16000.0
2026,20260227063951,Renault,Kwid Outsider 1.0,16500.0
2026,20260227063951,Renault,Kardian Evolution 1.0 TCe 120 EDC,25800.0
2026,20260227063951,Renault,Kardian Techno 1.0 TCe 120 EDC,27500.0
2026,20260227063951,Renault,Kardian Iconic 1.0 TCe 120 EDC,30000.0
2026,20260227063951,Renault,Duster Intens Plus 1.6 SCe M/T,25800.0
2026,20260227063951,Renault,Duster Intens Plus 1.6 SCe CVT,26800.0
2026,20260227063951,Renault,Duster Iconic Plus 1.6 SCe CVT,30800.0
2026,20260227063951,Renault,Duster Iconic Plus 1.3 TCe CVT,31200.0
2026,20260227063951,Renault,Oroch Cargo 1.6 SCe M/T 2WD,19800.0
2026,20260227063951,Renault,Oroch Xtreme 1.6 SCe M/T 2WD,20990.0
2026,20260227063951,Renault,Oroch Zen 1.6 SCe M/T 2WD,23000.0
2026,20260227063951,Renault,Oroch Intens Outsider 1.6 SCe M/T 2WD,24600.0
2026,20260227063951,Renault,Oroch Intens 1.3 TCe CVT 2WD,26000.0
2026,20260227063951,Renault,Oroch Intens Outsider 1.3 TCe CVT 2WD,27600.0
2026,20260227063951,Renault,Oroch Intens Outsider 1.3 TCe M/T 4WD,28600.0
2026,20260227063951,Renault,Kangoo Express 1.6 SCe 114 Comfort,22500.0
2026,20260227063951,Renault,Kangoo E-Tech EV45 L2H1 (45 kWh),46000.0
2026,20260227063951,Riddara,RD6 Eco RWD (63 kWh),32000.0
2026,20260227063951,Riddara,RD6 Eco 4WD (73 kWh),36990.0
2026,20260227063951,Riddara,RD6 Luxury 550 RWD (86 kWh),49990.0
2026,20260227063951,Riddara,Horizon Pro 4WD (73 kWh),49990.0
2026,20260227063951,Riddara,Horizon Ultra 4WD (86 kWh),55990.0
2026,20260227063951,Seat,León FR 1.4 TSI Tiptronic,49950.0
2026,20260227063951,Seat,Arona 1.0 TSI Style A/T,28990.0
2026,20260227063951,Seat,#1 Pure RWD (49 kWh),34990.0
2026,20260227063951,Seat,#1 Pro+ RWD (66 kWh),41990.0
2026,20260227063951,Seat,#1 Brabus AWD (66 kWh),60990.0
2026,20260227063951,Seat,#3 Pro RWD (49 kWh),39990.0
2026,20260227063951,Seat,#3 Pro+ RWD (66 kWh),46990.0
2026,20260227063951,Seat,#3 Brabus AWD (66 kWh),63990.0
2026,20260227063951,Soueast,S06 Luxury 1.5T 230T GDI 7DCT,29990.0
2026,20260227063951,Soueast,S06 DM Luxury 1.5TD 1-DHT,36990.0
2026,20260227063951,Soueast,1.5T 230T TCI M/T,29990.0
2026,20260227063951,Soueast,S07 Luxury 1.5T 230T TCI 6DCT,32490.0
2026,20260227063951,Soueast,S09 Luxury 1.6T 290T GDI 7DCT,38990.0
2026,20260227063951,Subaru,WRX Sedán 2.4i High EyeSight M/T AWD (HF),80800.0
2026,20260227063951,Subaru,WRX Sedán 2.4i tS EyeSight M/T AWD (RW),86800.0
2026,20260227063951,Subaru,Sedán 2.4i tS EyeSight CVT AWD (QF),92800.0
2026,20260227063951,Subaru,Wagon 2.4i EyeSight CVT AWD (QF),92800.0
2026,20260227063951,Subaru,Crosstrek 2.0i-L e-Boxer CVT EyeSight (LB),50800.0
2026,20260227063951,Subaru,Crosstrek 2.0i-S e-Boxer CVT EyeSight (JI),53800.0
2026,20260227063951,Subaru,Crosstrek 2.0i-L CVT EyeSight (WI),56000.0
2026,20260227063951,Subaru,Crosstrek 2.0i-S CVT EyeSight (JI),58800.0
2026,20260227063951,Subaru,Outback 2.4R-Touring CVT AWD (US),92800.0
2026,20260227063951,Subaru,Forester 2.5i-S ES e-Boxer SHEV CVT,66800.0
2026,20260227063951,Subaru,Forester 2.5i-S ES CVT,73800.0
2026,20260227063951,Suzuki,Alto 1.0 GL M/T,14490.0
2026,20260227063951,Suzuki,Celerio 1.0 GL M/T,16690.0
2026,20260227063951,Suzuki,Celerio 1.0 GL AMT,18290.0
2026,20260227063951,Suzuki,Hybrid 1.2 GLX M/T,18990.0
2026,20260227063951,Suzuki,Hybrid 1.2 GLX CVT,20990.0
2026,20260227063951,Suzuki,Swift Hybrid 1.2 GLX M/T,22990.0
2026,20260227063951,Suzuki,Swift Hybrid 1.2 GLX CVT,24990.0
2026,20260227063951,Suzuki,Swift Sport 1.4 Boosterjet M/T,30590.0
2026,20260227063951,Suzuki,Swift Sport 1.4 Boosterjet A/T,33590.0
2026,20260227063951,Suzuki,Fronx Hybrid 1.5 Dualjet SHVS GL M/T,24990.0
2026,20260227063951,Suzuki,Fronx Hybrid 1.5 Dualjet SHVS GL A/T,26990.0
2026,20260227063951,Suzuki,Fronx Hybrid 1.5 Dualjet SHVS GLX M/T,27990.0
2026,20260227063951,Suzuki,Fronx Hybrid 1.5 Dualjet SHVS GLX A/T,29990.0
2026,20260227063951,Suzuki,Jimny 3 Puertas 1.5 GL M/T,27990.0
2026,20260227063951,Suzuki,3 Puertas 1.5 GLX A/T,32990.0
2026,20260227063951,Suzuki,Jimny 5 Puertas 1.5 GL M/T,31990.0
2026,20260227063951,Suzuki,Puertas 1.5 GLX A/T,34990.0
2026,20260227063951,Suzuki,Grand Vitara Hybrid 1.5 Dualjet SHVS GL M/T,29990.0
2026,20260227063951,Suzuki,Grand Vitara Hybrid 1.5 Dualjet SHVS GL A/T,32990.0
2026,20260227063951,Suzuki,Grand Vitara Hybrid 1.5 Dualjet SHVS GLX A/T,36990.0
2026,20260227063951,Suzuki,Grand Vitara Hybrid 1.5 Dualjet SHVS GLX A/T ALLGRIP,39990.0
2026,20260227063951,Toyota,Yaris Hatch 1.5 XLS CVT,25990.0
2026,20260227063951,Toyota,Yaris Hatch 1.5 S CVT,27990.0
2026,20260227063951,Toyota,Corolla Hybrid XEi 1.8 e-CVT,35990.0
2026,20260227063951,Toyota,Corolla Hybrid SE-G 1.8 e-CVT,39990.0
2026,20260227063951,Toyota,Corolla XEi 2.0 CVT,40990.0
2026,20260227063951,Toyota,Corolla SE-G 2.0 CVT,44990.0
2026,20260227063951,Toyota,Corolla GR-Sport 2.0 CVT,45990.0
2026,20260227063951,Toyota,GR Yaris 1.6 Turbo GR-Four M/T,72990.0
2026,20260227063951,Toyota,GR Yaris 1.6 Turbo GR-Four A/T,74990.0
2026,20260227063951,Toyota,Yaris Cross Hybrid XEi 1.5 e-CVT,32990.0
2026,20260227063951,Toyota,Yaris Cross Hybrid SE-G 1.5 e-CVT,35990.0
2026,20260227063951,Toyota,Corolla Cross Hybrid XEi 1.8 e-CVT,37990.0
2026,20260227063951,Toyota,Corolla Cross Hybrid SE-G 1.8 e-CVT,41990.0
2026,20260227063951,Toyota,Corolla Cross SE-G 2.0 CVT,48990.0
2026,20260227063951,Toyota,Hilux 2.7 VVT-i SR 4x2,37990.0
2026,20260227063951,Toyota,Hilux 2.7 VVT-i SRV 4x2,41990.0
2026,20260227063951,Toyota,Hilux 2.7 VVT-i SRV 4x4,46990.0
2026,20260227063951,Toyota,Hilux 2.4 D-4D DX 4x2,52490.0
2026,20260227063951,Toyota,Hilux Cabina Simple 2.4 D-4D DX 4x4,56990.0
2026,20260227063951,Toyota,Hilux 2.4 D-4D SR 4x2,57490.0
2026,20260227063951,Toyota,Hilux 2.4 D-4D DX 4x4,58990.0
2026,20260227063951,Toyota,Hilux 2.8 D-4D SRV 4x2,61490.0
2026,20260227063951,Toyota,Hilux 2.4 D-4D SR 4x4,62990.0
2026,20260227063951,Toyota,Hilux 2.4 D-4D SR 4x4 A/T,65990.0
2026,20260227063951,Toyota,Hilux 2.8 D-4D SRV 4x4 M/T,68490.0
2026,20260227063951,Toyota,Hilux 2.8 D-4D SRV 4x4 A/T,71490.0
2026,20260227063951,Toyota,Hilux 2.8 D-4D SRV Plus 4x4 A/T,76490.0
2026,20260227063951,Toyota,Hilux 2.8 D-4D SRX 4x4 A/T TSS,82990.0
2026,20260227063951,Toyota,Hilux 2.8 D-4D GR Sport 4x4 A/T TSS,85990.0
2026,20260227063951,Victory,GHT1025D 1.2 Pick-Up Cabina Simple (con a/a),10390.0
2026,20260227063951,Victory,GHT1025D 1.2 Pick-Up Cabina Simple (Box sin refrigeración),13490.0
2026,20260227063951,Victory,GHT1025D 1.2 Pick-Up Cabina Simple (Box refrigerado),16450.0
2026,20260227063951,Victory,GHT1025S 1.2 Pick-Up Cabina Doble (con a/a),12290.0
2026,20260227063951,Victory,SCH5020XXYD 1.2 Furgón (sin a/a),10990.0
2026,20260227063951,Victory,SCH5020XXYD 1.2 Furgón (con a/a),12790.0
2026,20260227063951,Victory,SCH6430 1.2 Mini Bus (11 pasajeros),16990.0
2026,20260227063951,Volkswagen,Polo Track 1.0 MPI,18990.0
2026,20260227063951,Volkswagen,Polo Track 1.6 MSI,20990.0
2026,20260227063951,Volkswagen,Polo Comfortline 170 TSI 1.0 Automatic,24490.0
2026,20260227063951,Volkswagen,Polo Highline 170 TSI 1.0 Automatic,26990.0
2026,20260227063951,Volkswagen,Virtus Trendline 170 TSI 1.0 Automatic,25690.0
2026,20260227063951,Volkswagen,Virtus Comfortline 170 TSI 1.0 Automatic,28990.0
2026,20260227063951,Volkswagen,Virtus Highline 170 TSI 1.0 Automatic,31990.0
2026,20260227063951,Volkswagen,Virtus Exclusive 250 TSI 1.4 Automatic,35990.0
2026,20260227063951,Volkswagen,Vento Highline 250 TSI 1.4 A/T,47190.0
2026,20260227063951,Volkswagen,Vento GLI 350 TSI 2.0 DSG,54390.0
2026,20260227063951,Volkswagen,T-Cross Trendline 170 TSI 1.0 M/T,28190.0
2026,20260227063951,Volkswagen,T-Cross Trendline 200 TSI 1.0 A/T,29490.0
2026,20260227063951,Volkswagen,T-Cross Comfortline 200 TSI 1.0 A/T,33290.0
2026,20260227063951,Volkswagen,T-Cross Highline 200 TSI 1.0 A/T,36490.0
2026,20260227063951,Volkswagen,T-Cross Extreme 200 TSI 1.0 A/T,37500.0
2026,20260227063951,Volkswagen,Taos Comfortline 250 TSI 1.4 Automatic,39000.0
2026,20260227063951,Volkswagen,Taos Highline 250 TSI 1.4 Automatic,41800.0
2026,20260227063951,Volkswagen,Tiguan Life 250 TSI 1.4 Automatic,45990.0
2026,20260227063951,Volkswagen,Tiguan Life 250 TSI 1.4 Automatic (c/techo solar),48990.0
2026,20260227063951,Volkswagen,Tiguan R-Line 250 TSI 1.4 Automatic,52790.0
2026,20260227063951,Volkswagen,Saveiro Cabina Simple 1.6,17590.0
2026,20260227063951,Volkswagen,1.6,19290.0
2026,20260227063951,Volkswagen,Saveiro Cabina Doble Extreme 1.6,21890.0
2026,20260227063951,Volkswagen,Saveiro Cabina Doble Extreme Plus 1.6,23490.0
2026,20260227063951,Volkswagen,Amarok 2.0 TDI Highline 4x2 M/T,57490.0
2026,20260227063951,Volkswagen,Amarok 2.0 TDI Highline 4x2 A/T,61690.0
2026,20260227063951,Volkswagen,Amarok 3.0 V6 TDI Highline 4x4 A/T,79990.0
2026,20260227063951,Volvo,EX30 Core Single Engine (E40) RWD (51 kWh),39900.0
2026,20260227063951,Volvo,EX30 Plus Single Engine Extended Range (E60) RWD (69 kWh),49900.0
2026,20260227063951,Volvo,EX30 Ultra Single Engine Extended Range (E60) RWD (69 kWh),54900.0
2026,20260227063951,Volvo,XC40 Recharge P6 RWD (69 kWh),59900.0
2026,20260227063951,Volvo,XC40 Recharge P8 AWD (78 kWh),69900.0
2026,20260227063951,Volvo,C40 Recharge P6 RWD (69 kWh),69900.0
2026,20260227063951,Volvo,C40 Recharge Twin Ultimate AWD (78 kWh),74900.0
2026,20260227063951,Volvo,XC60 Recharge Plus T8 AWD 2.0 T A/T,94900.0
2026,20260227063951,Volvo,XC60 Recharge Ultimate T8 AWD 2.0 T A/T,104900.0
2026,20260227063951,Volvo,XC60 Recharge T8 Polestar Engineered AWD 2.0 T A/T,117900.0
2026,20260227063951,Volvo,XC90 Recharge Plus T8 AWD 2.0 T A/T,129900.0
2026,20260227063951,Volvo,XC90 Recharge Ultimate Bright T8 AWD 2.0 T A/T,144900.0
2026,20260227063951,Volvo,XC90 Recharge Ultimate Dark T8 AWD 2.0 T A/T,159900.0
2026,20260227063951,Volvo,EX90 Plus Twin Motor AWD (111 kWh),144900.0
2026,20260227063951,Volvo,EX90 Ultra Twin Motor Performance AWD (111 kWh),164900.0
2026,20260227063951,Xpeng,"G6 Air RWD (68,02 kWh)",43990.0
2026,20260227063951,Xpeng,"G6 Long Range Pro RWD (80,23 kWh)",49990.0
2026,20260227063951,Xpeng,"G6 Performance AWD (80,23 kWh)",54990.0
2026,20260227063951,Xpeng,G9 Performance AWD (98 kWh),71990.0
2026,20260227063951,Zeekr,X Smart RWD (49 kWh),37990.0
2026,20260227063951,Zeekr,"X P remium RWD (69,05 kWh)",46990.0
2026,20260227063951,Zeekr,"X Flagship AWD (69,05 kWh)",51990.0
2026,20260227063951,Zeekr,7X Core RWD (75 kWh),57990.0
2026,20260227063951,Zeekr,7X Privilege AWD (100 kWh),69990.0
2026,20260227063951,Zeekr,001 Flagship AWD (100 kWh),79990.0
